event_id,complaint_id,atm_id,withdrawal_timestamp,time_to_cashout_mins,withdrawal_amount,interception_status
EVT-2026-00001,CMP-2026-00001,ATM-WE-042,2026-06-24 17:15:04,73.3,20000.0,SUCCESSFUL
EVT-2026-00002,CMP-2026-00002,ATM-WE-050,2026-03-26 21:47:59,101.3,10000.0,SUCCESSFUL
EVT-2026-00003,CMP-2026-00003,ATM-EA-032,2026-06-15 20:43:32,41.5,20000.0,SUCCESSFUL
EVT-2026-00004,CMP-2026-00004,ATM-CE-006,2026-05-30 12:55:18,53.7,50000.0,SUCCESSFUL
EVT-2026-00005,CMP-2026-00005,ATM-NO-016,2026-04-09 18:19:03,41.8,10000.0,SUCCESSFUL
EVT-2026-00006,CMP-2026-00006,ATM-CE-005,2026-07-15 20:25:44,15.0,35044.45,SUCCESSFUL
EVT-2026-00007,CMP-2026-00007,ATM-EA-040,2026-03-28 10:54:03,125.7,43825.07,INTERCEPTED
EVT-2026-00008,CMP-2026-00008,ATM-EA-040,2026-07-31 18:22:10,43.9,29664.5,SUCCESSFUL
EVT-2026-00009,CMP-2026-00009,ATM-SO-028,2026-06-05 21:00:55,61.5,40000.0,SUCCESSFUL
EVT-2026-00010,CMP-2026-00011,ATM-NO-020,2026-06-12 12:36:46,51.7,20000.0,SUCCESSFUL
EVT-2026-00011,CMP-2026-00012,ATM-WE-049,2026-07-18 18:46:22,40.5,10000.0,SUCCESSFUL
EVT-2026-00012,CMP-2026-00014,ATM-CE-008,2026-03-30 23:48:28,26.3,6590.62,SUCCESSFUL
EVT-2026-00013,CMP-2026-00015,ATM-CE-006,2026-06-18 10:30:12,79.6,20000.0,SUCCESSFUL
EVT-2026-00014,CMP-2026-00016,ATM-WE-049,2026-05-23 09:41:25,83.4,20000.0,SUCCESSFUL
EVT-2026-00015,CMP-2026-00017,ATM-SO-029,2026-07-30 15:23:48,34.8,10000.0,SUCCESSFUL
EVT-2026-00016,CMP-2026-00018,ATM-WE-045,2026-07-23 21:02:39,37.4,40000.0,SUCCESSFUL
EVT-2026-00017,CMP-2026-00020,ATM-EA-034,2026-06-24 11:58:41,49.4,33616.92,SUCCESSFUL
EVT-2026-00018,CMP-2026-00021,ATM-EA-034,2026-05-17 20:52:41,75.3,20000.0,SUCCESSFUL
EVT-2026-00019,CMP-2026-00022,ATM-CE-005,2026-06-01 00:02:49,117.0,10000.0,INTERCEPTED
EVT-2026-00020,CMP-2026-00023,ATM-NO-018,2026-03-29 17:47:36,64.2,28373.87,SUCCESSFUL
EVT-2026-00021,CMP-2026-00025,ATM-SO-029,2026-08-02 12:33:25,32.7,28958.47,SUCCESSFUL
EVT-2026-00022,CMP-2026-00026,ATM-CE-001,2026-07-17 09:58:18,37.2,20000.0,SUCCESSFUL
EVT-2026-00023,CMP-2026-00027,ATM-CE-005,2026-05-21 19:56:15,129.3,20000.0,SUCCESSFUL
EVT-2026-00024,CMP-2026-00029,ATM-SO-028,2026-05-31 10:45:11,33.0,20000.0,SUCCESSFUL
EVT-2026-00025,CMP-2026-00030,ATM-NO-013,2026-06-06 17:26:27,36.5,10000.0,SUCCESSFUL
EVT-2026-00026,CMP-2026-00031,ATM-SO-029,2026-06-16 22:05:40,34.7,40000.0,SUCCESSFUL
EVT-2026-00027,CMP-2026-00032,ATM-EA-040,2026-08-06 11:02:59,129.1,10000.0,INTERCEPTED
EVT-2026-00028,CMP-2026-00033,ATM-CE-003,2026-06-11 22:51:53,226.8,5185.5,SUCCESSFUL
EVT-2026-00029,CMP-2026-00034,ATM-CE-005,2026-06-04 13:56:54,48.8,20000.0,SUCCESSFUL
EVT-2026-00030,CMP-2026-00035,ATM-NO-015,2026-04-17 09:25:00,89.4,20000.0,SUCCESSFUL
EVT-2026-00031,CMP-2026-00036,ATM-SO-022,2026-08-15 13:28:16,39.5,35447.3,SUCCESSFUL
EVT-2026-00032,CMP-2026-00037,ATM-SO-021,2026-05-11 16:51:46,69.1,45971.88,INTERCEPTED
EVT-2026-00033,CMP-2026-00038,ATM-SO-027,2026-04-10 16:36:01,15.0,20000.0,SUCCESSFUL
EVT-2026-00034,CMP-2026-00039,ATM-SO-022,2026-06-14 22:09:47,69.7,10000.0,INTERCEPTED
EVT-2026-00035,CMP-2026-00040,ATM-NO-011,2026-08-10 20:17:44,22.4,20000.0,SUCCESSFUL
EVT-2026-00036,CMP-2026-00041,ATM-CE-003,2026-04-20 12:08:35,37.4,6844.28,SUCCESSFUL
EVT-2026-00037,CMP-2026-00042,ATM-SO-028,2026-04-14 00:14:55,44.1,10000.0,SUCCESSFUL
EVT-2026-00038,CMP-2026-00043,ATM-NO-018,2026-03-19 01:27:37,120.3,50000.0,SUCCESSFUL
EVT-2026-00039,CMP-2026-00044,ATM-CE-007,2026-03-10 16:29:32,47.9,50000.0,SUCCESSFUL
EVT-2026-00040,CMP-2026-00045,ATM-SO-021,2026-07-10 14:32:35,100.7,20000.0,INTERCEPTED
EVT-2026-00041,CMP-2026-00046,ATM-NO-016,2026-05-20 20:20:36,53.4,20000.0,SUCCESSFUL
EVT-2026-00042,CMP-2026-00047,ATM-EA-032,2026-08-05 15:59:28,115.0,6806.57,INTERCEPTED
EVT-2026-00043,CMP-2026-00049,ATM-WE-047,2026-08-14 09:53:54,59.7,44794.95,SUCCESSFUL
EVT-2026-00044,CMP-2026-00051,ATM-NO-019,2026-03-30 07:49:55,169.5,50000.0,SUCCESSFUL
EVT-2026-00045,CMP-2026-00052,ATM-NO-016,2026-07-04 14:32:40,45.8,18963.87,SUCCESSFUL
EVT-2026-00046,CMP-2026-00054,ATM-WE-047,2026-06-13 11:51:22,77.3,10000.0,INTERCEPTED
EVT-2026-00047,CMP-2026-00055,ATM-WE-047,2026-05-25 17:13:54,15.0,10000.0,SUCCESSFUL
EVT-2026-00048,CMP-2026-00056,ATM-SO-023,2026-08-20 23:03:52,58.0,10000.0,SUCCESSFUL
EVT-2026-00049,CMP-2026-00057,ATM-WE-047,2026-07-01 00:35:15,79.8,20000.0,SUCCESSFUL
EVT-2026-00050,CMP-2026-00058,ATM-NO-012,2026-06-13 17:44:48,42.2,40000.0,SUCCESSFUL
EVT-2026-00051,CMP-2026-00059,ATM-CE-003,2026-08-16 11:17:21,63.7,18790.19,SUCCESSFUL
EVT-2026-00052,CMP-2026-00060,ATM-NO-019,2026-03-24 05:33:15,51.9,10000.0,SUCCESSFUL
EVT-2026-00053,CMP-2026-00062,ATM-CE-002,2026-03-14 16:49:33,36.0,40000.0,SUCCESSFUL
EVT-2026-00054,CMP-2026-00063,ATM-EA-037,2026-08-06 23:23:27,27.2,20000.0,SUCCESSFUL
EVT-2026-00055,CMP-2026-00064,ATM-WE-047,2026-05-18 16:20:17,45.5,10000.0,SUCCESSFUL
EVT-2026-00056,CMP-2026-00066,ATM-SO-030,2026-03-20 01:07:50,71.7,10000.0,SUCCESSFUL
EVT-2026-00057,CMP-2026-00067,ATM-WE-047,2026-03-28 12:38:29,19.9,11480.31,SUCCESSFUL
EVT-2026-00058,CMP-2026-00068,ATM-WE-047,2026-04-06 21:42:02,61.1,50000.0,SUCCESSFUL
EVT-2026-00059,CMP-2026-00069,ATM-NO-012,2026-04-15 21:00:31,301.6,32957.41,SUCCESSFUL
EVT-2026-00060,CMP-2026-00070,ATM-CE-006,2026-03-08 12:54:03,32.2,40000.0,SUCCESSFUL
EVT-2026-00061,CMP-2026-00071,ATM-CE-008,2026-03-30 10:55:55,27.3,10000.0,SUCCESSFUL
EVT-2026-00062,CMP-2026-00073,ATM-SO-027,2026-06-07 23:39:23,46.0,20000.0,SUCCESSFUL
EVT-2026-00063,CMP-2026-00074,ATM-CE-001,2026-05-17 15:30:51,28.5,10000.0,SUCCESSFUL
EVT-2026-00064,CMP-2026-00075,ATM-CE-003,2026-08-09 17:54:43,41.0,10000.0,SUCCESSFUL
EVT-2026-00065,CMP-2026-00078,ATM-SO-029,2026-04-12 23:53:09,42.3,23912.37,SUCCESSFUL
EVT-2026-00066,CMP-2026-00079,ATM-SO-029,2026-03-05 13:33:25,45.4,50000.0,SUCCESSFUL
EVT-2026-00067,CMP-2026-00080,ATM-WE-043,2026-07-23 15:44:52,49.1,40000.0,SUCCESSFUL
EVT-2026-00068,CMP-2026-00081,ATM-EA-034,2026-03-29 07:58:31,74.4,10000.0,SUCCESSFUL
EVT-2026-00069,CMP-2026-00082,ATM-SO-023,2026-08-02 22:52:17,158.1,8587.84,SUCCESSFUL
EVT-2026-00070,CMP-2026-00083,ATM-WE-045,2026-07-26 20:21:28,26.2,20000.0,SUCCESSFUL
EVT-2026-00071,CMP-2026-00084,ATM-NO-015,2026-05-11 12:51:17,33.4,24873.34,SUCCESSFUL
EVT-2026-00072,CMP-2026-00085,ATM-SO-030,2026-05-03 14:54:15,21.8,37747.29,SUCCESSFUL
EVT-2026-00073,CMP-2026-00087,ATM-NO-015,2026-04-02 12:50:44,214.7,28928.4,SUCCESSFUL
EVT-2026-00074,CMP-2026-00089,ATM-CE-003,2026-03-21 22:34:15,36.7,10000.0,SUCCESSFUL
EVT-2026-00075,CMP-2026-00091,ATM-CE-009,2026-06-05 19:23:09,36.4,7179.04,SUCCESSFUL
EVT-2026-00076,CMP-2026-00093,ATM-NO-013,2026-06-21 12:30:15,47.4,40000.0,SUCCESSFUL
EVT-2026-00077,CMP-2026-00094,ATM-WE-048,2026-05-31 18:50:19,127.9,6737.24,SUCCESSFUL
EVT-2026-00078,CMP-2026-00095,ATM-CE-005,2026-04-04 18:54:14,71.8,20000.0,SUCCESSFUL
EVT-2026-00079,CMP-2026-00096,ATM-EA-035,2026-04-24 15:12:01,36.1,37630.33,SUCCESSFUL
EVT-2026-00080,CMP-2026-00097,ATM-WE-047,2026-04-07 13:37:47,47.2,36348.31,SUCCESSFUL
EVT-2026-00081,CMP-2026-00098,ATM-EA-036,2026-05-19 16:22:34,189.0,20000.0,SUCCESSFUL
EVT-2026-00082,CMP-2026-00099,ATM-WE-050,2026-04-21 17:43:37,61.0,10000.0,SUCCESSFUL
EVT-2026-00083,CMP-2026-00100,ATM-EA-040,2026-07-26 12:32:03,43.8,20000.0,SUCCESSFUL
EVT-2026-00084,CMP-2026-00101,ATM-EA-034,2026-07-24 12:17:19,68.3,11334.19,SUCCESSFUL
EVT-2026-00085,CMP-2026-00102,ATM-SO-023,2026-06-19 12:07:14,18.2,20000.0,SUCCESSFUL
EVT-2026-00086,CMP-2026-00103,ATM-EA-040,2026-07-08 13:45:16,20.8,20000.0,SUCCESSFUL
EVT-2026-00087,CMP-2026-00104,ATM-EA-031,2026-06-27 11:40:31,39.6,10000.0,SUCCESSFUL
EVT-2026-00088,CMP-2026-00105,ATM-NO-015,2026-07-19 21:12:18,118.1,6880.33,INTERCEPTED
EVT-2026-00089,CMP-2026-00106,ATM-WE-048,2026-04-14 14:04:53,70.8,50000.0,SUCCESSFUL
EVT-2026-00090,CMP-2026-00107,ATM-EA-038,2026-06-29 18:24:32,48.9,23845.94,SUCCESSFUL
EVT-2026-00091,CMP-2026-00109,ATM-WE-045,2026-06-07 16:23:12,26.0,11221.04,SUCCESSFUL
EVT-2026-00092,CMP-2026-00111,ATM-NO-019,2026-04-19 22:38:15,48.7,20000.0,SUCCESSFUL
EVT-2026-00093,CMP-2026-00112,ATM-WE-042,2026-04-19 15:43:47,99.0,5316.73,SUCCESSFUL
EVT-2026-00094,CMP-2026-00113,ATM-NO-020,2026-08-08 21:21:00,75.9,29443.07,SUCCESSFUL
EVT-2026-00095,CMP-2026-00114,ATM-CE-002,2026-07-06 07:55:55,51.5,50000.0,SUCCESSFUL
EVT-2026-00096,CMP-2026-00115,ATM-NO-017,2026-05-14 16:36:05,22.2,10000.0,SUCCESSFUL
EVT-2026-00097,CMP-2026-00116,ATM-WE-041,2026-08-02 18:23:03,34.5,10000.0,SUCCESSFUL
EVT-2026-00098,CMP-2026-00117,ATM-NO-018,2026-08-17 14:54:00,34.2,14979.11,SUCCESSFUL
EVT-2026-00099,CMP-2026-00118,ATM-NO-016,2026-06-05 18:18:43,31.2,20000.0,SUCCESSFUL
EVT-2026-00100,CMP-2026-00119,ATM-NO-019,2026-05-27 23:02:24,45.0,46000.92,SUCCESSFUL
EVT-2026-00101,CMP-2026-00120,ATM-CE-006,2026-04-30 18:47:21,63.5,20000.0,SUCCESSFUL
EVT-2026-00102,CMP-2026-00122,ATM-EA-031,2026-06-05 10:01:20,62.9,10000.0,INTERCEPTED
EVT-2026-00103,CMP-2026-00123,ATM-CE-004,2026-05-17 17:25:05,89.6,40000.0,SUCCESSFUL
EVT-2026-00104,CMP-2026-00124,ATM-SO-023,2026-04-08 15:23:45,63.4,8846.24,SUCCESSFUL
EVT-2026-00105,CMP-2026-00126,ATM-EA-040,2026-05-24 21:02:34,15.0,40000.0,SUCCESSFUL
EVT-2026-00106,CMP-2026-00128,ATM-EA-032,2026-03-08 20:39:29,38.2,9901.84,SUCCESSFUL
EVT-2026-00107,CMP-2026-00129,ATM-SO-025,2026-06-20 06:39:43,24.6,10000.0,SUCCESSFUL
EVT-2026-00108,CMP-2026-00130,ATM-NO-016,2026-06-10 20:55:46,42.3,40000.0,SUCCESSFUL
EVT-2026-00109,CMP-2026-00131,ATM-NO-020,2026-03-31 13:32:50,54.1,20000.0,SUCCESSFUL
EVT-2026-00110,CMP-2026-00132,ATM-CE-003,2026-08-21 18:49:29,42.9,40000.0,SUCCESSFUL
EVT-2026-00111,CMP-2026-00133,ATM-EA-031,2026-06-12 08:39:58,41.6,20000.0,SUCCESSFUL
EVT-2026-00112,CMP-2026-00134,ATM-SO-023,2026-03-14 12:27:48,42.9,10000.0,SUCCESSFUL
EVT-2026-00113,CMP-2026-00135,ATM-SO-023,2026-07-04 18:15:41,55.8,10000.0,SUCCESSFUL
EVT-2026-00114,CMP-2026-00136,ATM-CE-008,2026-07-22 22:32:33,55.7,17589.2,SUCCESSFUL
EVT-2026-00115,CMP-2026-00137,ATM-CE-003,2026-03-13 15:09:35,28.2,50000.0,SUCCESSFUL
EVT-2026-00116,CMP-2026-00139,ATM-EA-032,2026-06-23 14:25:59,92.5,15937.1,INTERCEPTED
EVT-2026-00117,CMP-2026-00140,ATM-EA-036,2026-06-02 15:47:49,66.5,50000.0,SUCCESSFUL
EVT-2026-00118,CMP-2026-00141,ATM-NO-019,2026-07-27 15:28:21,51.1,20000.0,SUCCESSFUL
EVT-2026-00119,CMP-2026-00143,ATM-WE-048,2026-04-13 17:44:36,15.0,50000.0,SUCCESSFUL
EVT-2026-00120,CMP-2026-00144,ATM-SO-023,2026-04-30 18:08:10,156.3,50000.0,INTERCEPTED
EVT-2026-00121,CMP-2026-00146,ATM-WE-047,2026-07-05 15:08:46,51.2,20000.0,SUCCESSFUL
EVT-2026-00122,CMP-2026-00147,ATM-CE-008,2026-03-16 18:01:26,15.0,12045.27,SUCCESSFUL
EVT-2026-00123,CMP-2026-00148,ATM-NO-020,2026-07-03 13:15:41,33.9,10000.0,SUCCESSFUL
EVT-2026-00124,CMP-2026-00149,ATM-EA-035,2026-03-17 17:01:36,47.2,30329.67,SUCCESSFUL
EVT-2026-00125,CMP-2026-00150,ATM-SO-023,2026-06-28 17:00:29,37.0,10936.9,SUCCESSFUL
EVT-2026-00126,CMP-2026-00151,ATM-CE-009,2026-05-16 08:59:03,71.5,45888.31,SUCCESSFUL
EVT-2026-00127,CMP-2026-00152,ATM-NO-019,2026-04-15 16:06:20,178.6,10000.0,SUCCESSFUL
EVT-2026-00128,CMP-2026-00153,ATM-CE-001,2026-08-19 12:19:15,35.1,34599.13,SUCCESSFUL
EVT-2026-00129,CMP-2026-00154,ATM-SO-022,2026-04-19 19:08:27,30.7,17890.83,SUCCESSFUL
EVT-2026-00130,CMP-2026-00155,ATM-WE-047,2026-08-24 17:58:24,245.2,40000.0,INTERCEPTED
EVT-2026-00131,CMP-2026-00156,ATM-WE-049,2026-03-03 23:30:32,56.4,10000.0,SUCCESSFUL
EVT-2026-00132,CMP-2026-00157,ATM-WE-050,2026-06-08 21:54:24,70.3,29790.14,SUCCESSFUL
EVT-2026-00133,CMP-2026-00158,ATM-EA-034,2026-03-19 16:56:37,116.0,50000.0,SUCCESSFUL
EVT-2026-00134,CMP-2026-00160,ATM-WE-049,2026-05-25 17:23:55,91.9,10000.0,SUCCESSFUL
EVT-2026-00135,CMP-2026-00161,ATM-CE-002,2026-07-02 20:34:49,85.7,40000.0,SUCCESSFUL
EVT-2026-00136,CMP-2026-00162,ATM-EA-038,2026-03-16 17:42:08,87.0,41132.53,SUCCESSFUL
EVT-2026-00137,CMP-2026-00163,ATM-SO-022,2026-07-21 14:29:49,15.0,50000.0,SUCCESSFUL
EVT-2026-00138,CMP-2026-00164,ATM-NO-014,2026-08-11 18:47:48,27.9,50000.0,SUCCESSFUL
EVT-2026-00139,CMP-2026-00165,ATM-CE-006,2026-04-24 19:04:19,25.3,10000.0,SUCCESSFUL
EVT-2026-00140,CMP-2026-00166,ATM-SO-026,2026-08-18 16:00:31,106.9,10000.0,INTERCEPTED
EVT-2026-00141,CMP-2026-00167,ATM-WE-042,2026-04-01 17:39:20,215.2,33261.96,SUCCESSFUL
EVT-2026-00142,CMP-2026-00168,ATM-SO-022,2026-05-24 13:50:13,48.0,40000.0,SUCCESSFUL
EVT-2026-00143,CMP-2026-00169,ATM-EA-031,2026-07-05 13:07:06,38.0,33566.22,SUCCESSFUL
EVT-2026-00144,CMP-2026-00170,ATM-CE-007,2026-07-20 20:56:26,195.8,20000.0,SUCCESSFUL
EVT-2026-00145,CMP-2026-00172,ATM-NO-018,2026-07-27 16:25:06,21.1,40000.0,SUCCESSFUL
EVT-2026-00146,CMP-2026-00174,ATM-SO-025,2026-05-19 13:10:31,40.8,36171.7,SUCCESSFUL
EVT-2026-00147,CMP-2026-00175,ATM-SO-023,2026-08-17 15:27:53,55.3,10000.0,SUCCESSFUL
EVT-2026-00148,CMP-2026-00176,ATM-WE-048,2026-06-16 15:21:48,85.4,40000.0,INTERCEPTED
EVT-2026-00149,CMP-2026-00178,ATM-NO-013,2026-06-14 16:17:30,75.7,40000.0,SUCCESSFUL
EVT-2026-00150,CMP-2026-00179,ATM-SO-028,2026-06-12 14:31:08,42.3,39151.07,SUCCESSFUL
EVT-2026-00151,CMP-2026-00180,ATM-SO-027,2026-08-12 21:13:19,61.7,50000.0,SUCCESSFUL
EVT-2026-00152,CMP-2026-00181,ATM-CE-005,2026-05-24 15:54:21,28.0,10000.0,SUCCESSFUL
EVT-2026-00153,CMP-2026-00182,ATM-SO-021,2026-08-02 16:54:18,32.9,10007.54,SUCCESSFUL
EVT-2026-00154,CMP-2026-00183,ATM-NO-012,2026-06-28 10:58:25,32.6,10000.0,SUCCESSFUL
EVT-2026-00155,CMP-2026-00184,ATM-CE-002,2026-05-21 18:56:32,36.3,50000.0,SUCCESSFUL
EVT-2026-00156,CMP-2026-00185,ATM-EA-032,2026-08-03 14:44:19,52.3,50000.0,SUCCESSFUL
EVT-2026-00157,CMP-2026-00186,ATM-CE-003,2026-05-14 20:55:20,42.8,50000.0,SUCCESSFUL
EVT-2026-00158,CMP-2026-00187,ATM-CE-002,2026-06-21 22:44:58,116.9,20000.0,SUCCESSFUL
EVT-2026-00159,CMP-2026-00188,ATM-CE-005,2026-05-18 14:33:47,49.3,20000.0,SUCCESSFUL
EVT-2026-00160,CMP-2026-00189,ATM-CE-002,2026-07-06 05:18:52,59.3,50000.0,SUCCESSFUL
EVT-2026-00161,CMP-2026-00190,ATM-CE-003,2026-03-17 04:25:48,31.8,10000.0,SUCCESSFUL
EVT-2026-00162,CMP-2026-00192,ATM-SO-029,2026-04-22 20:24:06,98.8,31263.98,SUCCESSFUL
EVT-2026-00163,CMP-2026-00193,ATM-EA-032,2026-04-13 14:33:00,57.9,20000.0,SUCCESSFUL
EVT-2026-00164,CMP-2026-00194,ATM-SO-029,2026-04-19 14:29:21,98.5,11296.82,SUCCESSFUL
EVT-2026-00165,CMP-2026-00195,ATM-CE-002,2026-04-20 08:32:21,72.5,27697.14,SUCCESSFUL
EVT-2026-00166,CMP-2026-00196,ATM-CE-006,2026-05-20 17:27:23,57.0,50000.0,SUCCESSFUL
EVT-2026-00167,CMP-2026-00197,ATM-SO-023,2026-04-27 08:09:20,56.6,50000.0,INTERCEPTED
EVT-2026-00168,CMP-2026-00198,ATM-NO-016,2026-07-18 17:08:05,65.8,28646.21,SUCCESSFUL
EVT-2026-00169,CMP-2026-00200,ATM-EA-032,2026-05-29 17:23:27,21.3,33250.27,SUCCESSFUL
EVT-2026-00170,CMP-2026-00201,ATM-WE-047,2026-08-04 17:52:58,57.1,50000.0,SUCCESSFUL
EVT-2026-00171,CMP-2026-00203,ATM-WE-041,2026-08-22 13:39:35,35.1,40000.0,SUCCESSFUL
EVT-2026-00172,CMP-2026-00204,ATM-CE-008,2026-04-30 17:10:55,26.5,34117.72,SUCCESSFUL
EVT-2026-00173,CMP-2026-00205,ATM-EA-031,2026-08-01 18:53:01,58.5,40000.0,SUCCESSFUL
EVT-2026-00174,CMP-2026-00206,ATM-EA-038,2026-08-07 23:18:23,166.5,10000.0,INTERCEPTED
EVT-2026-00175,CMP-2026-00207,ATM-SO-029,2026-07-02 09:59:28,41.2,23156.76,SUCCESSFUL
EVT-2026-00176,CMP-2026-00208,ATM-EA-040,2026-08-24 23:42:27,53.8,10000.0,SUCCESSFUL
EVT-2026-00177,CMP-2026-00209,ATM-SO-023,2026-07-03 16:25:00,28.0,10000.0,SUCCESSFUL
EVT-2026-00178,CMP-2026-00210,ATM-NO-018,2026-04-22 21:57:39,34.2,50000.0,SUCCESSFUL
EVT-2026-00179,CMP-2026-00211,ATM-SO-027,2026-06-10 15:44:41,54.5,7081.5,SUCCESSFUL
EVT-2026-00180,CMP-2026-00212,ATM-WE-041,2026-06-18 20:05:31,100.9,6069.23,SUCCESSFUL
EVT-2026-00181,CMP-2026-00213,ATM-CE-003,2026-08-12 20:07:55,58.7,21145.22,SUCCESSFUL
EVT-2026-00182,CMP-2026-00215,ATM-WE-049,2026-05-23 15:21:10,62.5,10000.0,SUCCESSFUL
EVT-2026-00183,CMP-2026-00216,ATM-SO-028,2026-05-02 15:28:38,51.3,50000.0,SUCCESSFUL
EVT-2026-00184,CMP-2026-00218,ATM-EA-031,2026-08-01 16:30:24,264.2,40000.0,SUCCESSFUL
EVT-2026-00185,CMP-2026-00220,ATM-CE-005,2026-06-27 06:48:34,31.6,10000.0,SUCCESSFUL
EVT-2026-00186,CMP-2026-00222,ATM-EA-034,2026-08-10 17:03:43,73.9,40000.0,INTERCEPTED
EVT-2026-00187,CMP-2026-00223,ATM-WE-047,2026-04-04 17:15:39,58.9,20000.0,SUCCESSFUL
EVT-2026-00188,CMP-2026-00224,ATM-SO-023,2026-08-10 16:18:04,37.0,50000.0,SUCCESSFUL
EVT-2026-00189,CMP-2026-00225,ATM-WE-048,2026-03-07 15:25:59,62.2,40000.0,SUCCESSFUL
EVT-2026-00190,CMP-2026-00226,ATM-WE-041,2026-04-28 17:00:10,34.0,40000.0,SUCCESSFUL
EVT-2026-00191,CMP-2026-00229,ATM-SO-029,2026-04-23 14:30:11,34.8,50000.0,SUCCESSFUL
EVT-2026-00192,CMP-2026-00232,ATM-SO-023,2026-08-22 11:03:09,71.6,36245.09,INTERCEPTED
EVT-2026-00193,CMP-2026-00233,ATM-CE-001,2026-06-05 08:15:59,46.6,40000.0,SUCCESSFUL
EVT-2026-00194,CMP-2026-00235,ATM-SO-030,2026-03-20 18:35:16,20.8,40000.0,SUCCESSFUL
EVT-2026-00195,CMP-2026-00236,ATM-EA-031,2026-08-12 13:49:39,35.0,38308.85,SUCCESSFUL
EVT-2026-00196,CMP-2026-00237,ATM-NO-017,2026-08-11 12:59:34,39.9,20000.0,SUCCESSFUL
EVT-2026-00197,CMP-2026-00239,ATM-NO-017,2026-03-21 15:08:32,112.6,11892.4,SUCCESSFUL
EVT-2026-00198,CMP-2026-00240,ATM-EA-038,2026-05-21 09:19:41,36.9,11163.34,SUCCESSFUL
EVT-2026-00199,CMP-2026-00242,ATM-CE-008,2026-06-26 15:22:52,29.4,36491.35,SUCCESSFUL
EVT-2026-00200,CMP-2026-00243,ATM-EA-032,2026-03-06 18:05:50,42.6,20000.0,SUCCESSFUL
EVT-2026-00201,CMP-2026-00244,ATM-CE-008,2026-08-01 18:59:29,52.8,6571.9,SUCCESSFUL
EVT-2026-00202,CMP-2026-00246,ATM-CE-001,2026-08-18 19:17:16,24.8,20000.0,SUCCESSFUL
EVT-2026-00203,CMP-2026-00247,ATM-WE-043,2026-06-24 23:47:04,69.1,28512.6,INTERCEPTED
EVT-2026-00204,CMP-2026-00248,ATM-SO-028,2026-03-23 14:14:15,38.0,20000.0,SUCCESSFUL
EVT-2026-00205,CMP-2026-00249,ATM-EA-036,2026-06-14 09:42:37,49.7,20000.0,SUCCESSFUL
EVT-2026-00206,CMP-2026-00251,ATM-CE-001,2026-08-25 06:00:23,26.1,10000.0,SUCCESSFUL
EVT-2026-00207,CMP-2026-00252,ATM-CE-006,2026-06-27 18:28:51,27.7,20000.0,SUCCESSFUL
EVT-2026-00208,CMP-2026-00253,ATM-WE-048,2026-06-14 13:24:07,22.9,20000.0,SUCCESSFUL
EVT-2026-00209,CMP-2026-00254,ATM-CE-001,2026-07-12 16:43:36,70.5,50000.0,SUCCESSFUL
EVT-2026-00210,CMP-2026-00255,ATM-SO-021,2026-05-05 18:48:21,131.3,14464.91,SUCCESSFUL
EVT-2026-00211,CMP-2026-00258,ATM-NO-018,2026-03-11 19:45:18,74.4,10000.0,SUCCESSFUL
EVT-2026-00212,CMP-2026-00259,ATM-SO-030,2026-05-28 12:57:56,119.5,10000.0,SUCCESSFUL
EVT-2026-00213,CMP-2026-00260,ATM-SO-030,2026-03-27 17:20:03,71.8,37086.1,SUCCESSFUL
EVT-2026-00214,CMP-2026-00261,ATM-EA-034,2026-06-16 10:02:50,104.4,50000.0,INTERCEPTED
EVT-2026-00215,CMP-2026-00262,ATM-CE-008,2026-07-05 15:24:48,30.1,20000.0,SUCCESSFUL
EVT-2026-00216,CMP-2026-00263,ATM-EA-037,2026-05-17 16:29:23,93.2,50000.0,SUCCESSFUL
EVT-2026-00217,CMP-2026-00264,ATM-NO-012,2026-07-10 17:32:46,72.3,5401.82,SUCCESSFUL
EVT-2026-00218,CMP-2026-00266,ATM-SO-026,2026-03-13 16:42:03,49.0,10000.0,SUCCESSFUL
EVT-2026-00219,CMP-2026-00267,ATM-CE-009,2026-05-07 23:48:07,159.5,37493.26,SUCCESSFUL
EVT-2026-00220,CMP-2026-00269,ATM-EA-038,2026-05-16 18:11:39,72.9,40000.0,SUCCESSFUL
EVT-2026-00221,CMP-2026-00270,ATM-SO-027,2026-05-03 19:17:02,40.5,45667.45,SUCCESSFUL
EVT-2026-00222,CMP-2026-00272,ATM-EA-031,2026-05-06 18:26:49,38.5,16221.36,SUCCESSFUL
EVT-2026-00223,CMP-2026-00273,ATM-WE-047,2026-07-31 15:41:36,51.7,10000.0,SUCCESSFUL
EVT-2026-00224,CMP-2026-00274,ATM-SO-022,2026-06-27 05:21:30,37.2,40000.0,SUCCESSFUL
EVT-2026-00225,CMP-2026-00275,ATM-SO-025,2026-07-05 15:40:00,20.0,10000.0,SUCCESSFUL
EVT-2026-00226,CMP-2026-00276,ATM-EA-037,2026-04-02 18:24:36,15.0,10000.0,SUCCESSFUL
EVT-2026-00227,CMP-2026-00277,ATM-SO-026,2026-03-26 11:00:25,80.4,20000.0,SUCCESSFUL
EVT-2026-00228,CMP-2026-00278,ATM-WE-048,2026-05-21 11:06:42,56.3,40000.0,SUCCESSFUL
EVT-2026-00229,CMP-2026-00279,ATM-WE-041,2026-07-18 22:22:05,45.5,10000.0,SUCCESSFUL
EVT-2026-00230,CMP-2026-00280,ATM-NO-016,2026-03-29 19:21:32,92.9,10000.0,SUCCESSFUL
EVT-2026-00231,CMP-2026-00281,ATM-CE-001,2026-06-28 14:18:29,106.9,40000.0,INTERCEPTED
EVT-2026-00232,CMP-2026-00282,ATM-WE-044,2026-06-01 07:17:46,55.3,50000.0,SUCCESSFUL
EVT-2026-00233,CMP-2026-00283,ATM-SO-022,2026-06-03 14:03:49,44.8,10000.0,SUCCESSFUL
EVT-2026-00234,CMP-2026-00284,ATM-NO-018,2026-03-02 22:51:42,32.5,19515.75,SUCCESSFUL
EVT-2026-00235,CMP-2026-00285,ATM-NO-019,2026-04-22 17:08:21,61.4,11346.71,SUCCESSFUL
EVT-2026-00236,CMP-2026-00286,ATM-SO-027,2026-04-01 14:57:32,93.0,40000.0,INTERCEPTED
EVT-2026-00237,CMP-2026-00287,ATM-SO-029,2026-08-03 21:50:00,47.6,10000.0,SUCCESSFUL
EVT-2026-00238,CMP-2026-00288,ATM-SO-027,2026-08-03 14:09:55,33.5,50000.0,SUCCESSFUL
EVT-2026-00239,CMP-2026-00292,ATM-CE-004,2026-04-13 15:49:47,72.4,50000.0,SUCCESSFUL
EVT-2026-00240,CMP-2026-00293,ATM-NO-020,2026-08-04 19:09:38,22.3,20000.0,SUCCESSFUL
EVT-2026-00241,CMP-2026-00294,ATM-WE-045,2026-03-14 11:15:13,35.1,20000.0,SUCCESSFUL
EVT-2026-00242,CMP-2026-00295,ATM-SO-026,2026-08-11 10:16:16,53.9,19901.85,SUCCESSFUL
EVT-2026-00243,CMP-2026-00296,ATM-CE-001,2026-04-12 12:18:18,129.0,20000.0,SUCCESSFUL
EVT-2026-00244,CMP-2026-00297,ATM-EA-033,2026-06-26 17:58:14,46.4,41560.95,SUCCESSFUL
EVT-2026-00245,CMP-2026-00298,ATM-SO-028,2026-07-14 19:45:30,56.9,40000.0,SUCCESSFUL
EVT-2026-00246,CMP-2026-00299,ATM-WE-041,2026-08-03 17:22:31,42.2,10000.0,SUCCESSFUL
EVT-2026-00247,CMP-2026-00300,ATM-CE-002,2026-05-24 13:30:30,110.2,10000.0,SUCCESSFUL
EVT-2026-00248,CMP-2026-00301,ATM-SO-022,2026-03-14 12:28:52,179.4,40000.0,SUCCESSFUL
EVT-2026-00249,CMP-2026-00302,ATM-WE-049,2026-03-14 16:17:01,81.1,19518.53,SUCCESSFUL
EVT-2026-00250,CMP-2026-00303,ATM-EA-040,2026-05-23 13:33:36,57.8,10000.0,SUCCESSFUL
EVT-2026-00251,CMP-2026-00304,ATM-NO-011,2026-07-24 18:21:16,40.1,7934.14,SUCCESSFUL
EVT-2026-00252,CMP-2026-00305,ATM-CE-006,2026-05-30 20:42:36,219.1,40000.0,SUCCESSFUL
EVT-2026-00253,CMP-2026-00306,ATM-SO-027,2026-03-16 14:25:17,44.1,50000.0,SUCCESSFUL
EVT-2026-00254,CMP-2026-00307,ATM-NO-016,2026-08-26 18:32:00,58.5,23757.73,SUCCESSFUL
EVT-2026-00255,CMP-2026-00308,ATM-EA-040,2026-05-07 14:00:53,42.5,40000.0,SUCCESSFUL
EVT-2026-00256,CMP-2026-00309,ATM-WE-048,2026-07-01 20:45:45,161.9,40000.0,INTERCEPTED
EVT-2026-00257,CMP-2026-00310,ATM-WE-043,2026-03-18 21:16:45,33.4,20000.0,SUCCESSFUL
EVT-2026-00258,CMP-2026-00311,ATM-NO-020,2026-04-30 12:03:34,25.9,40000.0,SUCCESSFUL
EVT-2026-00259,CMP-2026-00312,ATM-EA-036,2026-04-25 14:12:35,30.9,17083.87,SUCCESSFUL
EVT-2026-00260,CMP-2026-00313,ATM-SO-023,2026-06-16 16:46:52,41.6,40000.0,SUCCESSFUL
EVT-2026-00261,CMP-2026-00315,ATM-WE-050,2026-07-11 10:32:48,48.8,36585.82,SUCCESSFUL
EVT-2026-00262,CMP-2026-00317,ATM-WE-047,2026-05-01 17:45:45,56.2,14929.3,SUCCESSFUL
EVT-2026-00263,CMP-2026-00318,ATM-NO-015,2026-03-28 14:12:50,53.9,10000.0,SUCCESSFUL
EVT-2026-00264,CMP-2026-00319,ATM-EA-040,2026-06-28 22:12:01,75.2,50000.0,INTERCEPTED
EVT-2026-00265,CMP-2026-00320,ATM-WE-049,2026-04-02 14:09:54,25.1,20000.0,SUCCESSFUL
EVT-2026-00266,CMP-2026-00321,ATM-CE-005,2026-07-08 11:45:38,43.2,20000.0,SUCCESSFUL
EVT-2026-00267,CMP-2026-00322,ATM-WE-048,2026-06-18 19:16:38,27.9,20000.0,SUCCESSFUL
EVT-2026-00268,CMP-2026-00323,ATM-WE-047,2026-06-05 19:14:24,114.6,20000.0,SUCCESSFUL
EVT-2026-00269,CMP-2026-00324,ATM-EA-032,2026-08-18 10:39:16,70.8,30758.16,SUCCESSFUL
EVT-2026-00270,CMP-2026-00325,ATM-SO-027,2026-05-15 18:32:52,22.0,20000.0,SUCCESSFUL
EVT-2026-00271,CMP-2026-00326,ATM-NO-013,2026-08-05 21:33:48,30.1,40000.0,SUCCESSFUL
EVT-2026-00272,CMP-2026-00328,ATM-WE-041,2026-08-01 16:25:39,67.6,40000.0,SUCCESSFUL
EVT-2026-00273,CMP-2026-00330,ATM-EA-032,2026-03-17 17:25:37,27.4,20848.48,SUCCESSFUL
EVT-2026-00274,CMP-2026-00331,ATM-EA-040,2026-08-15 07:38:36,72.6,11628.77,SUCCESSFUL
EVT-2026-00275,CMP-2026-00332,ATM-NO-019,2026-04-12 18:10:13,64.8,36134.86,SUCCESSFUL
EVT-2026-00276,CMP-2026-00333,ATM-SO-029,2026-08-15 12:09:25,15.7,20000.0,SUCCESSFUL
EVT-2026-00277,CMP-2026-00335,ATM-SO-024,2026-07-04 20:20:01,71.2,50000.0,SUCCESSFUL
EVT-2026-00278,CMP-2026-00336,ATM-CE-006,2026-08-11 16:10:44,69.5,20000.0,SUCCESSFUL
EVT-2026-00279,CMP-2026-00337,ATM-EA-040,2026-06-07 17:12:05,25.5,10000.0,SUCCESSFUL
EVT-2026-00280,CMP-2026-00338,ATM-CE-003,2026-07-18 11:44:43,29.4,20000.0,SUCCESSFUL
EVT-2026-00281,CMP-2026-00339,ATM-NO-015,2026-05-15 17:20:39,30.0,10000.0,SUCCESSFUL
EVT-2026-00282,CMP-2026-00340,ATM-WE-041,2026-07-29 19:46:38,15.0,20000.0,SUCCESSFUL
EVT-2026-00283,CMP-2026-00341,ATM-WE-049,2026-07-08 16:37:56,79.5,6796.25,INTERCEPTED
EVT-2026-00284,CMP-2026-00342,ATM-EA-031,2026-05-14 18:49:45,67.1,40000.0,SUCCESSFUL
EVT-2026-00285,CMP-2026-00343,ATM-SO-023,2026-03-13 17:53:27,79.9,10000.0,SUCCESSFUL
EVT-2026-00286,CMP-2026-00345,ATM-WE-041,2026-04-15 08:28:31,27.2,10265.1,SUCCESSFUL
EVT-2026-00287,CMP-2026-00346,ATM-WE-047,2026-04-13 13:29:15,46.6,23444.19,SUCCESSFUL
EVT-2026-00288,CMP-2026-00347,ATM-CE-006,2026-03-25 13:39:06,16.5,20000.0,SUCCESSFUL
EVT-2026-00289,CMP-2026-00349,ATM-NO-012,2026-05-26 22:29:07,77.3,50000.0,INTERCEPTED
EVT-2026-00290,CMP-2026-00351,ATM-NO-020,2026-04-26 19:12:46,53.2,23729.97,SUCCESSFUL
EVT-2026-00291,CMP-2026-00352,ATM-CE-009,2026-07-14 14:27:47,15.5,10000.0,SUCCESSFUL
EVT-2026-00292,CMP-2026-00353,ATM-WE-048,2026-08-03 21:32:59,71.7,40000.0,SUCCESSFUL
EVT-2026-00293,CMP-2026-00355,ATM-EA-033,2026-05-01 21:04:58,53.5,18972.74,SUCCESSFUL
EVT-2026-00294,CMP-2026-00356,ATM-WE-048,2026-08-14 15:24:01,110.7,50000.0,INTERCEPTED
EVT-2026-00295,CMP-2026-00357,ATM-SO-025,2026-06-17 10:50:24,118.2,40000.0,INTERCEPTED
EVT-2026-00296,CMP-2026-00358,ATM-WE-043,2026-04-29 14:39:19,21.0,33393.55,SUCCESSFUL
EVT-2026-00297,CMP-2026-00359,ATM-SO-023,2026-03-30 18:49:43,21.4,15644.3,SUCCESSFUL
EVT-2026-00298,CMP-2026-00360,ATM-SO-024,2026-06-19 20:07:45,40.5,10000.0,SUCCESSFUL
EVT-2026-00299,CMP-2026-00361,ATM-WE-043,2026-03-15 00:07:37,27.2,20000.0,SUCCESSFUL
EVT-2026-00300,CMP-2026-00362,ATM-SO-023,2026-08-19 13:36:19,26.4,50000.0,SUCCESSFUL
EVT-2026-00301,CMP-2026-00363,ATM-CE-001,2026-03-07 19:40:45,36.5,40000.0,SUCCESSFUL
EVT-2026-00302,CMP-2026-00364,ATM-NO-015,2026-05-05 14:54:12,78.2,50000.0,SUCCESSFUL
EVT-2026-00303,CMP-2026-00365,ATM-CE-003,2026-08-18 16:46:04,22.6,20000.0,SUCCESSFUL
EVT-2026-00304,CMP-2026-00366,ATM-NO-011,2026-06-05 00:30:29,65.2,14605.6,SUCCESSFUL
EVT-2026-00305,CMP-2026-00367,ATM-EA-040,2026-03-05 15:05:55,54.4,10000.0,SUCCESSFUL
EVT-2026-00306,CMP-2026-00369,ATM-EA-038,2026-04-21 12:19:24,20.9,20000.0,SUCCESSFUL
EVT-2026-00307,CMP-2026-00371,ATM-WE-049,2026-05-20 08:53:58,48.1,40000.0,SUCCESSFUL
EVT-2026-00308,CMP-2026-00372,ATM-CE-002,2026-06-30 00:00:04,15.0,40000.0,SUCCESSFUL
EVT-2026-00309,CMP-2026-00373,ATM-WE-041,2026-08-08 18:32:39,218.5,20000.0,SUCCESSFUL
EVT-2026-00310,CMP-2026-00374,ATM-SO-026,2026-05-31 10:30:36,23.4,20000.0,SUCCESSFUL
EVT-2026-00311,CMP-2026-00375,ATM-EA-033,2026-07-21 14:24:19,82.9,8237.52,SUCCESSFUL
EVT-2026-00312,CMP-2026-00376,ATM-SO-026,2026-05-24 18:08:27,93.3,10000.0,SUCCESSFUL
EVT-2026-00313,CMP-2026-00377,ATM-CE-005,2026-03-12 14:08:34,162.8,50000.0,SUCCESSFUL
EVT-2026-00314,CMP-2026-00379,ATM-WE-047,2026-06-24 21:57:46,89.3,23539.99,INTERCEPTED
EVT-2026-00315,CMP-2026-00380,ATM-EA-038,2026-07-29 00:32:10,176.5,20000.0,SUCCESSFUL
EVT-2026-00316,CMP-2026-00381,ATM-SO-023,2026-08-11 12:30:45,26.9,20000.0,SUCCESSFUL
EVT-2026-00317,CMP-2026-00383,ATM-SO-022,2026-04-10 13:06:13,32.3,10000.0,SUCCESSFUL
EVT-2026-00318,CMP-2026-00384,ATM-NO-017,2026-04-15 11:38:40,58.1,40000.0,SUCCESSFUL
EVT-2026-00319,CMP-2026-00385,ATM-SO-021,2026-06-19 19:07:53,242.4,20000.0,INTERCEPTED
EVT-2026-00320,CMP-2026-00386,ATM-SO-021,2026-06-21 09:34:04,36.4,10000.0,SUCCESSFUL
EVT-2026-00321,CMP-2026-00387,ATM-SO-027,2026-07-27 09:50:49,49.7,16398.97,SUCCESSFUL
EVT-2026-00322,CMP-2026-00388,ATM-CE-008,2026-06-26 16:19:53,30.3,10000.0,SUCCESSFUL
EVT-2026-00323,CMP-2026-00389,ATM-NO-016,2026-05-29 14:22:56,42.4,40000.0,SUCCESSFUL
EVT-2026-00324,CMP-2026-00390,ATM-CE-003,2026-05-26 21:45:42,53.9,40000.0,SUCCESSFUL
EVT-2026-00325,CMP-2026-00391,ATM-WE-048,2026-05-21 15:23:02,39.0,21146.47,SUCCESSFUL
EVT-2026-00326,CMP-2026-00392,ATM-SO-026,2026-05-27 23:06:07,52.8,40000.0,SUCCESSFUL
EVT-2026-00327,CMP-2026-00394,ATM-NO-014,2026-05-03 02:38:52,253.7,10000.0,SUCCESSFUL
EVT-2026-00328,CMP-2026-00395,ATM-SO-023,2026-05-23 18:42:47,85.3,10000.0,SUCCESSFUL
EVT-2026-00329,CMP-2026-00396,ATM-CE-003,2026-03-10 18:26:52,182.0,7583.51,SUCCESSFUL
EVT-2026-00330,CMP-2026-00398,ATM-NO-019,2026-07-08 18:40:13,87.4,50000.0,SUCCESSFUL
EVT-2026-00331,CMP-2026-00400,ATM-EA-034,2026-05-31 00:18:02,62.8,10000.0,INTERCEPTED
EVT-2026-00332,CMP-2026-00401,ATM-SO-027,2026-05-29 17:26:44,29.9,44656.93,SUCCESSFUL
EVT-2026-00333,CMP-2026-00402,ATM-WE-047,2026-04-21 12:52:26,111.5,20000.0,SUCCESSFUL
EVT-2026-00334,CMP-2026-00403,ATM-NO-011,2026-07-09 12:43:12,114.8,44226.39,INTERCEPTED
EVT-2026-00335,CMP-2026-00404,ATM-CE-007,2026-06-10 23:59:33,36.0,16555.9,SUCCESSFUL
EVT-2026-00336,CMP-2026-00405,ATM-CE-003,2026-05-30 21:16:22,27.8,10000.0,SUCCESSFUL
EVT-2026-00337,CMP-2026-00406,ATM-WE-041,2026-03-24 16:33:28,27.1,20517.15,SUCCESSFUL
EVT-2026-00338,CMP-2026-00407,ATM-EA-038,2026-06-09 16:23:08,59.3,50000.0,SUCCESSFUL
EVT-2026-00339,CMP-2026-00408,ATM-NO-012,2026-05-30 21:43:51,101.8,40000.0,SUCCESSFUL
EVT-2026-00340,CMP-2026-00410,ATM-CE-006,2026-03-26 16:35:48,36.2,50000.0,SUCCESSFUL
EVT-2026-00341,CMP-2026-00411,ATM-WE-048,2026-08-26 18:24:52,37.0,40000.0,SUCCESSFUL
EVT-2026-00342,CMP-2026-00412,ATM-SO-023,2026-05-31 19:52:23,19.8,11968.84,SUCCESSFUL
EVT-2026-00343,CMP-2026-00413,ATM-NO-020,2026-05-26 00:15:22,74.0,10000.0,SUCCESSFUL
EVT-2026-00344,CMP-2026-00414,ATM-EA-031,2026-08-24 19:56:16,19.0,10000.0,SUCCESSFUL
EVT-2026-00345,CMP-2026-00415,ATM-CE-006,2026-06-17 00:00:55,44.2,17772.36,SUCCESSFUL
EVT-2026-00346,CMP-2026-00416,ATM-NO-016,2026-06-14 18:33:26,142.9,17312.54,INTERCEPTED
EVT-2026-00347,CMP-2026-00418,ATM-NO-016,2026-03-20 17:32:08,30.7,20000.0,SUCCESSFUL
EVT-2026-00348,CMP-2026-00419,ATM-SO-023,2026-05-14 14:43:38,30.2,35848.04,SUCCESSFUL
EVT-2026-00349,CMP-2026-00420,ATM-SO-030,2026-08-05 21:46:41,118.9,18877.31,SUCCESSFUL
EVT-2026-00350,CMP-2026-00421,ATM-WE-041,2026-06-09 15:43:11,60.7,40000.0,SUCCESSFUL
EVT-2026-00351,CMP-2026-00422,ATM-CE-002,2026-08-20 17:31:52,61.9,10797.08,SUCCESSFUL
EVT-2026-00352,CMP-2026-00423,ATM-SO-023,2026-08-04 11:26:22,42.7,40000.0,SUCCESSFUL
EVT-2026-00353,CMP-2026-00424,ATM-CE-006,2026-06-18 15:46:35,34.3,36903.02,SUCCESSFUL
EVT-2026-00354,CMP-2026-00425,ATM-NO-019,2026-04-10 09:48:14,28.4,20000.0,SUCCESSFUL
EVT-2026-00355,CMP-2026-00426,ATM-CE-002,2026-07-03 09:00:15,88.9,17828.51,SUCCESSFUL
EVT-2026-00356,CMP-2026-00428,ATM-WE-043,2026-05-11 10:31:41,128.9,35037.46,INTERCEPTED
EVT-2026-00357,CMP-2026-00430,ATM-SO-029,2026-06-27 19:48:35,61.1,40000.0,SUCCESSFUL
EVT-2026-00358,CMP-2026-00431,ATM-WE-050,2026-07-04 15:36:35,28.5,10396.43,SUCCESSFUL
EVT-2026-00359,CMP-2026-00432,ATM-CE-001,2026-04-13 11:05:37,22.7,20000.0,SUCCESSFUL
EVT-2026-00360,CMP-2026-00433,ATM-EA-036,2026-03-10 11:41:21,15.0,10000.0,SUCCESSFUL
EVT-2026-00361,CMP-2026-00435,ATM-NO-016,2026-08-24 11:58:37,108.2,21660.64,SUCCESSFUL
EVT-2026-00362,CMP-2026-00436,ATM-EA-032,2026-04-05 14:42:50,24.5,10000.0,SUCCESSFUL
EVT-2026-00363,CMP-2026-00437,ATM-WE-048,2026-08-11 08:42:07,36.4,10000.0,SUCCESSFUL
EVT-2026-00364,CMP-2026-00442,ATM-NO-019,2026-03-02 11:15:02,38.4,25284.94,SUCCESSFUL
EVT-2026-00365,CMP-2026-00443,ATM-WE-049,2026-04-21 23:47:08,65.6,15623.8,SUCCESSFUL
EVT-2026-00366,CMP-2026-00444,ATM-SO-024,2026-05-24 10:53:17,40.4,20000.0,SUCCESSFUL
EVT-2026-00367,CMP-2026-00445,ATM-WE-048,2026-07-10 18:52:26,71.2,10000.0,SUCCESSFUL
EVT-2026-00368,CMP-2026-00446,ATM-NO-020,2026-07-21 12:46:00,69.3,20000.0,SUCCESSFUL
EVT-2026-00369,CMP-2026-00447,ATM-SO-025,2026-06-23 12:39:23,73.5,30827.47,SUCCESSFUL
EVT-2026-00370,CMP-2026-00448,ATM-WE-042,2026-03-16 12:27:35,45.5,19831.95,SUCCESSFUL
EVT-2026-00371,CMP-2026-00449,ATM-EA-037,2026-05-25 22:47:24,108.2,43317.5,INTERCEPTED
EVT-2026-00372,CMP-2026-00450,ATM-EA-036,2026-07-14 21:41:10,139.9,10000.0,SUCCESSFUL
EVT-2026-00373,CMP-2026-00451,ATM-EA-036,2026-05-04 13:50:14,35.2,31657.92,SUCCESSFUL
EVT-2026-00374,CMP-2026-00452,ATM-NO-013,2026-04-25 18:59:25,93.7,40000.0,SUCCESSFUL
EVT-2026-00375,CMP-2026-00453,ATM-EA-036,2026-06-23 09:07:45,49.4,20000.0,SUCCESSFUL
EVT-2026-00376,CMP-2026-00457,ATM-SO-027,2026-07-16 13:21:57,38.2,10000.0,SUCCESSFUL
EVT-2026-00377,CMP-2026-00458,ATM-NO-012,2026-06-03 22:11:34,97.8,10000.0,INTERCEPTED
EVT-2026-00378,CMP-2026-00459,ATM-WE-044,2026-06-07 11:58:11,206.0,20000.0,INTERCEPTED
EVT-2026-00379,CMP-2026-00460,ATM-WE-043,2026-08-02 00:29:56,61.8,50000.0,INTERCEPTED
EVT-2026-00380,CMP-2026-00461,ATM-CE-002,2026-05-31 16:15:55,24.9,49281.43,SUCCESSFUL
EVT-2026-00381,CMP-2026-00462,ATM-NO-014,2026-05-22 05:39:49,36.2,5420.11,SUCCESSFUL
EVT-2026-00382,CMP-2026-00463,ATM-EA-031,2026-07-09 13:13:56,48.7,20000.0,SUCCESSFUL
EVT-2026-00383,CMP-2026-00464,ATM-WE-048,2026-06-13 22:51:55,49.5,10000.0,SUCCESSFUL
EVT-2026-00384,CMP-2026-00466,ATM-SO-026,2026-08-25 19:29:01,59.0,20000.0,SUCCESSFUL
EVT-2026-00385,CMP-2026-00471,ATM-NO-019,2026-03-24 13:32:28,37.1,15557.55,SUCCESSFUL
EVT-2026-00386,CMP-2026-00473,ATM-SO-024,2026-07-15 15:46:12,26.7,50000.0,SUCCESSFUL
EVT-2026-00387,CMP-2026-00474,ATM-EA-032,2026-06-04 15:25:52,93.6,40000.0,INTERCEPTED
EVT-2026-00388,CMP-2026-00475,ATM-NO-016,2026-04-03 22:30:36,33.8,10000.0,SUCCESSFUL
EVT-2026-00389,CMP-2026-00476,ATM-SO-030,2026-07-24 20:52:52,26.2,10000.0,SUCCESSFUL
EVT-2026-00390,CMP-2026-00477,ATM-WE-042,2026-04-13 13:11:29,67.4,37148.26,SUCCESSFUL
EVT-2026-00391,CMP-2026-00478,ATM-WE-049,2026-06-16 12:26:13,40.3,10000.0,SUCCESSFUL
EVT-2026-00392,CMP-2026-00479,ATM-NO-011,2026-05-12 10:42:29,27.9,10000.0,SUCCESSFUL
EVT-2026-00393,CMP-2026-00480,ATM-SO-027,2026-03-26 17:53:06,34.9,40000.0,SUCCESSFUL
EVT-2026-00394,CMP-2026-00481,ATM-EA-036,2026-06-12 21:41:02,51.3,20000.0,SUCCESSFUL
EVT-2026-00395,CMP-2026-00482,ATM-CE-006,2026-04-24 12:11:45,122.1,50000.0,SUCCESSFUL
EVT-2026-00396,CMP-2026-00483,ATM-EA-038,2026-03-11 19:12:38,94.7,20000.0,SUCCESSFUL
EVT-2026-00397,CMP-2026-00485,ATM-CE-001,2026-08-17 15:34:54,52.5,40000.0,SUCCESSFUL
EVT-2026-00398,CMP-2026-00486,ATM-EA-038,2026-07-04 11:08:32,42.4,20000.0,SUCCESSFUL
EVT-2026-00399,CMP-2026-00488,ATM-WE-050,2026-04-24 08:42:12,57.1,9998.5,SUCCESSFUL
EVT-2026-00400,CMP-2026-00489,ATM-SO-025,2026-06-10 12:59:27,32.9,50000.0,SUCCESSFUL
EVT-2026-00401,CMP-2026-00490,ATM-WE-047,2026-04-13 13:01:58,108.6,35008.65,SUCCESSFUL
EVT-2026-00402,CMP-2026-00491,ATM-CE-007,2026-03-17 16:38:21,51.5,40000.0,SUCCESSFUL
EVT-2026-00403,CMP-2026-00492,ATM-CE-005,2026-05-07 15:59:25,200.8,10000.0,INTERCEPTED
EVT-2026-00404,CMP-2026-00493,ATM-CE-006,2026-07-16 14:27:23,40.7,50000.0,SUCCESSFUL
EVT-2026-00405,CMP-2026-00494,ATM-SO-023,2026-04-07 15:21:40,83.3,10000.0,INTERCEPTED
EVT-2026-00406,CMP-2026-00495,ATM-WE-048,2026-04-04 16:33:54,46.8,44490.78,SUCCESSFUL
EVT-2026-00407,CMP-2026-00496,ATM-CE-004,2026-07-04 19:29:16,44.1,20000.0,SUCCESSFUL
EVT-2026-00408,CMP-2026-00497,ATM-NO-019,2026-06-08 14:29:27,100.2,40000.0,SUCCESSFUL
EVT-2026-00409,CMP-2026-00498,ATM-NO-020,2026-05-04 13:21:46,25.3,50000.0,SUCCESSFUL
EVT-2026-00410,CMP-2026-00499,ATM-NO-016,2026-07-16 19:13:39,52.7,11214.15,SUCCESSFUL
EVT-2026-00411,CMP-2026-00500,ATM-EA-037,2026-06-10 10:33:59,19.2,40000.0,SUCCESSFUL
EVT-2026-00412,CMP-2026-00501,ATM-WE-045,2026-06-08 06:15:59,38.4,40000.0,SUCCESSFUL
EVT-2026-00413,CMP-2026-00502,ATM-SO-029,2026-03-28 09:43:33,22.3,20000.0,SUCCESSFUL
EVT-2026-00414,CMP-2026-00503,ATM-WE-045,2026-05-29 16:02:51,81.1,42643.69,SUCCESSFUL
EVT-2026-00415,CMP-2026-00504,ATM-NO-020,2026-06-24 16:58:45,27.3,40000.0,SUCCESSFUL
EVT-2026-00416,CMP-2026-00505,ATM-CE-009,2026-03-31 16:13:59,27.4,10000.0,SUCCESSFUL
EVT-2026-00417,CMP-2026-00506,ATM-CE-007,2026-06-03 15:16:30,82.6,10000.0,SUCCESSFUL
EVT-2026-00418,CMP-2026-00507,ATM-WE-041,2026-05-14 18:54:08,60.5,20000.0,INTERCEPTED
EVT-2026-00419,CMP-2026-00508,ATM-NO-020,2026-05-31 12:46:42,23.7,12711.46,SUCCESSFUL
EVT-2026-00420,CMP-2026-00509,ATM-NO-013,2026-06-27 15:09:16,68.3,50000.0,INTERCEPTED
EVT-2026-00421,CMP-2026-00511,ATM-SO-027,2026-03-04 14:59:04,66.3,20000.0,INTERCEPTED
EVT-2026-00422,CMP-2026-00512,ATM-EA-035,2026-03-18 19:56:03,46.8,12059.25,SUCCESSFUL
EVT-2026-00423,CMP-2026-00513,ATM-EA-031,2026-07-25 13:51:16,33.4,40000.0,SUCCESSFUL
EVT-2026-00424,CMP-2026-00514,ATM-NO-018,2026-08-20 18:48:30,78.9,20000.0,SUCCESSFUL
EVT-2026-00425,CMP-2026-00516,ATM-CE-008,2026-06-25 16:35:20,33.3,19786.2,SUCCESSFUL
EVT-2026-00426,CMP-2026-00517,ATM-CE-005,2026-06-08 20:33:04,29.4,20000.0,SUCCESSFUL
EVT-2026-00427,CMP-2026-00518,ATM-CE-004,2026-03-15 21:22:52,28.4,40000.0,SUCCESSFUL
EVT-2026-00428,CMP-2026-00521,ATM-EA-037,2026-07-03 12:59:43,83.2,10000.0,SUCCESSFUL
EVT-2026-00429,CMP-2026-00522,ATM-NO-019,2026-04-20 16:23:57,49.4,20000.0,SUCCESSFUL
EVT-2026-00430,CMP-2026-00524,ATM-SO-030,2026-06-14 07:20:57,32.1,50000.0,SUCCESSFUL
EVT-2026-00431,CMP-2026-00525,ATM-SO-026,2026-08-15 18:02:34,43.4,50000.0,SUCCESSFUL
EVT-2026-00432,CMP-2026-00526,ATM-SO-027,2026-06-30 14:20:06,45.8,20000.0,SUCCESSFUL
EVT-2026-00433,CMP-2026-00527,ATM-EA-038,2026-07-21 15:41:27,56.7,40000.0,SUCCESSFUL
EVT-2026-00434,CMP-2026-00530,ATM-NO-013,2026-05-11 09:09:22,20.0,40000.0,SUCCESSFUL
EVT-2026-00435,CMP-2026-00531,ATM-WE-042,2026-07-20 13:52:52,24.4,50000.0,SUCCESSFUL
EVT-2026-00436,CMP-2026-00532,ATM-WE-043,2026-05-17 16:52:02,128.4,10000.0,SUCCESSFUL
EVT-2026-00437,CMP-2026-00533,ATM-WE-050,2026-04-23 14:43:44,28.0,18023.87,SUCCESSFUL
EVT-2026-00438,CMP-2026-00534,ATM-SO-023,2026-03-28 15:08:52,83.0,50000.0,SUCCESSFUL
EVT-2026-00439,CMP-2026-00535,ATM-WE-042,2026-03-20 14:22:28,82.2,40000.0,INTERCEPTED
EVT-2026-00440,CMP-2026-00536,ATM-SO-028,2026-03-16 20:25:37,58.2,50000.0,SUCCESSFUL
EVT-2026-00441,CMP-2026-00537,ATM-NO-011,2026-03-19 21:37:19,32.0,40000.0,SUCCESSFUL
EVT-2026-00442,CMP-2026-00538,ATM-NO-012,2026-08-03 15:29:21,29.1,10000.0,SUCCESSFUL
EVT-2026-00443,CMP-2026-00540,ATM-CE-003,2026-04-13 10:00:26,27.3,20000.0,SUCCESSFUL
EVT-2026-00444,CMP-2026-00541,ATM-EA-033,2026-03-25 16:54:13,94.9,8065.04,INTERCEPTED
EVT-2026-00445,CMP-2026-00542,ATM-NO-019,2026-04-19 23:09:43,50.2,9492.39,SUCCESSFUL
EVT-2026-00446,CMP-2026-00543,ATM-WE-041,2026-04-15 23:50:35,34.8,20000.0,SUCCESSFUL
EVT-2026-00447,CMP-2026-00544,ATM-CE-002,2026-05-22 13:41:19,33.0,24350.23,SUCCESSFUL
EVT-2026-00448,CMP-2026-00545,ATM-WE-041,2026-04-29 19:34:11,54.8,40000.0,SUCCESSFUL
EVT-2026-00449,CMP-2026-00546,ATM-NO-020,2026-05-17 16:32:33,39.6,20000.0,SUCCESSFUL
EVT-2026-00450,CMP-2026-00547,ATM-NO-020,2026-04-24 14:03:18,24.6,21470.17,SUCCESSFUL
EVT-2026-00451,CMP-2026-00548,ATM-EA-037,2026-04-01 10:53:10,27.8,50000.0,SUCCESSFUL
EVT-2026-00452,CMP-2026-00549,ATM-CE-008,2026-08-22 18:25:13,35.0,40000.0,SUCCESSFUL
EVT-2026-00453,CMP-2026-00550,ATM-NO-014,2026-07-25 16:40:23,15.0,20000.0,SUCCESSFUL
EVT-2026-00454,CMP-2026-00551,ATM-CE-001,2026-06-16 00:11:20,37.2,10000.0,SUCCESSFUL
EVT-2026-00455,CMP-2026-00552,ATM-CE-006,2026-08-19 17:11:26,41.7,40000.0,SUCCESSFUL
EVT-2026-00456,CMP-2026-00554,ATM-CE-007,2026-07-22 17:19:56,96.4,40000.0,INTERCEPTED
EVT-2026-00457,CMP-2026-00555,ATM-NO-011,2026-06-27 09:46:03,60.6,10000.0,SUCCESSFUL
EVT-2026-00458,CMP-2026-00556,ATM-CE-003,2026-05-20 20:08:58,30.5,50000.0,SUCCESSFUL
EVT-2026-00459,CMP-2026-00557,ATM-NO-019,2026-06-07 00:47:56,57.6,10000.0,SUCCESSFUL
EVT-2026-00460,CMP-2026-00558,ATM-NO-020,2026-03-20 17:00:02,44.3,20000.0,SUCCESSFUL
EVT-2026-00461,CMP-2026-00560,ATM-EA-034,2026-06-30 15:17:14,51.4,50000.0,INTERCEPTED
EVT-2026-00462,CMP-2026-00561,ATM-NO-017,2026-03-18 06:46:31,32.0,20000.0,SUCCESSFUL
EVT-2026-00463,CMP-2026-00562,ATM-SO-029,2026-05-20 15:42:27,17.0,20000.0,SUCCESSFUL
EVT-2026-00464,CMP-2026-00563,ATM-SO-023,2026-05-02 17:56:08,114.6,41239.6,SUCCESSFUL
EVT-2026-00465,CMP-2026-00564,ATM-WE-049,2026-03-16 16:19:13,25.5,40000.0,SUCCESSFUL
EVT-2026-00466,CMP-2026-00565,ATM-WE-049,2026-05-01 17:35:44,105.5,40000.0,SUCCESSFUL
EVT-2026-00467,CMP-2026-00566,ATM-SO-027,2026-05-18 13:11:56,27.5,10238.69,SUCCESSFUL
EVT-2026-00468,CMP-2026-00567,ATM-SO-030,2026-03-09 17:19:16,94.2,40000.0,SUCCESSFUL
EVT-2026-00469,CMP-2026-00569,ATM-NO-019,2026-04-13 15:38:31,26.9,35887.7,SUCCESSFUL
EVT-2026-00470,CMP-2026-00570,ATM-SO-030,2026-08-20 20:18:08,63.3,20000.0,INTERCEPTED
EVT-2026-00471,CMP-2026-00571,ATM-CE-001,2026-06-27 16:48:44,83.7,20000.0,SUCCESSFUL
EVT-2026-00472,CMP-2026-00572,ATM-NO-018,2026-05-20 15:13:05,45.7,20000.0,SUCCESSFUL
EVT-2026-00473,CMP-2026-00573,ATM-CE-008,2026-04-07 13:27:15,38.5,10000.0,SUCCESSFUL
EVT-2026-00474,CMP-2026-00574,ATM-SO-023,2026-06-12 19:27:40,35.8,40000.0,SUCCESSFUL
EVT-2026-00475,CMP-2026-00575,ATM-EA-038,2026-04-28 19:00:45,31.6,50000.0,SUCCESSFUL
EVT-2026-00476,CMP-2026-00576,ATM-SO-023,2026-06-03 18:27:04,46.7,29248.45,SUCCESSFUL
EVT-2026-00477,CMP-2026-00578,ATM-WE-047,2026-06-20 09:51:58,59.3,7296.91,SUCCESSFUL
EVT-2026-00478,CMP-2026-00579,ATM-CE-009,2026-08-13 17:00:59,23.9,40000.0,SUCCESSFUL
EVT-2026-00479,CMP-2026-00580,ATM-NO-012,2026-03-22 21:08:43,109.6,20000.0,SUCCESSFUL
EVT-2026-00480,CMP-2026-00581,ATM-NO-016,2026-05-15 21:47:09,38.6,20000.0,SUCCESSFUL
EVT-2026-00481,CMP-2026-00583,ATM-WE-049,2026-08-15 16:36:14,24.7,24799.58,SUCCESSFUL
EVT-2026-00482,CMP-2026-00584,ATM-WE-049,2026-03-26 05:05:58,45.1,10000.0,SUCCESSFUL
EVT-2026-00483,CMP-2026-00585,ATM-WE-050,2026-08-03 12:43:59,103.5,39948.54,SUCCESSFUL
EVT-2026-00484,CMP-2026-00586,ATM-WE-049,2026-05-30 20:03:10,91.7,50000.0,SUCCESSFUL
EVT-2026-00485,CMP-2026-00587,ATM-SO-029,2026-05-19 12:36:36,26.5,20000.0,SUCCESSFUL
EVT-2026-00486,CMP-2026-00588,ATM-CE-005,2026-04-22 16:12:08,54.9,20000.0,SUCCESSFUL
EVT-2026-00487,CMP-2026-00589,ATM-NO-012,2026-07-20 00:00:29,23.7,45844.98,SUCCESSFUL
EVT-2026-00488,CMP-2026-00590,ATM-WE-041,2026-06-07 17:10:25,62.8,40000.0,SUCCESSFUL
EVT-2026-00489,CMP-2026-00591,ATM-SO-026,2026-06-06 15:34:29,106.5,50000.0,SUCCESSFUL
EVT-2026-00490,CMP-2026-00594,ATM-CE-002,2026-05-20 12:20:23,57.5,50000.0,SUCCESSFUL
EVT-2026-00491,CMP-2026-00595,ATM-EA-036,2026-08-03 11:17:58,70.2,20000.0,SUCCESSFUL
EVT-2026-00492,CMP-2026-00596,ATM-EA-040,2026-07-24 14:20:36,42.9,50000.0,SUCCESSFUL
EVT-2026-00493,CMP-2026-00597,ATM-NO-017,2026-03-30 23:49:18,40.5,20000.0,SUCCESSFUL
EVT-2026-00494,CMP-2026-00598,ATM-SO-022,2026-07-23 23:09:24,93.0,20000.0,SUCCESSFUL
EVT-2026-00495,CMP-2026-00599,ATM-CE-006,2026-07-05 15:14:57,56.4,10000.0,INTERCEPTED
EVT-2026-00496,CMP-2026-00600,ATM-NO-017,2026-07-14 15:23:02,56.1,31618.0,SUCCESSFUL
EVT-2026-00497,CMP-2026-00601,ATM-NO-020,2026-03-23 13:18:50,143.7,12232.51,SUCCESSFUL
EVT-2026-00498,CMP-2026-00602,ATM-WE-048,2026-07-16 19:28:11,44.8,10449.24,SUCCESSFUL
EVT-2026-00499,CMP-2026-00603,ATM-CE-006,2026-06-22 15:15:40,51.2,10000.0,SUCCESSFUL
EVT-2026-00500,CMP-2026-00605,ATM-CE-001,2026-05-21 16:20:22,49.0,10000.0,SUCCESSFUL
EVT-2026-00501,CMP-2026-00606,ATM-NO-017,2026-07-10 19:04:08,34.5,24234.87,SUCCESSFUL
EVT-2026-00502,CMP-2026-00607,ATM-EA-036,2026-08-01 17:41:20,50.8,50000.0,SUCCESSFUL
EVT-2026-00503,CMP-2026-00608,ATM-NO-018,2026-05-29 15:00:29,39.6,20000.0,SUCCESSFUL
EVT-2026-00504,CMP-2026-00609,ATM-SO-022,2026-06-10 04:41:48,70.0,10000.0,SUCCESSFUL
EVT-2026-00505,CMP-2026-00611,ATM-SO-027,2026-03-03 06:14:26,134.5,50000.0,SUCCESSFUL
EVT-2026-00506,CMP-2026-00613,ATM-NO-013,2026-08-11 19:14:10,77.5,40000.0,INTERCEPTED
EVT-2026-00507,CMP-2026-00614,ATM-EA-036,2026-05-04 18:30:48,145.4,20000.0,INTERCEPTED
EVT-2026-00508,CMP-2026-00615,ATM-CE-006,2026-06-21 09:39:33,52.8,9977.3,SUCCESSFUL
EVT-2026-00509,CMP-2026-00616,ATM-EA-032,2026-07-05 13:04:53,64.7,20000.0,SUCCESSFUL
EVT-2026-00510,CMP-2026-00617,ATM-CE-001,2026-06-02 14:45:00,137.0,25827.62,SUCCESSFUL
EVT-2026-00511,CMP-2026-00618,ATM-CE-006,2026-08-25 18:13:00,105.3,10000.0,INTERCEPTED
EVT-2026-00512,CMP-2026-00619,ATM-SO-025,2026-03-17 19:38:15,47.2,5886.86,SUCCESSFUL
EVT-2026-00513,CMP-2026-00620,ATM-CE-005,2026-08-06 10:35:15,26.9,20000.0,SUCCESSFUL
EVT-2026-00514,CMP-2026-00621,ATM-EA-034,2026-06-24 22:17:24,34.3,10000.0,SUCCESSFUL
EVT-2026-00515,CMP-2026-00622,ATM-WE-043,2026-06-18 09:19:10,68.7,20000.0,SUCCESSFUL
EVT-2026-00516,CMP-2026-00623,ATM-SO-021,2026-03-28 18:53:27,146.8,20000.0,INTERCEPTED
EVT-2026-00517,CMP-2026-00624,ATM-EA-038,2026-03-19 20:10:12,142.1,50000.0,SUCCESSFUL
EVT-2026-00518,CMP-2026-00625,ATM-NO-012,2026-05-17 18:57:48,67.7,10000.0,INTERCEPTED
EVT-2026-00519,CMP-2026-00626,ATM-NO-020,2026-06-17 17:31:08,44.5,10000.0,SUCCESSFUL
EVT-2026-00520,CMP-2026-00627,ATM-SO-027,2026-07-31 15:11:40,88.7,20000.0,SUCCESSFUL
EVT-2026-00521,CMP-2026-00629,ATM-CE-006,2026-08-19 16:55:50,84.4,46636.53,SUCCESSFUL
EVT-2026-00522,CMP-2026-00631,ATM-CE-006,2026-03-03 17:37:22,73.4,43994.46,SUCCESSFUL
EVT-2026-00523,CMP-2026-00632,ATM-EA-040,2026-08-02 18:50:29,74.1,12534.42,SUCCESSFUL
EVT-2026-00524,CMP-2026-00633,ATM-SO-027,2026-07-16 15:40:25,171.4,10000.0,INTERCEPTED
EVT-2026-00525,CMP-2026-00635,ATM-WE-044,2026-05-11 13:41:13,142.6,50000.0,SUCCESSFUL
EVT-2026-00526,CMP-2026-00636,ATM-CE-008,2026-05-12 15:09:20,88.8,8954.87,SUCCESSFUL
EVT-2026-00527,CMP-2026-00637,ATM-SO-023,2026-04-25 12:17:11,44.2,20000.0,SUCCESSFUL
EVT-2026-00528,CMP-2026-00638,ATM-SO-028,2026-06-05 13:54:52,89.3,10000.0,SUCCESSFUL
EVT-2026-00529,CMP-2026-00639,ATM-NO-015,2026-05-18 01:13:15,19.0,10000.0,SUCCESSFUL
EVT-2026-00530,CMP-2026-00640,ATM-CE-006,2026-08-14 13:49:45,42.3,10000.0,SUCCESSFUL
EVT-2026-00531,CMP-2026-00641,ATM-SO-023,2026-04-25 11:17:41,90.0,10000.0,INTERCEPTED
EVT-2026-00532,CMP-2026-00642,ATM-NO-011,2026-03-25 20:38:51,38.7,40000.0,SUCCESSFUL
EVT-2026-00533,CMP-2026-00643,ATM-CE-008,2026-06-03 15:39:53,49.0,20000.0,SUCCESSFUL
EVT-2026-00534,CMP-2026-00646,ATM-CE-001,2026-04-30 18:26:28,179.2,37657.72,SUCCESSFUL
EVT-2026-00535,CMP-2026-00647,ATM-EA-038,2026-06-12 15:55:28,51.0,40000.0,INTERCEPTED
EVT-2026-00536,CMP-2026-00648,ATM-WE-050,2026-08-02 15:44:43,34.3,10000.0,SUCCESSFUL
EVT-2026-00537,CMP-2026-00649,ATM-CE-006,2026-08-09 00:21:30,37.7,10000.0,SUCCESSFUL
EVT-2026-00538,CMP-2026-00650,ATM-CE-002,2026-03-08 22:48:57,54.0,50000.0,SUCCESSFUL
EVT-2026-00539,CMP-2026-00651,ATM-CE-002,2026-05-05 21:42:36,44.5,10000.0,SUCCESSFUL
EVT-2026-00540,CMP-2026-00652,ATM-SO-027,2026-06-08 20:18:40,79.9,26104.2,INTERCEPTED
EVT-2026-00541,CMP-2026-00653,ATM-EA-034,2026-04-14 09:29:34,30.8,10000.0,SUCCESSFUL
EVT-2026-00542,CMP-2026-00654,ATM-CE-005,2026-06-11 16:01:21,53.8,7741.45,SUCCESSFUL
EVT-2026-00543,CMP-2026-00656,ATM-NO-016,2026-08-19 14:00:26,55.5,40000.0,SUCCESSFUL
EVT-2026-00544,CMP-2026-00657,ATM-EA-038,2026-07-18 21:13:09,173.8,38208.63,INTERCEPTED
EVT-2026-00545,CMP-2026-00658,ATM-SO-027,2026-04-06 12:05:21,28.5,20000.0,SUCCESSFUL
EVT-2026-00546,CMP-2026-00660,ATM-WE-047,2026-07-18 17:57:28,250.5,20000.0,INTERCEPTED
EVT-2026-00547,CMP-2026-00661,ATM-CE-001,2026-08-15 11:28:27,27.2,10000.0,SUCCESSFUL
EVT-2026-00548,CMP-2026-00662,ATM-CE-003,2026-08-19 16:48:43,47.9,32052.73,SUCCESSFUL
EVT-2026-00549,CMP-2026-00663,ATM-CE-001,2026-03-19 15:22:45,49.5,10000.0,SUCCESSFUL
EVT-2026-00550,CMP-2026-00664,ATM-WE-045,2026-08-23 20:39:07,29.4,10000.0,SUCCESSFUL
EVT-2026-00551,CMP-2026-00665,ATM-CE-009,2026-08-13 12:25:44,27.8,33372.79,SUCCESSFUL
EVT-2026-00552,CMP-2026-00666,ATM-EA-038,2026-05-22 23:36:06,49.0,20000.0,SUCCESSFUL
EVT-2026-00553,CMP-2026-00667,ATM-EA-034,2026-06-23 21:07:30,102.4,10000.0,SUCCESSFUL
EVT-2026-00554,CMP-2026-00668,ATM-EA-035,2026-08-21 08:42:50,27.5,40000.0,SUCCESSFUL
EVT-2026-00555,CMP-2026-00670,ATM-SO-023,2026-04-28 20:21:08,112.9,13309.53,INTERCEPTED
EVT-2026-00556,CMP-2026-00671,ATM-SO-030,2026-07-17 21:38:36,32.5,50000.0,SUCCESSFUL
EVT-2026-00557,CMP-2026-00672,ATM-NO-020,2026-05-23 23:56:20,150.2,13931.38,SUCCESSFUL
EVT-2026-00558,CMP-2026-00673,ATM-NO-015,2026-05-23 14:30:11,36.1,31425.93,SUCCESSFUL
EVT-2026-00559,CMP-2026-00674,ATM-WE-045,2026-07-27 16:16:42,32.1,16516.11,SUCCESSFUL
EVT-2026-00560,CMP-2026-00676,ATM-NO-019,2026-05-11 10:39:27,35.7,20000.0,SUCCESSFUL
EVT-2026-00561,CMP-2026-00677,ATM-CE-002,2026-03-06 15:08:31,42.6,20000.0,SUCCESSFUL
EVT-2026-00562,CMP-2026-00678,ATM-CE-009,2026-03-18 10:41:50,35.0,10000.0,SUCCESSFUL
EVT-2026-00563,CMP-2026-00680,ATM-CE-006,2026-03-24 15:14:46,22.4,10000.0,SUCCESSFUL
EVT-2026-00564,CMP-2026-00681,ATM-NO-015,2026-06-13 13:52:16,35.3,10000.0,SUCCESSFUL
EVT-2026-00565,CMP-2026-00682,ATM-SO-023,2026-08-27 08:24:37,71.7,8740.56,SUCCESSFUL
EVT-2026-00566,CMP-2026-00683,ATM-EA-035,2026-03-18 00:15:30,20.6,10000.0,SUCCESSFUL
EVT-2026-00567,CMP-2026-00684,ATM-WE-048,2026-03-08 15:02:55,33.9,31912.75,SUCCESSFUL
EVT-2026-00568,CMP-2026-00685,ATM-NO-019,2026-07-26 16:50:42,25.2,50000.0,SUCCESSFUL
EVT-2026-00569,CMP-2026-00686,ATM-CE-005,2026-04-01 12:14:05,60.1,26454.73,SUCCESSFUL
EVT-2026-00570,CMP-2026-00687,ATM-EA-038,2026-03-27 22:01:47,22.1,40000.0,SUCCESSFUL
EVT-2026-00571,CMP-2026-00688,ATM-SO-023,2026-05-29 23:51:32,115.0,10000.0,SUCCESSFUL
EVT-2026-00572,CMP-2026-00690,ATM-SO-022,2026-06-03 20:02:12,21.4,10000.0,SUCCESSFUL
EVT-2026-00573,CMP-2026-00691,ATM-CE-007,2026-08-26 08:13:57,23.2,29410.22,SUCCESSFUL
EVT-2026-00574,CMP-2026-00692,ATM-EA-036,2026-05-01 23:57:18,20.8,40000.0,SUCCESSFUL
EVT-2026-00575,CMP-2026-00693,ATM-CE-003,2026-04-02 13:53:03,32.4,40000.0,SUCCESSFUL
EVT-2026-00576,CMP-2026-00694,ATM-EA-034,2026-03-11 22:32:38,62.1,20000.0,SUCCESSFUL
EVT-2026-00577,CMP-2026-00695,ATM-NO-016,2026-03-19 09:25:47,103.5,10000.0,SUCCESSFUL
EVT-2026-00578,CMP-2026-00698,ATM-WE-049,2026-04-01 17:06:33,110.9,40000.0,SUCCESSFUL
EVT-2026-00579,CMP-2026-00701,ATM-NO-019,2026-07-24 09:59:55,28.4,32459.12,SUCCESSFUL
EVT-2026-00580,CMP-2026-00702,ATM-SO-022,2026-03-07 18:57:45,54.5,10000.0,SUCCESSFUL
EVT-2026-00581,CMP-2026-00704,ATM-NO-019,2026-04-06 12:44:08,35.8,40000.0,SUCCESSFUL
EVT-2026-00582,CMP-2026-00705,ATM-EA-032,2026-03-11 18:36:20,86.7,20000.0,SUCCESSFUL
EVT-2026-00583,CMP-2026-00707,ATM-EA-034,2026-05-07 12:27:10,44.8,40000.0,SUCCESSFUL
EVT-2026-00584,CMP-2026-00708,ATM-EA-034,2026-04-24 13:43:13,95.1,50000.0,SUCCESSFUL
EVT-2026-00585,CMP-2026-00709,ATM-NO-018,2026-08-20 21:27:08,45.8,40000.0,SUCCESSFUL
EVT-2026-00586,CMP-2026-00710,ATM-CE-006,2026-04-10 21:35:07,177.3,14702.29,SUCCESSFUL
EVT-2026-00587,CMP-2026-00711,ATM-CE-002,2026-04-23 11:49:13,37.5,34422.14,SUCCESSFUL
EVT-2026-00588,CMP-2026-00712,ATM-CE-001,2026-08-01 13:12:50,23.2,18901.54,SUCCESSFUL
EVT-2026-00589,CMP-2026-00713,ATM-SO-024,2026-08-13 11:56:45,17.5,10000.0,SUCCESSFUL
EVT-2026-00590,CMP-2026-00714,ATM-SO-023,2026-08-16 19:39:43,30.4,20000.0,SUCCESSFUL
EVT-2026-00591,CMP-2026-00715,ATM-NO-020,2026-05-02 08:26:03,65.9,10000.0,SUCCESSFUL
EVT-2026-00592,CMP-2026-00716,ATM-WE-045,2026-06-29 17:08:43,21.8,10000.0,SUCCESSFUL
EVT-2026-00593,CMP-2026-00717,ATM-EA-035,2026-04-17 13:53:09,37.4,14603.6,SUCCESSFUL
EVT-2026-00594,CMP-2026-00718,ATM-CE-005,2026-07-20 19:38:33,52.6,31533.3,SUCCESSFUL
EVT-2026-00595,CMP-2026-00719,ATM-CE-004,2026-07-10 12:39:23,28.5,33295.82,SUCCESSFUL
EVT-2026-00596,CMP-2026-00721,ATM-NO-016,2026-07-20 15:02:11,25.5,20000.0,SUCCESSFUL
EVT-2026-00597,CMP-2026-00724,ATM-CE-007,2026-03-14 13:43:23,92.5,10000.0,SUCCESSFUL
EVT-2026-00598,CMP-2026-00725,ATM-NO-014,2026-08-09 14:03:16,57.9,30775.91,SUCCESSFUL
EVT-2026-00599,CMP-2026-00726,ATM-CE-009,2026-05-17 15:27:56,46.8,41268.28,INTERCEPTED
EVT-2026-00600,CMP-2026-00727,ATM-WE-048,2026-03-19 07:15:38,122.4,21941.92,SUCCESSFUL
EVT-2026-00601,CMP-2026-00728,ATM-CE-003,2026-04-23 15:19:25,193.4,10520.41,INTERCEPTED
EVT-2026-00602,CMP-2026-00729,ATM-CE-002,2026-05-05 00:05:37,38.5,50000.0,SUCCESSFUL
EVT-2026-00603,CMP-2026-00730,ATM-CE-006,2026-04-05 12:47:15,106.0,40000.0,SUCCESSFUL
EVT-2026-00604,CMP-2026-00731,ATM-SO-027,2026-05-26 00:25:15,77.9,49000.78,SUCCESSFUL
EVT-2026-00605,CMP-2026-00732,ATM-CE-006,2026-06-28 00:15:50,130.2,20000.0,SUCCESSFUL
EVT-2026-00606,CMP-2026-00733,ATM-CE-006,2026-05-08 13:51:05,39.6,50000.0,SUCCESSFUL
EVT-2026-00607,CMP-2026-00734,ATM-CE-006,2026-05-23 13:14:27,59.6,10000.0,INTERCEPTED
EVT-2026-00608,CMP-2026-00735,ATM-WE-042,2026-07-04 10:48:40,42.6,21830.11,SUCCESSFUL
EVT-2026-00609,CMP-2026-00736,ATM-NO-020,2026-08-22 07:15:18,38.1,34634.83,SUCCESSFUL
EVT-2026-00610,CMP-2026-00737,ATM-NO-020,2026-07-26 19:42:24,15.8,40957.79,SUCCESSFUL
EVT-2026-00611,CMP-2026-00738,ATM-EA-036,2026-06-12 13:11:52,56.4,50000.0,SUCCESSFUL
EVT-2026-00612,CMP-2026-00740,ATM-SO-027,2026-07-23 13:37:55,54.3,50000.0,SUCCESSFUL
EVT-2026-00613,CMP-2026-00741,ATM-EA-037,2026-04-01 19:45:59,35.8,20000.0,SUCCESSFUL
EVT-2026-00614,CMP-2026-00742,ATM-EA-034,2026-03-08 14:54:34,48.9,20000.0,SUCCESSFUL
EVT-2026-00615,CMP-2026-00744,ATM-SO-023,2026-08-12 10:42:33,98.5,50000.0,SUCCESSFUL
EVT-2026-00616,CMP-2026-00746,ATM-WE-050,2026-03-03 23:38:36,114.0,50000.0,INTERCEPTED
EVT-2026-00617,CMP-2026-00747,ATM-NO-017,2026-03-27 11:21:42,45.1,10000.0,SUCCESSFUL
EVT-2026-00618,CMP-2026-00748,ATM-WE-049,2026-08-14 21:09:50,33.0,29596.76,SUCCESSFUL
EVT-2026-00619,CMP-2026-00750,ATM-EA-035,2026-04-17 20:35:26,53.9,21692.29,INTERCEPTED
EVT-2026-00620,CMP-2026-00751,ATM-NO-014,2026-04-19 11:03:03,53.4,50000.0,SUCCESSFUL
EVT-2026-00621,CMP-2026-00752,ATM-EA-031,2026-03-07 14:05:24,68.5,20000.0,INTERCEPTED
EVT-2026-00622,CMP-2026-00753,ATM-SO-023,2026-05-25 15:47:54,30.0,40000.0,SUCCESSFUL
EVT-2026-00623,CMP-2026-00754,ATM-CE-002,2026-07-26 14:05:27,46.1,50000.0,SUCCESSFUL
EVT-2026-00624,CMP-2026-00756,ATM-EA-033,2026-04-11 10:45:52,86.1,10359.72,SUCCESSFUL
EVT-2026-00625,CMP-2026-00757,ATM-WE-050,2026-05-15 21:10:35,89.5,19998.36,SUCCESSFUL
EVT-2026-00626,CMP-2026-00758,ATM-NO-016,2026-08-12 12:52:38,25.9,40000.0,SUCCESSFUL
EVT-2026-00627,CMP-2026-00759,ATM-CE-001,2026-07-26 19:02:39,149.8,40000.0,SUCCESSFUL
EVT-2026-00628,CMP-2026-00760,ATM-EA-034,2026-05-12 21:28:09,158.3,10000.0,INTERCEPTED
EVT-2026-00629,CMP-2026-00761,ATM-WE-049,2026-08-05 10:48:50,36.0,10000.0,SUCCESSFUL
EVT-2026-00630,CMP-2026-00762,ATM-EA-033,2026-05-22 15:54:49,56.4,40000.0,SUCCESSFUL
EVT-2026-00631,CMP-2026-00763,ATM-NO-019,2026-05-06 14:07:05,37.6,10000.0,SUCCESSFUL
EVT-2026-00632,CMP-2026-00764,ATM-SO-021,2026-07-01 12:54:19,38.9,11294.1,SUCCESSFUL
EVT-2026-00633,CMP-2026-00765,ATM-CE-008,2026-04-01 18:25:41,30.2,40000.0,SUCCESSFUL
EVT-2026-00634,CMP-2026-00766,ATM-NO-019,2026-05-01 09:20:21,26.4,10000.0,SUCCESSFUL
EVT-2026-00635,CMP-2026-00767,ATM-NO-015,2026-04-21 13:54:04,30.0,20000.0,SUCCESSFUL
EVT-2026-00636,CMP-2026-00768,ATM-WE-043,2026-08-02 13:11:18,30.1,23205.61,SUCCESSFUL
EVT-2026-00637,CMP-2026-00770,ATM-EA-040,2026-08-22 22:08:39,25.7,20000.0,SUCCESSFUL
EVT-2026-00638,CMP-2026-00771,ATM-WE-043,2026-06-26 00:17:01,158.2,40000.0,SUCCESSFUL
EVT-2026-00639,CMP-2026-00772,ATM-NO-016,2026-08-17 12:03:30,17.8,33882.75,SUCCESSFUL
EVT-2026-00640,CMP-2026-00773,ATM-NO-019,2026-08-09 14:18:32,24.2,8561.41,SUCCESSFUL
EVT-2026-00641,CMP-2026-00775,ATM-CE-001,2026-05-11 13:27:06,21.1,40000.0,SUCCESSFUL
EVT-2026-00642,CMP-2026-00776,ATM-NO-013,2026-06-10 22:31:23,52.8,10000.0,SUCCESSFUL
EVT-2026-00643,CMP-2026-00777,ATM-WE-043,2026-05-26 10:28:00,66.7,39148.05,SUCCESSFUL
EVT-2026-00644,CMP-2026-00778,ATM-SO-023,2026-04-17 16:24:48,38.9,8900.39,SUCCESSFUL
EVT-2026-00645,CMP-2026-00780,ATM-WE-048,2026-07-23 11:18:31,26.7,40000.0,SUCCESSFUL
EVT-2026-00646,CMP-2026-00781,ATM-EA-032,2026-07-01 15:21:03,35.0,40000.0,SUCCESSFUL
EVT-2026-00647,CMP-2026-00782,ATM-EA-038,2026-04-16 14:42:55,16.5,10000.0,SUCCESSFUL
EVT-2026-00648,CMP-2026-00783,ATM-NO-012,2026-06-13 11:40:32,63.7,20000.0,SUCCESSFUL
EVT-2026-00649,CMP-2026-00784,ATM-CE-007,2026-07-02 18:29:29,48.7,29588.16,SUCCESSFUL
EVT-2026-00650,CMP-2026-00786,ATM-NO-011,2026-08-05 19:58:03,46.8,20000.0,SUCCESSFUL
EVT-2026-00651,CMP-2026-00787,ATM-EA-036,2026-07-12 08:22:40,35.8,20000.0,SUCCESSFUL
EVT-2026-00652,CMP-2026-00788,ATM-SO-024,2026-08-18 21:17:35,80.2,20000.0,SUCCESSFUL
EVT-2026-00653,CMP-2026-00789,ATM-WE-041,2026-07-12 21:12:17,52.9,22466.27,SUCCESSFUL
EVT-2026-00654,CMP-2026-00790,ATM-CE-001,2026-05-06 16:27:44,50.4,10000.0,SUCCESSFUL
EVT-2026-00655,CMP-2026-00791,ATM-SO-029,2026-05-24 12:42:48,47.1,10000.0,SUCCESSFUL
EVT-2026-00656,CMP-2026-00792,ATM-SO-027,2026-05-24 14:47:11,34.7,50000.0,SUCCESSFUL
EVT-2026-00657,CMP-2026-00794,ATM-WE-050,2026-03-28 13:01:13,48.9,9956.4,SUCCESSFUL
EVT-2026-00658,CMP-2026-00795,ATM-SO-021,2026-03-26 18:12:33,16.8,10000.0,SUCCESSFUL
EVT-2026-00659,CMP-2026-00796,ATM-NO-013,2026-05-27 17:07:16,27.1,10000.0,SUCCESSFUL
EVT-2026-00660,CMP-2026-00797,ATM-EA-038,2026-03-01 12:17:59,60.8,20000.0,SUCCESSFUL
EVT-2026-00661,CMP-2026-00798,ATM-WE-048,2026-06-12 09:42:03,31.5,10000.0,SUCCESSFUL
EVT-2026-00662,CMP-2026-00799,ATM-NO-016,2026-03-24 17:16:43,49.1,50000.0,SUCCESSFUL
EVT-2026-00663,CMP-2026-00800,ATM-CE-008,2026-08-21 12:06:49,102.8,20000.0,SUCCESSFUL
EVT-2026-00664,CMP-2026-00801,ATM-WE-049,2026-08-19 09:27:52,30.5,8321.78,SUCCESSFUL
EVT-2026-00665,CMP-2026-00802,ATM-EA-037,2026-03-04 19:44:07,43.5,20000.0,SUCCESSFUL
EVT-2026-00666,CMP-2026-00803,ATM-WE-050,2026-07-03 16:14:30,112.2,50000.0,SUCCESSFUL
EVT-2026-00667,CMP-2026-00804,ATM-EA-032,2026-04-25 19:23:23,18.5,26334.91,SUCCESSFUL
EVT-2026-00668,CMP-2026-00805,ATM-NO-011,2026-05-22 12:00:21,26.7,50000.0,SUCCESSFUL
EVT-2026-00669,CMP-2026-00807,ATM-CE-001,2026-05-28 20:05:08,76.9,34856.28,INTERCEPTED
EVT-2026-00670,CMP-2026-00808,ATM-CE-002,2026-04-10 14:31:13,23.0,20000.0,SUCCESSFUL
EVT-2026-00671,CMP-2026-00809,ATM-CE-005,2026-03-24 00:59:22,133.7,18806.96,SUCCESSFUL
EVT-2026-00672,CMP-2026-00810,ATM-NO-014,2026-04-16 21:09:21,34.7,10000.0,SUCCESSFUL
EVT-2026-00673,CMP-2026-00811,ATM-SO-027,2026-06-28 08:46:56,65.1,10000.0,SUCCESSFUL
EVT-2026-00674,CMP-2026-00812,ATM-NO-017,2026-05-08 05:03:23,28.1,20000.0,SUCCESSFUL
EVT-2026-00675,CMP-2026-00813,ATM-WE-048,2026-04-06 17:29:06,45.4,50000.0,SUCCESSFUL
EVT-2026-00676,CMP-2026-00814,ATM-SO-021,2026-06-28 11:12:37,30.1,20000.0,SUCCESSFUL
EVT-2026-00677,CMP-2026-00815,ATM-NO-019,2026-05-15 17:40:25,43.3,10000.0,SUCCESSFUL
EVT-2026-00678,CMP-2026-00816,ATM-SO-030,2026-04-20 14:24:00,33.9,20000.0,SUCCESSFUL
EVT-2026-00679,CMP-2026-00818,ATM-WE-048,2026-05-04 16:52:59,86.7,50000.0,SUCCESSFUL
EVT-2026-00680,CMP-2026-00819,ATM-NO-016,2026-08-11 20:28:42,43.7,20000.0,INTERCEPTED
EVT-2026-00681,CMP-2026-00821,ATM-CE-007,2026-06-29 11:42:16,33.2,10000.0,SUCCESSFUL
EVT-2026-00682,CMP-2026-00822,ATM-CE-002,2026-07-09 18:47:18,100.4,20000.0,SUCCESSFUL
EVT-2026-00683,CMP-2026-00823,ATM-CE-006,2026-05-22 12:43:07,24.9,10000.0,SUCCESSFUL
EVT-2026-00684,CMP-2026-00825,ATM-NO-015,2026-05-04 12:17:41,34.4,10000.0,SUCCESSFUL
EVT-2026-00685,CMP-2026-00826,ATM-EA-038,2026-03-18 17:24:26,35.5,20000.0,SUCCESSFUL
EVT-2026-00686,CMP-2026-00827,ATM-CE-005,2026-06-28 10:40:06,29.8,19204.54,SUCCESSFUL
EVT-2026-00687,CMP-2026-00828,ATM-WE-047,2026-08-19 13:48:15,30.3,40000.0,SUCCESSFUL
EVT-2026-00688,CMP-2026-00829,ATM-NO-017,2026-07-25 06:31:18,20.2,50000.0,SUCCESSFUL
EVT-2026-00689,CMP-2026-00831,ATM-EA-038,2026-07-22 20:52:01,130.1,10000.0,INTERCEPTED
EVT-2026-00690,CMP-2026-00832,ATM-WE-050,2026-07-09 20:35:02,160.9,23590.48,SUCCESSFUL
EVT-2026-00691,CMP-2026-00833,ATM-CE-001,2026-07-01 23:38:08,26.5,40000.0,SUCCESSFUL
EVT-2026-00692,CMP-2026-00835,ATM-EA-038,2026-07-09 09:52:58,55.8,50000.0,SUCCESSFUL
EVT-2026-00693,CMP-2026-00836,ATM-CE-003,2026-03-21 13:26:31,60.1,40000.0,SUCCESSFUL
EVT-2026-00694,CMP-2026-00838,ATM-CE-006,2026-06-04 00:43:25,55.8,20000.0,SUCCESSFUL
EVT-2026-00695,CMP-2026-00839,ATM-CE-006,2026-08-24 20:36:18,53.4,10000.0,SUCCESSFUL
EVT-2026-00696,CMP-2026-00840,ATM-WE-047,2026-05-17 18:23:11,96.9,50000.0,INTERCEPTED
EVT-2026-00697,CMP-2026-00841,ATM-CE-008,2026-07-27 20:23:05,25.4,20000.0,SUCCESSFUL
EVT-2026-00698,CMP-2026-00842,ATM-EA-034,2026-05-31 19:52:20,81.4,20000.0,INTERCEPTED
EVT-2026-00699,CMP-2026-00844,ATM-SO-026,2026-03-11 00:27:11,132.6,50000.0,SUCCESSFUL
EVT-2026-00700,CMP-2026-00845,ATM-SO-027,2026-03-15 12:10:54,42.1,10000.0,SUCCESSFUL
EVT-2026-00701,CMP-2026-00846,ATM-CE-007,2026-08-02 09:10:43,162.4,33229.63,SUCCESSFUL
EVT-2026-00702,CMP-2026-00847,ATM-WE-042,2026-03-04 11:13:48,48.4,10000.0,SUCCESSFUL
EVT-2026-00703,CMP-2026-00848,ATM-SO-022,2026-07-21 15:03:38,24.0,20000.0,SUCCESSFUL
EVT-2026-00704,CMP-2026-00849,ATM-NO-020,2026-06-26 16:08:42,39.4,10000.0,SUCCESSFUL
EVT-2026-00705,CMP-2026-00850,ATM-WE-050,2026-07-25 16:42:56,48.5,50000.0,SUCCESSFUL
EVT-2026-00706,CMP-2026-00851,ATM-NO-020,2026-07-07 08:11:29,47.7,10000.0,SUCCESSFUL
EVT-2026-00707,CMP-2026-00852,ATM-EA-035,2026-07-15 18:18:42,64.7,21260.11,SUCCESSFUL
EVT-2026-00708,CMP-2026-00854,ATM-SO-027,2026-05-28 05:09:37,76.9,50000.0,SUCCESSFUL
EVT-2026-00709,CMP-2026-00855,ATM-CE-004,2026-03-20 17:35:18,236.1,39376.47,INTERCEPTED
EVT-2026-00710,CMP-2026-00856,ATM-CE-009,2026-07-27 15:26:21,73.6,50000.0,INTERCEPTED
EVT-2026-00711,CMP-2026-00857,ATM-EA-038,2026-06-22 17:12:28,148.9,50000.0,SUCCESSFUL
EVT-2026-00712,CMP-2026-00859,ATM-SO-023,2026-03-01 10:55:53,128.8,50000.0,SUCCESSFUL
EVT-2026-00713,CMP-2026-00861,ATM-CE-003,2026-04-01 18:22:22,45.2,20000.0,SUCCESSFUL
EVT-2026-00714,CMP-2026-00862,ATM-WE-045,2026-03-19 18:53:47,71.2,40000.0,SUCCESSFUL
EVT-2026-00715,CMP-2026-00864,ATM-CE-006,2026-08-12 06:15:55,27.7,40000.0,SUCCESSFUL
EVT-2026-00716,CMP-2026-00865,ATM-NO-020,2026-08-22 12:27:13,58.4,32525.06,SUCCESSFUL
EVT-2026-00717,CMP-2026-00866,ATM-NO-020,2026-06-17 20:01:48,65.0,20502.8,SUCCESSFUL
EVT-2026-00718,CMP-2026-00867,ATM-SO-028,2026-07-07 16:55:55,56.3,20000.0,SUCCESSFUL
EVT-2026-00719,CMP-2026-00868,ATM-CE-004,2026-04-07 20:17:56,92.6,20000.0,SUCCESSFUL
EVT-2026-00720,CMP-2026-00869,ATM-SO-027,2026-08-24 19:45:24,64.2,40000.0,SUCCESSFUL
EVT-2026-00721,CMP-2026-00870,ATM-NO-016,2026-07-15 20:49:39,74.2,50000.0,SUCCESSFUL
EVT-2026-00722,CMP-2026-00871,ATM-SO-027,2026-06-30 13:00:24,62.5,18652.04,SUCCESSFUL
EVT-2026-00723,CMP-2026-00872,ATM-NO-015,2026-06-03 23:41:52,40.5,10000.0,SUCCESSFUL
EVT-2026-00724,CMP-2026-00873,ATM-SO-023,2026-04-05 07:40:55,52.1,25960.53,SUCCESSFUL
EVT-2026-00725,CMP-2026-00874,ATM-NO-020,2026-07-02 19:37:18,87.4,26164.39,SUCCESSFUL
EVT-2026-00726,CMP-2026-00875,ATM-CE-009,2026-04-06 13:10:20,36.3,5980.86,SUCCESSFUL
EVT-2026-00727,CMP-2026-00876,ATM-SO-025,2026-03-19 13:35:55,40.2,20000.0,SUCCESSFUL
EVT-2026-00728,CMP-2026-00877,ATM-SO-023,2026-07-12 21:21:36,166.2,40000.0,SUCCESSFUL
EVT-2026-00729,CMP-2026-00878,ATM-NO-011,2026-03-09 13:00:03,95.7,40000.0,SUCCESSFUL
EVT-2026-00730,CMP-2026-00879,ATM-SO-022,2026-03-10 12:56:55,69.7,50000.0,SUCCESSFUL
EVT-2026-00731,CMP-2026-00880,ATM-EA-036,2026-07-28 18:57:22,118.7,14495.32,SUCCESSFUL
EVT-2026-00732,CMP-2026-00881,ATM-WE-048,2026-06-07 17:02:48,24.6,20000.0,SUCCESSFUL
EVT-2026-00733,CMP-2026-00882,ATM-WE-048,2026-04-23 00:02:06,170.4,20000.0,SUCCESSFUL
EVT-2026-00734,CMP-2026-00883,ATM-CE-008,2026-03-22 14:04:41,62.2,40000.0,INTERCEPTED
EVT-2026-00735,CMP-2026-00884,ATM-SO-026,2026-06-14 14:39:22,83.4,20000.0,INTERCEPTED
EVT-2026-00736,CMP-2026-00885,ATM-NO-018,2026-08-15 16:12:44,34.7,26765.53,SUCCESSFUL
EVT-2026-00737,CMP-2026-00886,ATM-NO-017,2026-05-28 17:57:33,81.0,40000.0,SUCCESSFUL
EVT-2026-00738,CMP-2026-00887,ATM-WE-041,2026-08-21 00:29:40,56.6,20000.0,SUCCESSFUL
EVT-2026-00739,CMP-2026-00888,ATM-CE-001,2026-05-14 14:59:42,25.3,20000.0,SUCCESSFUL
EVT-2026-00740,CMP-2026-00889,ATM-CE-001,2026-08-07 18:22:07,39.8,40000.0,SUCCESSFUL
EVT-2026-00741,CMP-2026-00890,ATM-WE-042,2026-04-09 17:16:10,27.5,10000.0,SUCCESSFUL
EVT-2026-00742,CMP-2026-00891,ATM-WE-041,2026-03-22 00:02:25,40.0,20000.0,SUCCESSFUL
EVT-2026-00743,CMP-2026-00892,ATM-CE-008,2026-08-20 20:08:48,84.9,10000.0,SUCCESSFUL
EVT-2026-00744,CMP-2026-00893,ATM-EA-037,2026-05-09 21:14:49,40.1,36284.36,SUCCESSFUL
EVT-2026-00745,CMP-2026-00894,ATM-WE-047,2026-06-01 15:09:39,37.2,40000.0,SUCCESSFUL
EVT-2026-00746,CMP-2026-00895,ATM-CE-006,2026-08-09 18:00:20,108.0,10000.0,SUCCESSFUL
EVT-2026-00747,CMP-2026-00896,ATM-NO-017,2026-03-31 20:27:58,38.4,10000.0,SUCCESSFUL
EVT-2026-00748,CMP-2026-00897,ATM-WE-042,2026-04-07 09:28:31,47.7,50000.0,SUCCESSFUL
EVT-2026-00749,CMP-2026-00899,ATM-WE-044,2026-08-06 06:40:09,52.3,10000.0,SUCCESSFUL
EVT-2026-00750,CMP-2026-00900,ATM-WE-047,2026-07-13 21:54:46,45.8,40000.0,INTERCEPTED
EVT-2026-00751,CMP-2026-00901,ATM-EA-032,2026-03-14 23:20:03,188.2,10000.0,SUCCESSFUL
EVT-2026-00752,CMP-2026-00902,ATM-CE-009,2026-04-10 10:50:57,34.5,7796.97,SUCCESSFUL
EVT-2026-00753,CMP-2026-00903,ATM-NO-011,2026-05-17 21:38:43,37.3,10000.0,SUCCESSFUL
EVT-2026-00754,CMP-2026-00904,ATM-EA-036,2026-06-24 20:15:08,36.1,10000.0,SUCCESSFUL
EVT-2026-00755,CMP-2026-00906,ATM-SO-027,2026-03-20 12:09:28,18.8,10000.0,SUCCESSFUL
EVT-2026-00756,CMP-2026-00907,ATM-WE-049,2026-04-20 14:41:46,42.3,10000.0,SUCCESSFUL
EVT-2026-00757,CMP-2026-00908,ATM-NO-019,2026-05-25 15:13:36,39.4,50000.0,SUCCESSFUL
EVT-2026-00758,CMP-2026-00909,ATM-NO-016,2026-07-22 22:35:03,40.5,16033.9,SUCCESSFUL
EVT-2026-00759,CMP-2026-00912,ATM-NO-018,2026-03-03 06:13:59,18.4,10000.0,SUCCESSFUL
EVT-2026-00760,CMP-2026-00913,ATM-WE-042,2026-03-01 13:13:19,34.9,10000.0,SUCCESSFUL
EVT-2026-00761,CMP-2026-00915,ATM-WE-048,2026-05-01 07:37:07,130.2,15342.26,INTERCEPTED
EVT-2026-00762,CMP-2026-00916,ATM-NO-011,2026-04-09 13:22:07,28.9,15305.75,SUCCESSFUL
EVT-2026-00763,CMP-2026-00917,ATM-WE-044,2026-06-29 18:11:53,95.0,50000.0,SUCCESSFUL
EVT-2026-00764,CMP-2026-00918,ATM-WE-045,2026-03-14 13:46:11,64.1,20000.0,SUCCESSFUL
EVT-2026-00765,CMP-2026-00919,ATM-SO-022,2026-05-27 16:54:06,32.7,20000.0,SUCCESSFUL
EVT-2026-00766,CMP-2026-00921,ATM-EA-032,2026-04-27 13:34:45,66.4,34336.72,SUCCESSFUL
EVT-2026-00767,CMP-2026-00922,ATM-CE-004,2026-03-28 17:21:38,45.3,47262.0,SUCCESSFUL
EVT-2026-00768,CMP-2026-00923,ATM-WE-045,2026-03-31 22:11:51,51.6,50000.0,SUCCESSFUL
EVT-2026-00769,CMP-2026-00924,ATM-CE-002,2026-04-19 14:39:02,75.9,35793.57,SUCCESSFUL
EVT-2026-00770,CMP-2026-00925,ATM-CE-005,2026-05-23 09:50:22,27.6,10000.0,SUCCESSFUL
EVT-2026-00771,CMP-2026-00927,ATM-CE-002,2026-08-02 07:57:33,48.6,40000.0,SUCCESSFUL
EVT-2026-00772,CMP-2026-00928,ATM-WE-048,2026-07-11 19:12:45,152.7,10000.0,SUCCESSFUL
EVT-2026-00773,CMP-2026-00929,ATM-NO-016,2026-06-22 16:54:53,62.3,20000.0,SUCCESSFUL
EVT-2026-00774,CMP-2026-00931,ATM-NO-019,2026-05-24 21:16:34,27.4,20000.0,SUCCESSFUL
EVT-2026-00775,CMP-2026-00933,ATM-NO-017,2026-03-25 19:24:33,52.0,17361.64,SUCCESSFUL
EVT-2026-00776,CMP-2026-00935,ATM-CE-007,2026-07-24 14:15:54,36.2,20000.0,SUCCESSFUL
EVT-2026-00777,CMP-2026-00937,ATM-NO-012,2026-06-27 16:58:44,49.0,34255.09,SUCCESSFUL
EVT-2026-00778,CMP-2026-00938,ATM-NO-012,2026-03-08 09:06:52,138.4,36435.05,SUCCESSFUL
EVT-2026-00779,CMP-2026-00940,ATM-CE-002,2026-05-05 06:43:43,72.8,10000.0,INTERCEPTED
EVT-2026-00780,CMP-2026-00942,ATM-EA-034,2026-06-23 17:55:07,97.2,20000.0,SUCCESSFUL
EVT-2026-00781,CMP-2026-00945,ATM-SO-027,2026-04-10 18:55:34,90.2,40000.0,SUCCESSFUL
EVT-2026-00782,CMP-2026-00946,ATM-SO-024,2026-05-26 20:31:21,113.4,20000.0,SUCCESSFUL
EVT-2026-00783,CMP-2026-00947,ATM-SO-021,2026-04-11 20:44:55,192.2,20000.0,INTERCEPTED
EVT-2026-00784,CMP-2026-00948,ATM-EA-037,2026-05-05 22:11:07,85.3,20000.0,SUCCESSFUL
EVT-2026-00785,CMP-2026-00949,ATM-CE-001,2026-04-29 15:41:19,33.8,5405.03,SUCCESSFUL
EVT-2026-00786,CMP-2026-00951,ATM-EA-037,2026-03-05 19:47:57,105.8,11680.56,INTERCEPTED
EVT-2026-00787,CMP-2026-00952,ATM-EA-036,2026-06-01 09:53:29,55.9,14594.77,SUCCESSFUL
EVT-2026-00788,CMP-2026-00954,ATM-EA-032,2026-06-16 06:14:00,37.3,38790.48,SUCCESSFUL
EVT-2026-00789,CMP-2026-00955,ATM-SO-023,2026-08-18 10:51:08,37.7,50000.0,SUCCESSFUL
EVT-2026-00790,CMP-2026-00958,ATM-CE-005,2026-04-02 14:22:22,39.8,40000.0,SUCCESSFUL
EVT-2026-00791,CMP-2026-00959,ATM-EA-032,2026-08-14 17:58:50,20.2,24805.92,SUCCESSFUL
EVT-2026-00792,CMP-2026-00960,ATM-SO-023,2026-05-09 15:02:50,56.8,50000.0,SUCCESSFUL
EVT-2026-00793,CMP-2026-00961,ATM-CE-003,2026-07-27 19:12:29,34.4,10000.0,SUCCESSFUL
EVT-2026-00794,CMP-2026-00962,ATM-NO-013,2026-08-05 10:03:57,89.4,10000.0,SUCCESSFUL
EVT-2026-00795,CMP-2026-00964,ATM-SO-023,2026-08-09 16:28:27,38.7,9716.31,SUCCESSFUL
EVT-2026-00796,CMP-2026-00965,ATM-SO-023,2026-05-06 07:56:07,53.4,20000.0,SUCCESSFUL
EVT-2026-00797,CMP-2026-00966,ATM-SO-027,2026-08-16 22:00:05,89.3,40000.0,SUCCESSFUL
EVT-2026-00798,CMP-2026-00967,ATM-WE-048,2026-07-12 17:37:34,108.7,10000.0,SUCCESSFUL
EVT-2026-00799,CMP-2026-00969,ATM-EA-038,2026-03-16 12:01:17,22.4,20982.89,SUCCESSFUL
EVT-2026-00800,CMP-2026-00970,ATM-WE-049,2026-04-04 16:58:54,73.1,10000.0,SUCCESSFUL
EVT-2026-00801,CMP-2026-00971,ATM-CE-005,2026-05-07 12:28:44,15.0,50000.0,SUCCESSFUL
EVT-2026-00802,CMP-2026-00972,ATM-WE-047,2026-05-05 11:45:58,36.5,40000.0,SUCCESSFUL
EVT-2026-00803,CMP-2026-00973,ATM-CE-001,2026-04-17 17:28:50,114.4,33399.67,SUCCESSFUL
EVT-2026-00804,CMP-2026-00974,ATM-WE-049,2026-05-11 11:10:23,57.0,50000.0,INTERCEPTED
EVT-2026-00805,CMP-2026-00976,ATM-EA-038,2026-06-12 20:33:49,104.1,13249.05,SUCCESSFUL
EVT-2026-00806,CMP-2026-00977,ATM-WE-049,2026-06-27 10:49:56,62.7,19948.73,INTERCEPTED
EVT-2026-00807,CMP-2026-00978,ATM-CE-005,2026-05-31 14:24:39,94.3,10000.0,INTERCEPTED
EVT-2026-00808,CMP-2026-00979,ATM-NO-018,2026-08-21 07:33:30,32.7,20000.0,SUCCESSFUL
EVT-2026-00809,CMP-2026-00980,ATM-EA-034,2026-05-24 13:06:15,27.8,30869.1,SUCCESSFUL
EVT-2026-00810,CMP-2026-00981,ATM-NO-016,2026-04-09 16:18:26,72.8,26069.42,SUCCESSFUL
EVT-2026-00811,CMP-2026-00982,ATM-NO-020,2026-08-15 15:51:15,25.6,40000.0,SUCCESSFUL
EVT-2026-00812,CMP-2026-00984,ATM-CE-003,2026-07-26 18:43:59,63.5,7816.35,SUCCESSFUL
EVT-2026-00813,CMP-2026-00985,ATM-EA-040,2026-08-15 10:06:45,33.5,20000.0,SUCCESSFUL
EVT-2026-00814,CMP-2026-00986,ATM-SO-028,2026-06-19 13:59:30,16.5,10000.0,SUCCESSFUL
EVT-2026-00815,CMP-2026-00987,ATM-SO-021,2026-08-23 12:51:12,45.9,40000.0,SUCCESSFUL
EVT-2026-00816,CMP-2026-00988,ATM-WE-049,2026-06-30 00:17:47,52.2,10000.0,SUCCESSFUL
EVT-2026-00817,CMP-2026-00989,ATM-WE-049,2026-07-11 12:24:39,79.7,31178.99,SUCCESSFUL
EVT-2026-00818,CMP-2026-00990,ATM-WE-048,2026-06-09 11:32:29,55.1,40000.0,SUCCESSFUL
EVT-2026-00819,CMP-2026-00992,ATM-SO-029,2026-06-12 16:45:05,28.9,10000.0,SUCCESSFUL
EVT-2026-00820,CMP-2026-00993,ATM-CE-003,2026-06-09 08:57:53,25.6,10000.0,SUCCESSFUL
EVT-2026-00821,CMP-2026-00994,ATM-SO-029,2026-07-23 12:43:24,26.5,14160.01,SUCCESSFUL
EVT-2026-00822,CMP-2026-00995,ATM-CE-005,2026-07-03 17:55:33,151.0,20000.0,SUCCESSFUL
EVT-2026-00823,CMP-2026-00996,ATM-SO-029,2026-08-21 14:54:49,25.1,10000.0,SUCCESSFUL
EVT-2026-00824,CMP-2026-00997,ATM-WE-043,2026-05-26 08:56:43,40.7,20000.0,SUCCESSFUL
EVT-2026-00825,CMP-2026-00998,ATM-EA-035,2026-06-30 21:59:15,164.4,20253.94,SUCCESSFUL
EVT-2026-00826,CMP-2026-00999,ATM-WE-043,2026-03-02 19:49:27,56.2,10000.0,SUCCESSFUL
EVT-2026-00827,CMP-2026-01000,ATM-NO-012,2026-05-11 18:02:41,74.8,20000.0,SUCCESSFUL
EVT-2026-00828,CMP-2026-01001,ATM-NO-020,2026-05-03 18:46:48,49.2,20000.0,SUCCESSFUL
EVT-2026-00829,CMP-2026-01002,ATM-NO-012,2026-05-29 15:34:40,22.4,40000.0,SUCCESSFUL
EVT-2026-00830,CMP-2026-01003,ATM-CE-004,2026-04-07 12:27:11,74.3,29274.94,INTERCEPTED
EVT-2026-00831,CMP-2026-01004,ATM-NO-013,2026-03-20 12:57:16,59.2,35496.02,SUCCESSFUL
EVT-2026-00832,CMP-2026-01005,ATM-CE-003,2026-06-19 11:41:57,113.1,10000.0,SUCCESSFUL
EVT-2026-00833,CMP-2026-01007,ATM-WE-042,2026-08-07 00:33:04,56.2,17093.56,SUCCESSFUL
EVT-2026-00834,CMP-2026-01008,ATM-NO-019,2026-08-25 20:26:18,87.8,20000.0,SUCCESSFUL
EVT-2026-00835,CMP-2026-01009,ATM-SO-029,2026-03-24 15:28:04,54.2,10000.0,SUCCESSFUL
EVT-2026-00836,CMP-2026-01010,ATM-WE-043,2026-05-30 22:49:50,23.9,20000.0,SUCCESSFUL
EVT-2026-00837,CMP-2026-01011,ATM-EA-040,2026-05-22 14:41:29,33.8,40000.0,SUCCESSFUL
EVT-2026-00838,CMP-2026-01012,ATM-CE-006,2026-07-03 17:31:00,90.3,10000.0,SUCCESSFUL
EVT-2026-00839,CMP-2026-01013,ATM-WE-048,2026-06-19 12:52:23,36.2,6351.58,SUCCESSFUL
EVT-2026-00840,CMP-2026-01014,ATM-WE-049,2026-04-18 18:35:27,56.1,25389.09,SUCCESSFUL
EVT-2026-00841,CMP-2026-01015,ATM-CE-002,2026-05-15 17:10:40,22.3,50000.0,SUCCESSFUL
EVT-2026-00842,CMP-2026-01016,ATM-CE-003,2026-04-20 18:46:41,35.1,20000.0,SUCCESSFUL
EVT-2026-00843,CMP-2026-01017,ATM-SO-027,2026-07-25 18:00:32,74.3,25031.12,SUCCESSFUL
EVT-2026-00844,CMP-2026-01018,ATM-CE-002,2026-04-05 09:51:21,59.6,10000.0,SUCCESSFUL
EVT-2026-00845,CMP-2026-01020,ATM-CE-009,2026-07-31 21:22:42,49.1,50000.0,SUCCESSFUL
EVT-2026-00846,CMP-2026-01021,ATM-WE-041,2026-04-24 06:46:58,71.1,30985.42,INTERCEPTED
EVT-2026-00847,CMP-2026-01022,ATM-EA-040,2026-03-30 16:09:05,55.2,10000.0,SUCCESSFUL
EVT-2026-00848,CMP-2026-01023,ATM-NO-016,2026-05-20 20:57:03,35.8,40000.0,SUCCESSFUL
EVT-2026-00849,CMP-2026-01024,ATM-CE-008,2026-05-01 15:44:21,138.2,12671.88,SUCCESSFUL
EVT-2026-00850,CMP-2026-01026,ATM-EA-038,2026-04-21 17:01:25,40.7,44711.16,SUCCESSFUL
EVT-2026-00851,CMP-2026-01027,ATM-CE-009,2026-08-08 16:06:38,42.0,20000.0,SUCCESSFUL
EVT-2026-00852,CMP-2026-01029,ATM-SO-025,2026-05-15 12:57:37,78.0,10000.0,INTERCEPTED
EVT-2026-00853,CMP-2026-01030,ATM-CE-007,2026-05-01 13:02:20,102.0,34244.38,SUCCESSFUL
EVT-2026-00854,CMP-2026-01031,ATM-NO-016,2026-05-11 19:12:31,76.1,40000.0,SUCCESSFUL
EVT-2026-00855,CMP-2026-01032,ATM-SO-029,2026-06-02 18:20:58,52.5,10000.0,SUCCESSFUL
EVT-2026-00856,CMP-2026-01033,ATM-EA-032,2026-03-23 16:04:40,109.0,10000.0,INTERCEPTED
EVT-2026-00857,CMP-2026-01035,ATM-EA-034,2026-05-25 12:31:55,28.9,10000.0,SUCCESSFUL
EVT-2026-00858,CMP-2026-01036,ATM-NO-020,2026-03-20 00:41:41,62.5,28748.6,SUCCESSFUL
EVT-2026-00859,CMP-2026-01037,ATM-NO-018,2026-04-25 09:54:16,38.5,20000.0,SUCCESSFUL
EVT-2026-00860,CMP-2026-01038,ATM-SO-021,2026-03-24 16:05:36,72.4,38220.97,SUCCESSFUL
EVT-2026-00861,CMP-2026-01039,ATM-SO-029,2026-08-02 22:53:29,32.6,40000.0,SUCCESSFUL
EVT-2026-00862,CMP-2026-01040,ATM-SO-029,2026-06-07 13:59:29,50.8,41162.18,SUCCESSFUL
EVT-2026-00863,CMP-2026-01041,ATM-SO-027,2026-06-23 19:28:19,51.9,21512.4,SUCCESSFUL
EVT-2026-00864,CMP-2026-01042,ATM-SO-025,2026-05-26 13:08:51,54.0,40000.0,SUCCESSFUL
EVT-2026-00865,CMP-2026-01043,ATM-SO-026,2026-04-16 10:04:37,45.6,20000.0,SUCCESSFUL
EVT-2026-00866,CMP-2026-01044,ATM-NO-012,2026-05-01 15:16:39,106.1,50000.0,SUCCESSFUL
EVT-2026-00867,CMP-2026-01045,ATM-NO-019,2026-05-25 14:19:55,19.1,40000.0,SUCCESSFUL
EVT-2026-00868,CMP-2026-01046,ATM-CE-002,2026-06-16 18:28:29,38.5,20000.0,SUCCESSFUL
EVT-2026-00869,CMP-2026-01047,ATM-NO-013,2026-05-14 09:24:21,48.9,20000.0,SUCCESSFUL
EVT-2026-00870,CMP-2026-01048,ATM-CE-009,2026-06-25 17:04:02,70.6,10000.0,SUCCESSFUL
EVT-2026-00871,CMP-2026-01050,ATM-CE-006,2026-07-24 16:04:02,20.8,16931.88,SUCCESSFUL
EVT-2026-00872,CMP-2026-01051,ATM-EA-033,2026-05-14 04:43:01,49.0,10788.3,SUCCESSFUL
EVT-2026-00873,CMP-2026-01052,ATM-WE-048,2026-03-20 22:00:00,90.4,39253.8,INTERCEPTED
EVT-2026-00874,CMP-2026-01053,ATM-CE-004,2026-03-04 08:47:10,103.6,6326.15,SUCCESSFUL
EVT-2026-00875,CMP-2026-01054,ATM-WE-049,2026-03-23 23:36:09,67.4,10000.0,INTERCEPTED
EVT-2026-00876,CMP-2026-01055,ATM-NO-015,2026-05-28 22:45:49,84.4,22792.15,SUCCESSFUL
EVT-2026-00877,CMP-2026-01056,ATM-WE-045,2026-08-27 18:20:09,50.4,40000.0,INTERCEPTED
EVT-2026-00878,CMP-2026-01057,ATM-NO-015,2026-07-14 14:40:52,31.8,50000.0,SUCCESSFUL
EVT-2026-00879,CMP-2026-01058,ATM-SO-024,2026-03-13 19:10:05,39.9,40000.0,SUCCESSFUL
EVT-2026-00880,CMP-2026-01059,ATM-NO-013,2026-07-26 16:30:01,37.0,20000.0,SUCCESSFUL
EVT-2026-00881,CMP-2026-01060,ATM-NO-012,2026-05-09 19:58:05,29.8,10000.0,SUCCESSFUL
EVT-2026-00882,CMP-2026-01061,ATM-WE-041,2026-04-05 20:24:06,36.3,20000.0,SUCCESSFUL
EVT-2026-00883,CMP-2026-01063,ATM-CE-001,2026-03-29 11:36:35,50.6,10000.0,SUCCESSFUL
EVT-2026-00884,CMP-2026-01065,ATM-SO-027,2026-08-03 16:09:00,55.9,50000.0,SUCCESSFUL
EVT-2026-00885,CMP-2026-01066,ATM-CE-003,2026-04-28 23:45:07,34.3,6062.51,SUCCESSFUL
EVT-2026-00886,CMP-2026-01068,ATM-SO-028,2026-06-13 21:16:23,91.9,20000.0,SUCCESSFUL
EVT-2026-00887,CMP-2026-01069,ATM-EA-038,2026-03-17 16:57:29,47.0,40000.0,SUCCESSFUL
EVT-2026-00888,CMP-2026-01070,ATM-NO-014,2026-08-15 14:03:52,15.2,23536.86,SUCCESSFUL
EVT-2026-00889,CMP-2026-01071,ATM-CE-006,2026-06-25 08:01:10,16.6,20000.0,SUCCESSFUL
EVT-2026-00890,CMP-2026-01072,ATM-CE-002,2026-05-27 11:19:10,58.6,40000.0,SUCCESSFUL
EVT-2026-00891,CMP-2026-01073,ATM-WE-045,2026-07-23 01:35:40,66.9,38069.24,SUCCESSFUL
EVT-2026-00892,CMP-2026-01075,ATM-NO-019,2026-05-27 18:31:05,62.5,22196.1,INTERCEPTED
EVT-2026-00893,CMP-2026-01076,ATM-CE-001,2026-04-03 15:33:37,71.3,40000.0,SUCCESSFUL
EVT-2026-00894,CMP-2026-01078,ATM-EA-034,2026-03-29 22:06:14,33.1,25449.16,SUCCESSFUL
EVT-2026-00895,CMP-2026-01079,ATM-EA-037,2026-06-06 18:47:19,18.3,50000.0,SUCCESSFUL
EVT-2026-00896,CMP-2026-01080,ATM-CE-006,2026-07-11 11:50:04,54.1,21483.86,SUCCESSFUL
EVT-2026-00897,CMP-2026-01081,ATM-WE-049,2026-07-18 21:08:26,53.1,20155.36,SUCCESSFUL
EVT-2026-00898,CMP-2026-01082,ATM-CE-002,2026-04-04 17:41:27,57.9,12133.96,SUCCESSFUL
EVT-2026-00899,CMP-2026-01083,ATM-NO-017,2026-04-28 12:35:54,54.6,10000.0,SUCCESSFUL
EVT-2026-00900,CMP-2026-01085,ATM-NO-012,2026-04-06 15:03:19,32.1,50000.0,SUCCESSFUL
EVT-2026-00901,CMP-2026-01086,ATM-SO-027,2026-06-27 14:17:32,43.9,27157.4,SUCCESSFUL
EVT-2026-00902,CMP-2026-01087,ATM-EA-037,2026-03-09 18:46:51,32.2,10000.0,SUCCESSFUL
EVT-2026-00903,CMP-2026-01088,ATM-NO-015,2026-08-15 16:03:40,110.0,10000.0,SUCCESSFUL
EVT-2026-00904,CMP-2026-01089,ATM-EA-038,2026-06-24 12:47:15,23.7,50000.0,SUCCESSFUL
EVT-2026-00905,CMP-2026-01090,ATM-CE-003,2026-07-26 14:50:41,59.9,40000.0,SUCCESSFUL
EVT-2026-00906,CMP-2026-01091,ATM-CE-006,2026-07-11 22:30:33,37.2,7933.71,SUCCESSFUL
EVT-2026-00907,CMP-2026-01092,ATM-NO-020,2026-08-20 21:33:48,147.7,5194.51,INTERCEPTED
EVT-2026-00908,CMP-2026-01093,ATM-NO-012,2026-06-03 18:20:12,64.6,19113.03,SUCCESSFUL
EVT-2026-00909,CMP-2026-01094,ATM-SO-029,2026-06-09 16:12:16,36.8,40000.0,SUCCESSFUL
EVT-2026-00910,CMP-2026-01095,ATM-EA-038,2026-06-30 20:15:36,30.9,10000.0,SUCCESSFUL
EVT-2026-00911,CMP-2026-01096,ATM-CE-008,2026-03-31 16:11:46,60.2,11310.15,SUCCESSFUL
EVT-2026-00912,CMP-2026-01097,ATM-EA-038,2026-06-27 17:00:24,25.8,40000.0,SUCCESSFUL
EVT-2026-00913,CMP-2026-01100,ATM-NO-016,2026-04-28 10:55:10,39.6,50000.0,SUCCESSFUL
EVT-2026-00914,CMP-2026-01101,ATM-CE-008,2026-07-16 20:28:34,28.8,50000.0,SUCCESSFUL
EVT-2026-00915,CMP-2026-01102,ATM-NO-019,2026-05-20 21:10:15,165.3,40000.0,SUCCESSFUL
EVT-2026-00916,CMP-2026-01103,ATM-NO-016,2026-06-02 13:46:47,50.5,20000.0,INTERCEPTED
EVT-2026-00917,CMP-2026-01105,ATM-NO-019,2026-07-27 18:54:12,175.6,20000.0,INTERCEPTED
EVT-2026-00918,CMP-2026-01106,ATM-NO-013,2026-05-22 08:02:54,113.8,20000.0,SUCCESSFUL
EVT-2026-00919,CMP-2026-01107,ATM-NO-015,2026-04-11 20:21:43,30.4,12552.12,SUCCESSFUL
EVT-2026-00920,CMP-2026-01108,ATM-WE-048,2026-06-11 12:46:56,33.2,6291.27,SUCCESSFUL
EVT-2026-00921,CMP-2026-01111,ATM-CE-008,2026-06-16 10:58:34,39.5,31870.83,SUCCESSFUL
EVT-2026-00922,CMP-2026-01112,ATM-EA-034,2026-03-15 22:31:06,27.1,40000.0,SUCCESSFUL
EVT-2026-00923,CMP-2026-01114,ATM-SO-026,2026-03-23 00:51:46,62.5,10000.0,SUCCESSFUL
EVT-2026-00924,CMP-2026-01115,ATM-WE-049,2026-06-22 17:52:45,49.4,40000.0,SUCCESSFUL
EVT-2026-00925,CMP-2026-01116,ATM-NO-011,2026-06-06 11:49:37,40.3,20000.0,SUCCESSFUL
EVT-2026-00926,CMP-2026-01118,ATM-EA-038,2026-08-22 12:43:43,115.1,10000.0,INTERCEPTED
EVT-2026-00927,CMP-2026-01119,ATM-WE-050,2026-04-22 20:07:48,42.7,10000.0,SUCCESSFUL
EVT-2026-00928,CMP-2026-01120,ATM-EA-035,2026-05-25 13:14:34,27.5,39981.68,SUCCESSFUL
EVT-2026-00929,CMP-2026-01121,ATM-WE-048,2026-03-16 10:19:12,106.8,20000.0,SUCCESSFUL
EVT-2026-00930,CMP-2026-01122,ATM-NO-011,2026-05-26 13:05:37,53.1,20000.0,SUCCESSFUL
EVT-2026-00931,CMP-2026-01123,ATM-WE-050,2026-06-10 22:15:50,28.3,10000.0,SUCCESSFUL
EVT-2026-00932,CMP-2026-01124,ATM-NO-018,2026-04-17 20:51:50,84.5,10000.0,SUCCESSFUL
EVT-2026-00933,CMP-2026-01125,ATM-SO-021,2026-03-21 18:22:03,55.6,5519.06,SUCCESSFUL
EVT-2026-00934,CMP-2026-01126,ATM-EA-038,2026-04-27 15:08:26,29.8,40000.0,SUCCESSFUL
EVT-2026-00935,CMP-2026-01128,ATM-CE-005,2026-07-23 13:59:55,20.8,20000.0,SUCCESSFUL
EVT-2026-00936,CMP-2026-01129,ATM-NO-019,2026-04-05 11:19:05,55.9,10000.0,INTERCEPTED
EVT-2026-00937,CMP-2026-01130,ATM-NO-011,2026-03-10 12:50:53,70.9,40000.0,SUCCESSFUL
EVT-2026-00938,CMP-2026-01131,ATM-NO-020,2026-03-03 17:15:24,30.6,42743.75,SUCCESSFUL
EVT-2026-00939,CMP-2026-01132,ATM-NO-019,2026-05-24 17:46:17,25.1,20000.0,SUCCESSFUL
EVT-2026-00940,CMP-2026-01133,ATM-CE-006,2026-04-06 13:29:05,55.3,50000.0,SUCCESSFUL
EVT-2026-00941,CMP-2026-01134,ATM-WE-044,2026-06-21 11:03:41,54.0,10000.0,SUCCESSFUL
EVT-2026-00942,CMP-2026-01135,ATM-EA-034,2026-05-07 12:33:01,35.3,40000.0,SUCCESSFUL
EVT-2026-00943,CMP-2026-01136,ATM-SO-021,2026-03-31 18:05:04,46.9,40000.0,SUCCESSFUL
EVT-2026-00944,CMP-2026-01137,ATM-NO-018,2026-03-10 19:36:45,55.8,16093.09,SUCCESSFUL
EVT-2026-00945,CMP-2026-01138,ATM-CE-003,2026-06-28 15:25:51,27.2,10000.0,SUCCESSFUL
EVT-2026-00946,CMP-2026-01139,ATM-CE-002,2026-03-04 12:40:08,44.2,20000.0,SUCCESSFUL
EVT-2026-00947,CMP-2026-01140,ATM-WE-048,2026-08-24 16:50:48,18.1,40000.0,SUCCESSFUL
EVT-2026-00948,CMP-2026-01141,ATM-SO-021,2026-05-27 17:09:45,31.2,20000.0,SUCCESSFUL
EVT-2026-00949,CMP-2026-01143,ATM-NO-019,2026-03-04 15:49:15,33.3,40000.0,SUCCESSFUL
EVT-2026-00950,CMP-2026-01144,ATM-NO-016,2026-05-28 14:13:48,26.6,40000.0,SUCCESSFUL
EVT-2026-00951,CMP-2026-01146,ATM-NO-011,2026-08-24 13:08:42,50.9,40000.0,SUCCESSFUL
EVT-2026-00952,CMP-2026-01148,ATM-SO-029,2026-08-17 18:14:46,57.5,27377.53,SUCCESSFUL
EVT-2026-00953,CMP-2026-01150,ATM-WE-048,2026-06-19 15:48:54,68.2,20000.0,SUCCESSFUL
EVT-2026-00954,CMP-2026-01151,ATM-EA-037,2026-05-16 14:00:33,40.6,50000.0,SUCCESSFUL
EVT-2026-00955,CMP-2026-01152,ATM-EA-038,2026-06-06 13:06:01,52.3,20000.0,SUCCESSFUL
EVT-2026-00956,CMP-2026-01153,ATM-CE-004,2026-08-03 09:54:07,34.4,6554.56,SUCCESSFUL
EVT-2026-00957,CMP-2026-01154,ATM-NO-018,2026-05-17 13:28:23,29.6,20000.0,SUCCESSFUL
EVT-2026-00958,CMP-2026-01158,ATM-WE-048,2026-05-14 17:42:04,15.8,40000.0,SUCCESSFUL
EVT-2026-00959,CMP-2026-01159,ATM-CE-001,2026-03-28 13:10:49,58.7,10000.0,SUCCESSFUL
EVT-2026-00960,CMP-2026-01160,ATM-SO-021,2026-06-19 20:43:38,86.0,20000.0,SUCCESSFUL
EVT-2026-00961,CMP-2026-01161,ATM-CE-006,2026-04-11 06:18:23,17.0,50000.0,SUCCESSFUL
EVT-2026-00962,CMP-2026-01162,ATM-EA-038,2026-03-25 18:03:52,69.2,40000.0,SUCCESSFUL
EVT-2026-00963,CMP-2026-01163,ATM-CE-005,2026-04-03 11:53:08,28.6,20000.0,SUCCESSFUL
EVT-2026-00964,CMP-2026-01164,ATM-EA-036,2026-04-04 09:20:41,18.3,10000.0,SUCCESSFUL
EVT-2026-00965,CMP-2026-01165,ATM-EA-037,2026-08-14 12:02:47,36.6,20000.0,SUCCESSFUL
EVT-2026-00966,CMP-2026-01167,ATM-SO-027,2026-08-25 12:51:00,55.4,40000.0,SUCCESSFUL
EVT-2026-00967,CMP-2026-01168,ATM-WE-050,2026-08-07 14:44:01,16.6,29568.37,SUCCESSFUL
EVT-2026-00968,CMP-2026-01170,ATM-NO-012,2026-06-11 16:10:04,35.5,10000.0,SUCCESSFUL
EVT-2026-00969,CMP-2026-01172,ATM-CE-002,2026-03-08 14:40:40,25.1,10000.0,SUCCESSFUL
EVT-2026-00970,CMP-2026-01173,ATM-CE-003,2026-06-09 17:34:16,60.5,10000.0,SUCCESSFUL
EVT-2026-00971,CMP-2026-01175,ATM-WE-049,2026-07-18 10:39:42,21.2,24217.98,SUCCESSFUL
EVT-2026-00972,CMP-2026-01176,ATM-NO-013,2026-06-19 21:23:17,319.6,20000.0,SUCCESSFUL
EVT-2026-00973,CMP-2026-01177,ATM-SO-023,2026-06-25 09:44:25,98.7,20000.0,SUCCESSFUL
EVT-2026-00974,CMP-2026-01178,ATM-WE-042,2026-08-16 17:51:50,67.3,50000.0,SUCCESSFUL
EVT-2026-00975,CMP-2026-01179,ATM-SO-030,2026-04-28 08:59:51,58.7,20000.0,SUCCESSFUL
EVT-2026-00976,CMP-2026-01180,ATM-WE-044,2026-08-06 11:14:16,69.0,20000.0,SUCCESSFUL
EVT-2026-00977,CMP-2026-01181,ATM-CE-006,2026-07-08 18:43:18,36.2,36072.0,SUCCESSFUL
EVT-2026-00978,CMP-2026-01182,ATM-CE-003,2026-06-23 17:37:18,31.8,20000.0,SUCCESSFUL
EVT-2026-00979,CMP-2026-01183,ATM-WE-048,2026-05-08 16:24:21,60.3,21961.7,SUCCESSFUL
EVT-2026-00980,CMP-2026-01185,ATM-SO-027,2026-04-02 12:32:47,47.7,40000.0,SUCCESSFUL
EVT-2026-00981,CMP-2026-01186,ATM-NO-011,2026-07-10 05:06:15,38.0,10000.0,SUCCESSFUL
EVT-2026-00982,CMP-2026-01187,ATM-SO-023,2026-08-09 14:51:14,39.2,40000.0,SUCCESSFUL
EVT-2026-00983,CMP-2026-01188,ATM-CE-003,2026-03-03 19:05:39,33.8,10000.0,SUCCESSFUL
EVT-2026-00984,CMP-2026-01189,ATM-SO-023,2026-06-18 23:36:16,125.0,28289.17,SUCCESSFUL
EVT-2026-00985,CMP-2026-01190,ATM-WE-043,2026-05-21 16:54:21,26.3,10000.0,SUCCESSFUL
EVT-2026-00986,CMP-2026-01191,ATM-WE-041,2026-04-14 10:54:02,78.8,16657.57,SUCCESSFUL
EVT-2026-00987,CMP-2026-01192,ATM-EA-034,2026-03-09 18:01:03,52.0,10000.0,SUCCESSFUL
EVT-2026-00988,CMP-2026-01193,ATM-WE-048,2026-03-27 03:59:16,56.6,40000.0,SUCCESSFUL
EVT-2026-00989,CMP-2026-01194,ATM-CE-005,2026-04-29 18:29:52,24.8,18500.63,SUCCESSFUL
EVT-2026-00990,CMP-2026-01195,ATM-NO-020,2026-03-30 14:59:53,41.2,20000.0,SUCCESSFUL
EVT-2026-00991,CMP-2026-01196,ATM-NO-013,2026-08-21 13:59:15,131.6,10000.0,INTERCEPTED
EVT-2026-00992,CMP-2026-01197,ATM-CE-005,2026-04-23 11:40:21,16.4,10000.0,SUCCESSFUL
EVT-2026-00993,CMP-2026-01198,ATM-SO-022,2026-07-15 23:07:23,133.8,50000.0,INTERCEPTED
EVT-2026-00994,CMP-2026-01199,ATM-CE-008,2026-07-04 13:24:24,67.1,20000.0,SUCCESSFUL
EVT-2026-00995,CMP-2026-01200,ATM-SO-025,2026-06-19 13:27:57,81.4,10000.0,SUCCESSFUL
EVT-2026-00996,CMP-2026-01202,ATM-WE-041,2026-08-25 12:04:34,106.1,40000.0,SUCCESSFUL
EVT-2026-00997,CMP-2026-01204,ATM-NO-020,2026-06-19 15:53:01,81.5,50000.0,SUCCESSFUL
EVT-2026-00998,CMP-2026-01205,ATM-WE-048,2026-04-02 12:10:51,31.6,18520.49,SUCCESSFUL
EVT-2026-00999,CMP-2026-01206,ATM-CE-008,2026-03-01 21:24:16,22.8,10000.0,SUCCESSFUL
EVT-2026-01000,CMP-2026-01207,ATM-SO-029,2026-07-11 16:58:18,44.5,47436.22,SUCCESSFUL
EVT-2026-01001,CMP-2026-01208,ATM-NO-015,2026-05-14 18:15:26,54.1,20000.0,SUCCESSFUL
EVT-2026-01002,CMP-2026-01209,ATM-CE-002,2026-03-03 19:50:14,37.5,10000.0,SUCCESSFUL
EVT-2026-01003,CMP-2026-01210,ATM-NO-013,2026-04-25 12:38:41,66.1,10000.0,INTERCEPTED
EVT-2026-01004,CMP-2026-01211,ATM-NO-020,2026-04-29 08:49:01,23.3,10000.0,SUCCESSFUL
EVT-2026-01005,CMP-2026-01213,ATM-SO-023,2026-08-14 19:45:58,15.0,10000.0,SUCCESSFUL
EVT-2026-01006,CMP-2026-01214,ATM-SO-023,2026-06-25 22:42:13,72.1,40000.0,SUCCESSFUL
EVT-2026-01007,CMP-2026-01216,ATM-SO-027,2026-03-11 16:53:01,19.7,38022.69,SUCCESSFUL
EVT-2026-01008,CMP-2026-01217,ATM-CE-003,2026-06-08 11:14:10,73.0,40000.0,SUCCESSFUL
EVT-2026-01009,CMP-2026-01220,ATM-EA-040,2026-06-21 16:02:48,69.6,50000.0,SUCCESSFUL
EVT-2026-01010,CMP-2026-01221,ATM-WE-047,2026-04-03 11:34:37,26.7,40000.0,SUCCESSFUL
EVT-2026-01011,CMP-2026-01222,ATM-SO-023,2026-07-05 16:29:46,129.0,50000.0,INTERCEPTED
EVT-2026-01012,CMP-2026-01224,ATM-NO-019,2026-04-24 12:08:16,35.0,40000.0,SUCCESSFUL
EVT-2026-01013,CMP-2026-01226,ATM-NO-011,2026-05-19 13:52:50,51.0,20000.0,SUCCESSFUL
EVT-2026-01014,CMP-2026-01227,ATM-NO-013,2026-04-04 19:34:22,94.9,31870.86,SUCCESSFUL
EVT-2026-01015,CMP-2026-01229,ATM-NO-020,2026-08-16 17:21:57,38.8,10000.0,SUCCESSFUL
EVT-2026-01016,CMP-2026-01230,ATM-EA-040,2026-05-22 20:00:55,15.0,10000.0,SUCCESSFUL
EVT-2026-01017,CMP-2026-01233,ATM-CE-009,2026-03-19 18:22:22,32.7,10000.0,SUCCESSFUL
EVT-2026-01018,CMP-2026-01235,ATM-WE-048,2026-04-27 06:42:17,30.0,40000.0,SUCCESSFUL
EVT-2026-01019,CMP-2026-01236,ATM-CE-009,2026-07-18 10:34:34,52.5,20000.0,SUCCESSFUL
EVT-2026-01020,CMP-2026-01237,ATM-EA-033,2026-04-19 14:27:16,26.6,10000.0,SUCCESSFUL
EVT-2026-01021,CMP-2026-01238,ATM-WE-043,2026-04-07 15:27:23,64.8,20000.0,SUCCESSFUL
EVT-2026-01022,CMP-2026-01239,ATM-EA-038,2026-07-23 21:19:53,43.6,30731.44,SUCCESSFUL
EVT-2026-01023,CMP-2026-01240,ATM-NO-016,2026-06-19 05:31:16,69.7,20000.0,SUCCESSFUL
EVT-2026-01024,CMP-2026-01241,ATM-SO-026,2026-03-06 14:36:30,38.8,14502.18,SUCCESSFUL
EVT-2026-01025,CMP-2026-01242,ATM-WE-049,2026-03-10 22:10:48,43.4,50000.0,SUCCESSFUL
EVT-2026-01026,CMP-2026-01243,ATM-SO-024,2026-06-19 13:57:30,38.2,10000.0,SUCCESSFUL
EVT-2026-01027,CMP-2026-01244,ATM-NO-018,2026-08-23 13:22:00,33.2,20000.0,SUCCESSFUL
EVT-2026-01028,CMP-2026-01245,ATM-NO-020,2026-03-17 12:37:45,45.8,10000.0,SUCCESSFUL
EVT-2026-01029,CMP-2026-01246,ATM-CE-001,2026-05-22 20:23:43,40.0,14552.26,SUCCESSFUL
EVT-2026-01030,CMP-2026-01248,ATM-NO-020,2026-06-20 18:35:37,97.2,16799.71,SUCCESSFUL
EVT-2026-01031,CMP-2026-01249,ATM-WE-044,2026-08-06 20:29:10,119.7,50000.0,INTERCEPTED
EVT-2026-01032,CMP-2026-01250,ATM-NO-013,2026-05-26 12:35:21,41.2,36179.46,SUCCESSFUL
EVT-2026-01033,CMP-2026-01251,ATM-NO-018,2026-06-17 11:41:11,92.7,10000.0,SUCCESSFUL
EVT-2026-01034,CMP-2026-01252,ATM-CE-002,2026-06-25 14:55:46,65.5,50000.0,SUCCESSFUL
EVT-2026-01035,CMP-2026-01253,ATM-SO-021,2026-04-12 15:03:19,47.7,19521.49,SUCCESSFUL
EVT-2026-01036,CMP-2026-01254,ATM-SO-027,2026-05-01 16:07:02,74.3,35087.91,SUCCESSFUL
EVT-2026-01037,CMP-2026-01255,ATM-CE-006,2026-05-01 13:46:32,122.3,10000.0,SUCCESSFUL
EVT-2026-01038,CMP-2026-01256,ATM-SO-024,2026-07-07 10:07:21,73.8,19425.69,SUCCESSFUL
EVT-2026-01039,CMP-2026-01257,ATM-SO-026,2026-03-18 18:01:28,33.3,50000.0,SUCCESSFUL
EVT-2026-01040,CMP-2026-01258,ATM-NO-019,2026-03-13 15:37:27,30.7,37005.75,SUCCESSFUL
EVT-2026-01041,CMP-2026-01259,ATM-SO-023,2026-04-28 14:10:57,29.3,20000.0,SUCCESSFUL
EVT-2026-01042,CMP-2026-01261,ATM-SO-024,2026-06-23 16:24:58,84.2,20000.0,SUCCESSFUL
EVT-2026-01043,CMP-2026-01262,ATM-NO-016,2026-04-22 12:09:33,30.0,20000.0,SUCCESSFUL
EVT-2026-01044,CMP-2026-01263,ATM-WE-045,2026-07-01 14:36:59,76.7,22925.58,SUCCESSFUL
EVT-2026-01045,CMP-2026-01264,ATM-CE-009,2026-08-16 13:18:55,33.0,10000.0,SUCCESSFUL
EVT-2026-01046,CMP-2026-01265,ATM-EA-031,2026-06-13 10:23:24,103.9,20000.0,SUCCESSFUL
EVT-2026-01047,CMP-2026-01268,ATM-CE-005,2026-03-20 15:12:13,53.3,50000.0,SUCCESSFUL
EVT-2026-01048,CMP-2026-01269,ATM-CE-002,2026-05-10 15:29:44,69.0,50000.0,SUCCESSFUL
EVT-2026-01049,CMP-2026-01270,ATM-NO-019,2026-04-08 09:24:42,73.2,50000.0,SUCCESSFUL
EVT-2026-01050,CMP-2026-01271,ATM-CE-003,2026-05-04 13:31:10,65.0,20000.0,INTERCEPTED
EVT-2026-01051,CMP-2026-01272,ATM-CE-009,2026-03-13 14:36:47,155.6,29588.39,SUCCESSFUL
EVT-2026-01052,CMP-2026-01273,ATM-CE-003,2026-08-23 12:26:35,18.5,17640.68,SUCCESSFUL
EVT-2026-01053,CMP-2026-01274,ATM-NO-019,2026-08-02 18:03:12,65.4,50000.0,SUCCESSFUL
EVT-2026-01054,CMP-2026-01275,ATM-SO-029,2026-06-21 19:01:22,91.8,50000.0,SUCCESSFUL
EVT-2026-01055,CMP-2026-01276,ATM-CE-001,2026-05-09 09:59:06,44.9,10000.0,SUCCESSFUL
EVT-2026-01056,CMP-2026-01277,ATM-SO-024,2026-07-31 06:21:23,65.6,50000.0,SUCCESSFUL
EVT-2026-01057,CMP-2026-01278,ATM-WE-049,2026-08-14 11:23:30,47.1,10000.0,SUCCESSFUL
EVT-2026-01058,CMP-2026-01279,ATM-EA-038,2026-06-11 13:46:31,61.1,50000.0,SUCCESSFUL
EVT-2026-01059,CMP-2026-01280,ATM-WE-047,2026-03-15 13:29:16,42.5,40000.0,SUCCESSFUL
EVT-2026-01060,CMP-2026-01282,ATM-SO-027,2026-03-16 20:52:52,22.2,10000.0,SUCCESSFUL
EVT-2026-01061,CMP-2026-01283,ATM-WE-050,2026-07-02 19:53:15,18.4,10000.0,SUCCESSFUL
EVT-2026-01062,CMP-2026-01284,ATM-SO-029,2026-08-10 10:46:20,131.5,35224.25,SUCCESSFUL
EVT-2026-01063,CMP-2026-01285,ATM-CE-006,2026-05-24 16:11:18,25.0,18052.28,SUCCESSFUL
EVT-2026-01064,CMP-2026-01287,ATM-NO-015,2026-07-13 17:05:48,19.0,10000.0,SUCCESSFUL
EVT-2026-01065,CMP-2026-01288,ATM-WE-047,2026-06-22 17:26:33,109.4,11723.91,SUCCESSFUL
EVT-2026-01066,CMP-2026-01289,ATM-SO-028,2026-06-21 20:00:56,42.4,10000.0,SUCCESSFUL
EVT-2026-01067,CMP-2026-01290,ATM-CE-001,2026-08-01 21:58:56,41.7,14062.89,SUCCESSFUL
EVT-2026-01068,CMP-2026-01291,ATM-WE-043,2026-04-19 11:20:06,64.1,6848.53,SUCCESSFUL
EVT-2026-01069,CMP-2026-01292,ATM-SO-028,2026-07-12 14:40:38,58.2,20000.0,SUCCESSFUL
EVT-2026-01070,CMP-2026-01293,ATM-NO-020,2026-07-05 22:48:01,16.8,10000.0,SUCCESSFUL
EVT-2026-01071,CMP-2026-01294,ATM-CE-001,2026-05-01 20:12:14,67.1,20000.0,SUCCESSFUL
EVT-2026-01072,CMP-2026-01295,ATM-SO-026,2026-07-29 17:19:06,30.7,18576.69,SUCCESSFUL
EVT-2026-01073,CMP-2026-01296,ATM-EA-034,2026-06-27 13:01:40,15.0,21422.81,SUCCESSFUL
EVT-2026-01074,CMP-2026-01297,ATM-SO-024,2026-03-10 12:04:01,167.2,10000.0,INTERCEPTED
EVT-2026-01075,CMP-2026-01298,ATM-EA-036,2026-05-11 11:31:13,71.7,20000.0,SUCCESSFUL
EVT-2026-01076,CMP-2026-01299,ATM-NO-020,2026-05-08 19:14:09,28.8,20000.0,SUCCESSFUL
EVT-2026-01077,CMP-2026-01300,ATM-EA-038,2026-06-05 01:22:55,175.9,45528.0,SUCCESSFUL
EVT-2026-01078,CMP-2026-01302,ATM-NO-011,2026-03-18 13:08:28,33.8,24548.07,SUCCESSFUL
EVT-2026-01079,CMP-2026-01303,ATM-CE-003,2026-06-18 07:05:24,23.5,40000.0,SUCCESSFUL
EVT-2026-01080,CMP-2026-01304,ATM-SO-025,2026-04-19 00:00:33,54.3,50000.0,SUCCESSFUL
EVT-2026-01081,CMP-2026-01305,ATM-EA-031,2026-05-22 12:07:44,84.0,18580.41,SUCCESSFUL
EVT-2026-01082,CMP-2026-01306,ATM-CE-003,2026-06-30 13:47:42,156.4,10000.0,SUCCESSFUL
EVT-2026-01083,CMP-2026-01307,ATM-WE-041,2026-03-03 13:58:10,111.6,45450.6,SUCCESSFUL
EVT-2026-01084,CMP-2026-01308,ATM-WE-047,2026-07-09 10:39:54,23.7,10000.0,SUCCESSFUL
EVT-2026-01085,CMP-2026-01310,ATM-CE-003,2026-04-09 20:28:59,50.3,10000.0,SUCCESSFUL
EVT-2026-01086,CMP-2026-01311,ATM-WE-048,2026-03-16 14:47:48,69.7,20000.0,SUCCESSFUL
EVT-2026-01087,CMP-2026-01312,ATM-NO-017,2026-08-09 15:23:01,38.8,48486.27,SUCCESSFUL
EVT-2026-01088,CMP-2026-01313,ATM-EA-031,2026-06-27 11:42:02,37.4,9661.77,SUCCESSFUL
EVT-2026-01089,CMP-2026-01314,ATM-EA-038,2026-07-17 20:35:25,110.5,25819.94,SUCCESSFUL
EVT-2026-01090,CMP-2026-01315,ATM-SO-023,2026-07-19 10:39:03,21.2,50000.0,SUCCESSFUL
EVT-2026-01091,CMP-2026-01317,ATM-WE-050,2026-04-17 10:44:07,76.1,20000.0,SUCCESSFUL
EVT-2026-01092,CMP-2026-01318,ATM-CE-002,2026-06-18 08:51:24,39.7,20000.0,SUCCESSFUL
EVT-2026-01093,CMP-2026-01319,ATM-EA-035,2026-06-06 19:16:00,48.8,10000.0,SUCCESSFUL
EVT-2026-01094,CMP-2026-01320,ATM-SO-029,2026-08-12 14:54:47,129.5,10000.0,INTERCEPTED
EVT-2026-01095,CMP-2026-01321,ATM-WE-048,2026-07-09 13:41:07,111.7,21141.69,INTERCEPTED
EVT-2026-01096,CMP-2026-01322,ATM-EA-034,2026-06-24 20:20:54,21.9,40000.0,SUCCESSFUL
EVT-2026-01097,CMP-2026-01323,ATM-WE-048,2026-03-28 19:05:19,43.4,10000.0,SUCCESSFUL
EVT-2026-01098,CMP-2026-01324,ATM-CE-009,2026-06-01 15:32:40,43.2,43309.65,SUCCESSFUL
EVT-2026-01099,CMP-2026-01325,ATM-SO-022,2026-07-30 16:45:49,56.0,20000.0,SUCCESSFUL
EVT-2026-01100,CMP-2026-01326,ATM-SO-027,2026-03-01 16:24:41,39.8,10000.0,SUCCESSFUL
EVT-2026-01101,CMP-2026-01327,ATM-CE-004,2026-06-11 18:55:05,55.7,8402.38,SUCCESSFUL
EVT-2026-01102,CMP-2026-01328,ATM-SO-029,2026-06-22 16:13:46,32.7,40000.0,SUCCESSFUL
EVT-2026-01103,CMP-2026-01329,ATM-EA-038,2026-03-15 10:55:02,25.2,20000.0,SUCCESSFUL
EVT-2026-01104,CMP-2026-01330,ATM-EA-037,2026-04-01 20:57:49,55.4,40000.0,SUCCESSFUL
EVT-2026-01105,CMP-2026-01331,ATM-CE-002,2026-07-04 10:44:33,107.5,40000.0,SUCCESSFUL
EVT-2026-01106,CMP-2026-01332,ATM-CE-003,2026-08-07 18:23:03,114.3,10000.0,INTERCEPTED
EVT-2026-01107,CMP-2026-01333,ATM-EA-038,2026-07-08 12:53:50,16.6,10000.0,SUCCESSFUL
EVT-2026-01108,CMP-2026-01334,ATM-WE-048,2026-07-21 16:17:55,36.6,16091.93,SUCCESSFUL
EVT-2026-01109,CMP-2026-01335,ATM-NO-014,2026-08-21 14:29:19,28.3,19601.03,SUCCESSFUL
EVT-2026-01110,CMP-2026-01336,ATM-CE-008,2026-07-20 18:42:04,39.7,37340.62,SUCCESSFUL
EVT-2026-01111,CMP-2026-01337,ATM-CE-003,2026-08-17 12:10:55,15.0,20000.0,SUCCESSFUL
EVT-2026-01112,CMP-2026-01338,ATM-EA-038,2026-08-14 08:28:12,85.4,10000.0,SUCCESSFUL
EVT-2026-01113,CMP-2026-01339,ATM-CE-003,2026-08-13 11:39:07,36.9,15977.31,SUCCESSFUL
EVT-2026-01114,CMP-2026-01341,ATM-EA-038,2026-07-26 09:17:18,70.8,10000.0,SUCCESSFUL
EVT-2026-01115,CMP-2026-01342,ATM-WE-041,2026-03-21 00:26:57,55.3,20000.0,SUCCESSFUL
EVT-2026-01116,CMP-2026-01343,ATM-SO-030,2026-03-12 13:53:08,40.7,18694.69,SUCCESSFUL
EVT-2026-01117,CMP-2026-01344,ATM-WE-041,2026-04-28 07:05:46,22.2,40000.0,SUCCESSFUL
EVT-2026-01118,CMP-2026-01345,ATM-SO-023,2026-07-29 18:28:19,38.1,20000.0,SUCCESSFUL
EVT-2026-01119,CMP-2026-01346,ATM-NO-019,2026-04-30 13:43:21,36.1,50000.0,SUCCESSFUL
EVT-2026-01120,CMP-2026-01347,ATM-CE-009,2026-03-31 08:45:27,21.9,20000.0,SUCCESSFUL
EVT-2026-01121,CMP-2026-01348,ATM-CE-006,2026-08-14 17:38:10,36.0,50000.0,SUCCESSFUL
EVT-2026-01122,CMP-2026-01349,ATM-CE-006,2026-07-18 17:43:52,41.9,5343.28,SUCCESSFUL
EVT-2026-01123,CMP-2026-01350,ATM-WE-041,2026-03-02 14:28:44,29.7,40000.0,SUCCESSFUL
EVT-2026-01124,CMP-2026-01351,ATM-CE-008,2026-05-14 14:07:02,15.2,20000.0,SUCCESSFUL
EVT-2026-01125,CMP-2026-01352,ATM-SO-028,2026-04-07 18:21:12,40.9,50000.0,SUCCESSFUL
EVT-2026-01126,CMP-2026-01353,ATM-EA-038,2026-04-13 11:59:06,47.5,17849.08,SUCCESSFUL
EVT-2026-01127,CMP-2026-01354,ATM-EA-038,2026-07-08 13:03:14,24.2,40000.0,SUCCESSFUL
EVT-2026-01128,CMP-2026-01355,ATM-EA-034,2026-05-02 13:43:12,42.6,10000.0,SUCCESSFUL
EVT-2026-01129,CMP-2026-01356,ATM-WE-050,2026-08-25 20:59:13,52.6,20000.0,SUCCESSFUL
EVT-2026-01130,CMP-2026-01357,ATM-EA-033,2026-05-23 16:30:36,49.9,10000.0,SUCCESSFUL
EVT-2026-01131,CMP-2026-01358,ATM-EA-036,2026-04-04 12:41:42,111.6,50000.0,SUCCESSFUL
EVT-2026-01132,CMP-2026-01359,ATM-SO-022,2026-03-29 18:41:29,42.5,10308.34,SUCCESSFUL
EVT-2026-01133,CMP-2026-01360,ATM-NO-016,2026-04-21 16:55:47,28.5,50000.0,SUCCESSFUL
EVT-2026-01134,CMP-2026-01362,ATM-NO-014,2026-04-01 19:01:15,71.2,10000.0,INTERCEPTED
EVT-2026-01135,CMP-2026-01363,ATM-WE-043,2026-04-12 11:25:25,56.8,50000.0,SUCCESSFUL
EVT-2026-01136,CMP-2026-01364,ATM-SO-026,2026-04-05 18:34:24,50.5,10000.0,SUCCESSFUL
EVT-2026-01137,CMP-2026-01365,ATM-EA-038,2026-04-28 07:53:23,47.1,20000.0,SUCCESSFUL
EVT-2026-01138,CMP-2026-01366,ATM-SO-023,2026-05-07 17:45:51,31.8,23005.83,SUCCESSFUL
EVT-2026-01139,CMP-2026-01367,ATM-EA-031,2026-03-10 15:10:36,43.5,50000.0,SUCCESSFUL
EVT-2026-01140,CMP-2026-01368,ATM-EA-040,2026-04-02 20:57:50,34.7,20000.0,SUCCESSFUL
EVT-2026-01141,CMP-2026-01369,ATM-SO-025,2026-06-22 12:42:46,25.6,10000.0,SUCCESSFUL
EVT-2026-01142,CMP-2026-01370,ATM-CE-002,2026-07-03 13:35:44,92.5,43460.81,SUCCESSFUL
EVT-2026-01143,CMP-2026-01372,ATM-EA-038,2026-06-17 13:04:50,74.0,20000.0,SUCCESSFUL
EVT-2026-01144,CMP-2026-01373,ATM-NO-019,2026-06-08 12:52:09,38.1,50000.0,SUCCESSFUL
EVT-2026-01145,CMP-2026-01374,ATM-SO-027,2026-08-03 15:49:39,36.0,10470.39,SUCCESSFUL
EVT-2026-01146,CMP-2026-01375,ATM-SO-027,2026-04-20 10:05:45,79.3,20000.0,INTERCEPTED
EVT-2026-01147,CMP-2026-01379,ATM-EA-037,2026-07-11 17:39:23,67.4,6250.85,SUCCESSFUL
EVT-2026-01148,CMP-2026-01381,ATM-WE-047,2026-05-21 16:01:28,106.4,10000.0,SUCCESSFUL
EVT-2026-01149,CMP-2026-01382,ATM-NO-012,2026-05-13 11:42:09,29.0,20000.0,SUCCESSFUL
EVT-2026-01150,CMP-2026-01383,ATM-CE-002,2026-06-25 15:48:15,43.2,40000.0,SUCCESSFUL
EVT-2026-01151,CMP-2026-01384,ATM-SO-024,2026-03-30 21:09:52,100.0,10000.0,SUCCESSFUL
EVT-2026-01152,CMP-2026-01385,ATM-NO-012,2026-05-23 05:03:54,55.0,20000.0,SUCCESSFUL
EVT-2026-01153,CMP-2026-01386,ATM-WE-045,2026-07-21 21:56:51,33.2,10000.0,SUCCESSFUL
EVT-2026-01154,CMP-2026-01388,ATM-NO-012,2026-04-29 13:36:39,34.4,40000.0,SUCCESSFUL
EVT-2026-01155,CMP-2026-01389,ATM-CE-006,2026-07-04 08:35:17,55.7,20000.0,SUCCESSFUL
EVT-2026-01156,CMP-2026-01392,ATM-CE-001,2026-06-30 16:37:54,41.9,40000.0,SUCCESSFUL
EVT-2026-01157,CMP-2026-01393,ATM-WE-047,2026-05-23 20:30:05,87.7,10000.0,SUCCESSFUL
EVT-2026-01158,CMP-2026-01394,ATM-WE-042,2026-07-18 20:00:27,52.1,10000.0,SUCCESSFUL
EVT-2026-01159,CMP-2026-01396,ATM-EA-035,2026-07-05 20:02:32,73.8,40000.0,SUCCESSFUL
EVT-2026-01160,CMP-2026-01397,ATM-NO-015,2026-05-03 17:09:34,112.0,38982.25,INTERCEPTED
EVT-2026-01161,CMP-2026-01398,ATM-EA-036,2026-05-07 18:55:56,27.4,6600.58,SUCCESSFUL
EVT-2026-01162,CMP-2026-01400,ATM-NO-011,2026-08-09 04:29:56,61.3,10000.0,SUCCESSFUL
EVT-2026-01163,CMP-2026-01401,ATM-EA-035,2026-04-03 13:44:01,47.5,21909.73,SUCCESSFUL
EVT-2026-01164,CMP-2026-01402,ATM-NO-016,2026-08-09 12:01:41,103.6,40000.0,SUCCESSFUL
EVT-2026-01165,CMP-2026-01403,ATM-CE-009,2026-03-21 21:25:23,15.9,20000.0,SUCCESSFUL
EVT-2026-01166,CMP-2026-01404,ATM-WE-043,2026-06-02 19:51:31,131.5,12386.33,SUCCESSFUL
EVT-2026-01167,CMP-2026-01405,ATM-NO-015,2026-05-15 17:25:35,37.9,20000.0,SUCCESSFUL
EVT-2026-01168,CMP-2026-01406,ATM-WE-041,2026-03-12 19:14:21,78.5,40000.0,SUCCESSFUL
EVT-2026-01169,CMP-2026-01407,ATM-SO-023,2026-05-14 11:45:54,84.2,40000.0,SUCCESSFUL
EVT-2026-01170,CMP-2026-01408,ATM-WE-047,2026-06-28 15:04:29,30.6,32740.94,SUCCESSFUL
EVT-2026-01171,CMP-2026-01409,ATM-EA-037,2026-04-24 14:44:12,35.3,17360.4,SUCCESSFUL
EVT-2026-01172,CMP-2026-01410,ATM-SO-023,2026-07-21 20:16:50,62.3,40000.0,SUCCESSFUL
EVT-2026-01173,CMP-2026-01411,ATM-CE-003,2026-07-17 14:13:56,70.8,36142.9,SUCCESSFUL
EVT-2026-01174,CMP-2026-01412,ATM-SO-026,2026-06-20 19:32:06,21.4,20000.0,SUCCESSFUL
EVT-2026-01175,CMP-2026-01413,ATM-SO-023,2026-08-23 09:39:39,45.9,20000.0,SUCCESSFUL
EVT-2026-01176,CMP-2026-01415,ATM-CE-004,2026-06-12 18:36:17,68.0,20000.0,SUCCESSFUL
EVT-2026-01177,CMP-2026-01416,ATM-SO-024,2026-03-07 13:41:13,20.9,28903.13,SUCCESSFUL
EVT-2026-01178,CMP-2026-01417,ATM-SO-029,2026-06-06 13:08:28,57.9,10000.0,SUCCESSFUL
EVT-2026-01179,CMP-2026-01420,ATM-CE-006,2026-04-29 12:16:50,31.5,6217.7,SUCCESSFUL
EVT-2026-01180,CMP-2026-01421,ATM-EA-040,2026-08-22 21:24:57,36.4,50000.0,SUCCESSFUL
EVT-2026-01181,CMP-2026-01422,ATM-EA-035,2026-04-30 11:51:26,43.7,10000.0,SUCCESSFUL
EVT-2026-01182,CMP-2026-01423,ATM-CE-001,2026-03-26 11:57:58,82.9,50000.0,SUCCESSFUL
EVT-2026-01183,CMP-2026-01424,ATM-NO-017,2026-04-09 16:46:12,24.1,20000.0,SUCCESSFUL
EVT-2026-01184,CMP-2026-01426,ATM-NO-012,2026-04-20 15:51:50,50.8,50000.0,SUCCESSFUL
EVT-2026-01185,CMP-2026-01427,ATM-WE-048,2026-08-20 14:07:43,35.3,31695.51,SUCCESSFUL
EVT-2026-01186,CMP-2026-01430,ATM-NO-012,2026-05-06 12:07:49,44.8,28740.85,SUCCESSFUL
EVT-2026-01187,CMP-2026-01431,ATM-WE-048,2026-04-25 20:49:27,140.5,20000.0,SUCCESSFUL
EVT-2026-01188,CMP-2026-01432,ATM-CE-003,2026-05-19 19:16:09,49.3,16804.05,SUCCESSFUL
EVT-2026-01189,CMP-2026-01433,ATM-EA-037,2026-07-24 23:13:20,75.9,14778.91,INTERCEPTED
EVT-2026-01190,CMP-2026-01434,ATM-SO-029,2026-06-14 13:57:43,52.6,19114.47,SUCCESSFUL
EVT-2026-01191,CMP-2026-01435,ATM-NO-013,2026-08-25 23:48:49,15.5,50000.0,SUCCESSFUL
EVT-2026-01192,CMP-2026-01437,ATM-NO-012,2026-05-14 18:02:16,86.8,20000.0,INTERCEPTED
EVT-2026-01193,CMP-2026-01438,ATM-SO-023,2026-07-29 00:01:12,42.6,29959.88,SUCCESSFUL
EVT-2026-01194,CMP-2026-01439,ATM-WE-048,2026-07-29 16:52:25,32.9,17997.93,SUCCESSFUL
EVT-2026-01195,CMP-2026-01440,ATM-NO-019,2026-04-10 17:46:29,116.5,40000.0,SUCCESSFUL
EVT-2026-01196,CMP-2026-01441,ATM-CE-001,2026-07-29 14:00:53,30.8,40000.0,SUCCESSFUL
EVT-2026-01197,CMP-2026-01442,ATM-SO-027,2026-05-16 00:58:28,86.5,20000.0,INTERCEPTED
EVT-2026-01198,CMP-2026-01443,ATM-NO-015,2026-07-16 17:49:23,18.3,40000.0,SUCCESSFUL
EVT-2026-01199,CMP-2026-01445,ATM-EA-031,2026-06-22 18:04:22,33.6,12287.19,SUCCESSFUL
EVT-2026-01200,CMP-2026-01447,ATM-CE-002,2026-03-30 12:39:51,156.7,20000.0,SUCCESSFUL
EVT-2026-01201,CMP-2026-01448,ATM-CE-006,2026-03-10 15:32:12,68.8,40000.0,INTERCEPTED
EVT-2026-01202,CMP-2026-01449,ATM-NO-020,2026-04-22 09:03:35,22.6,20000.0,SUCCESSFUL
EVT-2026-01203,CMP-2026-01450,ATM-NO-020,2026-07-16 20:31:33,79.8,20000.0,SUCCESSFUL
EVT-2026-01204,CMP-2026-01451,ATM-CE-007,2026-08-05 11:19:49,26.9,9352.96,SUCCESSFUL
EVT-2026-01205,CMP-2026-01452,ATM-WE-049,2026-04-18 18:23:56,39.2,7520.85,SUCCESSFUL
EVT-2026-01206,CMP-2026-01453,ATM-SO-023,2026-07-27 19:19:42,19.6,40000.0,SUCCESSFUL
EVT-2026-01207,CMP-2026-01455,ATM-EA-040,2026-03-30 18:43:38,30.5,20000.0,SUCCESSFUL
EVT-2026-01208,CMP-2026-01456,ATM-SO-027,2026-07-22 11:30:56,55.3,10000.0,SUCCESSFUL
EVT-2026-01209,CMP-2026-01457,ATM-CE-004,2026-05-15 17:29:08,31.1,20000.0,SUCCESSFUL
EVT-2026-01210,CMP-2026-01458,ATM-CE-005,2026-08-14 17:39:58,129.6,40000.0,INTERCEPTED
EVT-2026-01211,CMP-2026-01459,ATM-SO-023,2026-05-19 20:24:44,46.2,16109.56,SUCCESSFUL
EVT-2026-01212,CMP-2026-01460,ATM-EA-037,2026-03-31 15:11:26,52.4,10000.0,SUCCESSFUL
EVT-2026-01213,CMP-2026-01461,ATM-CE-005,2026-04-11 01:39:17,164.6,20000.0,SUCCESSFUL
EVT-2026-01214,CMP-2026-01462,ATM-SO-023,2026-04-07 14:06:36,61.2,10000.0,INTERCEPTED
EVT-2026-01215,CMP-2026-01463,ATM-WE-044,2026-07-18 23:57:15,128.8,10000.0,INTERCEPTED
EVT-2026-01216,CMP-2026-01464,ATM-SO-028,2026-06-27 09:41:42,64.7,40000.0,SUCCESSFUL
EVT-2026-01217,CMP-2026-01465,ATM-CE-001,2026-03-08 18:18:13,118.5,10000.0,SUCCESSFUL
EVT-2026-01218,CMP-2026-01467,ATM-SO-021,2026-04-03 13:29:34,127.6,40000.0,SUCCESSFUL
EVT-2026-01219,CMP-2026-01468,ATM-CE-006,2026-05-02 11:45:06,34.2,20000.0,SUCCESSFUL
EVT-2026-01220,CMP-2026-01469,ATM-WE-048,2026-05-30 20:35:41,31.6,10000.0,SUCCESSFUL
EVT-2026-01221,CMP-2026-01471,ATM-SO-022,2026-03-31 22:27:29,38.9,10000.0,SUCCESSFUL
EVT-2026-01222,CMP-2026-01473,ATM-CE-006,2026-05-25 11:21:56,37.3,10000.0,SUCCESSFUL
EVT-2026-01223,CMP-2026-01474,ATM-CE-005,2026-04-02 13:44:45,22.4,20000.0,SUCCESSFUL
EVT-2026-01224,CMP-2026-01475,ATM-NO-012,2026-05-13 20:29:07,220.8,10000.0,SUCCESSFUL
EVT-2026-01225,CMP-2026-01476,ATM-WE-049,2026-05-29 15:00:17,36.5,10000.0,SUCCESSFUL
EVT-2026-01226,CMP-2026-01477,ATM-NO-019,2026-03-15 18:54:43,143.6,14153.11,SUCCESSFUL
EVT-2026-01227,CMP-2026-01478,ATM-NO-012,2026-04-26 21:20:36,147.1,40023.89,SUCCESSFUL
EVT-2026-01228,CMP-2026-01479,ATM-SO-021,2026-08-01 21:45:16,92.4,50000.0,SUCCESSFUL
EVT-2026-01229,CMP-2026-01480,ATM-SO-026,2026-05-06 11:24:36,23.9,10000.0,SUCCESSFUL
EVT-2026-01230,CMP-2026-01481,ATM-WE-043,2026-05-11 22:12:27,38.8,10000.0,SUCCESSFUL
EVT-2026-01231,CMP-2026-01482,ATM-CE-003,2026-03-26 15:57:20,31.6,10000.0,SUCCESSFUL
EVT-2026-01232,CMP-2026-01483,ATM-SO-026,2026-07-12 16:27:50,30.7,20000.0,SUCCESSFUL
EVT-2026-01233,CMP-2026-01485,ATM-NO-018,2026-03-23 09:26:49,33.4,40000.0,SUCCESSFUL
EVT-2026-01234,CMP-2026-01486,ATM-NO-013,2026-07-16 15:34:04,44.5,46035.14,SUCCESSFUL
EVT-2026-01235,CMP-2026-01487,ATM-EA-031,2026-06-29 22:08:23,42.9,20000.0,SUCCESSFUL
EVT-2026-01236,CMP-2026-01488,ATM-WE-048,2026-07-17 17:45:19,39.2,50000.0,SUCCESSFUL
EVT-2026-01237,CMP-2026-01489,ATM-WE-048,2026-04-11 23:28:22,20.4,8500.43,SUCCESSFUL
EVT-2026-01238,CMP-2026-01490,ATM-CE-003,2026-07-28 13:07:05,35.4,11090.87,SUCCESSFUL
EVT-2026-01239,CMP-2026-01491,ATM-EA-034,2026-05-08 11:14:59,91.7,10000.0,SUCCESSFUL
EVT-2026-01240,CMP-2026-01492,ATM-EA-031,2026-07-15 17:47:55,65.1,50000.0,SUCCESSFUL
EVT-2026-01241,CMP-2026-01493,ATM-NO-016,2026-07-21 19:06:30,54.2,50000.0,SUCCESSFUL
EVT-2026-01242,CMP-2026-01494,ATM-WE-050,2026-05-30 18:55:00,20.7,10000.0,SUCCESSFUL
EVT-2026-01243,CMP-2026-01497,ATM-CE-006,2026-05-19 12:32:14,30.2,40000.0,SUCCESSFUL
EVT-2026-01244,CMP-2026-01498,ATM-EA-031,2026-08-07 11:50:22,99.9,40000.0,SUCCESSFUL
EVT-2026-01245,CMP-2026-01499,ATM-NO-020,2026-05-27 08:29:21,21.8,33984.24,SUCCESSFUL
EVT-2026-01246,CMP-2026-01500,ATM-SO-023,2026-05-25 17:54:36,60.4,21246.85,SUCCESSFUL
EVT-2026-01247,CMP-2026-01501,ATM-WE-041,2026-04-17 10:10:24,33.0,38276.7,SUCCESSFUL
EVT-2026-01248,CMP-2026-01502,ATM-SO-022,2026-07-16 10:53:54,35.6,10000.0,SUCCESSFUL
EVT-2026-01249,CMP-2026-01503,ATM-SO-027,2026-03-24 16:59:28,36.1,10000.0,SUCCESSFUL
EVT-2026-01250,CMP-2026-01504,ATM-SO-027,2026-07-16 13:08:10,27.8,26628.56,SUCCESSFUL
EVT-2026-01251,CMP-2026-01505,ATM-SO-027,2026-05-02 15:15:55,53.5,20000.0,SUCCESSFUL
EVT-2026-01252,CMP-2026-01506,ATM-EA-036,2026-04-14 14:12:57,91.6,10000.0,SUCCESSFUL
EVT-2026-01253,CMP-2026-01507,ATM-EA-035,2026-03-21 10:38:41,28.7,10000.0,SUCCESSFUL
EVT-2026-01254,CMP-2026-01508,ATM-CE-008,2026-05-22 17:26:50,31.4,27735.18,SUCCESSFUL
EVT-2026-01255,CMP-2026-01509,ATM-CE-001,2026-04-17 16:17:59,33.5,40000.0,SUCCESSFUL
EVT-2026-01256,CMP-2026-01510,ATM-WE-048,2026-05-07 09:45:30,21.2,32951.46,SUCCESSFUL
EVT-2026-01257,CMP-2026-01511,ATM-CE-006,2026-03-19 07:57:50,74.6,29840.02,INTERCEPTED
EVT-2026-01258,CMP-2026-01512,ATM-CE-002,2026-04-23 20:43:54,196.7,10000.0,SUCCESSFUL
EVT-2026-01259,CMP-2026-01513,ATM-CE-002,2026-06-05 11:07:48,49.5,19192.41,SUCCESSFUL
EVT-2026-01260,CMP-2026-01515,ATM-EA-038,2026-03-18 11:54:24,33.1,43871.27,SUCCESSFUL
EVT-2026-01261,CMP-2026-01516,ATM-NO-018,2026-05-16 11:50:39,27.8,28338.7,SUCCESSFUL
EVT-2026-01262,CMP-2026-01517,ATM-NO-020,2026-05-30 16:24:49,65.4,40000.0,INTERCEPTED
EVT-2026-01263,CMP-2026-01518,ATM-CE-008,2026-05-12 21:02:27,22.9,20000.0,SUCCESSFUL
EVT-2026-01264,CMP-2026-01519,ATM-WE-047,2026-08-06 14:10:18,29.6,20000.0,SUCCESSFUL
EVT-2026-01265,CMP-2026-01522,ATM-EA-032,2026-06-04 09:06:23,26.5,50000.0,SUCCESSFUL
EVT-2026-01266,CMP-2026-01523,ATM-CE-006,2026-08-16 18:18:14,31.6,20000.0,SUCCESSFUL
EVT-2026-01267,CMP-2026-01524,ATM-WE-045,2026-05-05 13:39:25,30.2,33811.25,SUCCESSFUL
EVT-2026-01268,CMP-2026-01527,ATM-NO-020,2026-04-18 22:44:15,25.6,20000.0,SUCCESSFUL
EVT-2026-01269,CMP-2026-01528,ATM-EA-037,2026-05-14 00:08:29,61.3,20000.0,SUCCESSFUL
EVT-2026-01270,CMP-2026-01529,ATM-SO-029,2026-07-22 19:51:24,91.9,23226.62,SUCCESSFUL
EVT-2026-01271,CMP-2026-01530,ATM-CE-008,2026-08-11 20:46:45,94.6,10000.0,SUCCESSFUL
EVT-2026-01272,CMP-2026-01531,ATM-NO-020,2026-04-16 15:13:23,22.1,20000.0,SUCCESSFUL
EVT-2026-01273,CMP-2026-01532,ATM-CE-004,2026-06-24 17:06:57,64.2,10000.0,SUCCESSFUL
EVT-2026-01274,CMP-2026-01533,ATM-EA-031,2026-03-10 22:12:41,75.6,40000.0,SUCCESSFUL
EVT-2026-01275,CMP-2026-01535,ATM-SO-023,2026-06-29 11:41:50,45.8,20000.0,SUCCESSFUL
EVT-2026-01276,CMP-2026-01536,ATM-NO-020,2026-04-12 21:10:30,33.7,10000.0,SUCCESSFUL
EVT-2026-01277,CMP-2026-01539,ATM-NO-012,2026-04-12 20:39:02,31.2,40000.0,SUCCESSFUL
EVT-2026-01278,CMP-2026-01540,ATM-SO-027,2026-07-28 16:16:18,28.9,20000.0,SUCCESSFUL
EVT-2026-01279,CMP-2026-01541,ATM-EA-038,2026-08-16 11:04:30,111.4,20000.0,SUCCESSFUL
EVT-2026-01280,CMP-2026-01542,ATM-NO-019,2026-05-19 16:47:31,30.6,50000.0,SUCCESSFUL
EVT-2026-01281,CMP-2026-01543,ATM-NO-020,2026-06-05 18:07:25,23.3,50000.0,SUCCESSFUL
EVT-2026-01282,CMP-2026-01545,ATM-EA-036,2026-08-16 10:49:25,25.9,40000.0,SUCCESSFUL
EVT-2026-01283,CMP-2026-01546,ATM-NO-018,2026-03-04 18:15:05,77.5,10000.0,SUCCESSFUL
EVT-2026-01284,CMP-2026-01547,ATM-NO-012,2026-07-20 17:45:50,30.6,40000.0,SUCCESSFUL
EVT-2026-01285,CMP-2026-01549,ATM-NO-016,2026-07-02 16:32:31,57.6,13177.89,SUCCESSFUL
EVT-2026-01286,CMP-2026-01554,ATM-CE-006,2026-07-17 22:59:30,32.7,10000.0,SUCCESSFUL
EVT-2026-01287,CMP-2026-01555,ATM-CE-005,2026-07-27 08:41:08,69.6,40000.0,SUCCESSFUL
EVT-2026-01288,CMP-2026-01557,ATM-WE-045,2026-07-27 20:23:03,38.8,40000.0,SUCCESSFUL
EVT-2026-01289,CMP-2026-01558,ATM-NO-017,2026-05-15 20:13:14,26.4,28551.5,SUCCESSFUL
EVT-2026-01290,CMP-2026-01559,ATM-EA-037,2026-05-21 16:52:34,50.8,20000.0,SUCCESSFUL
EVT-2026-01291,CMP-2026-01560,ATM-NO-011,2026-06-22 11:12:18,21.6,26222.05,SUCCESSFUL
EVT-2026-01292,CMP-2026-01561,ATM-WE-048,2026-04-06 06:54:28,35.1,10000.0,SUCCESSFUL
EVT-2026-01293,CMP-2026-01564,ATM-NO-019,2026-07-02 12:12:03,81.7,20000.0,SUCCESSFUL
EVT-2026-01294,CMP-2026-01565,ATM-EA-038,2026-07-02 12:49:45,57.4,20000.0,INTERCEPTED
EVT-2026-01295,CMP-2026-01566,ATM-NO-016,2026-05-06 09:48:22,22.4,20000.0,SUCCESSFUL
EVT-2026-01296,CMP-2026-01567,ATM-CE-004,2026-03-04 08:39:17,37.3,12212.46,SUCCESSFUL
EVT-2026-01297,CMP-2026-01568,ATM-CE-009,2026-08-11 17:52:03,22.9,20000.0,SUCCESSFUL
EVT-2026-01298,CMP-2026-01569,ATM-WE-044,2026-03-09 17:32:30,53.1,20000.0,SUCCESSFUL
EVT-2026-01299,CMP-2026-01571,ATM-SO-029,2026-03-22 22:24:27,98.9,47827.11,SUCCESSFUL
EVT-2026-01300,CMP-2026-01572,ATM-SO-030,2026-05-28 12:41:07,26.4,22478.32,SUCCESSFUL
EVT-2026-01301,CMP-2026-01573,ATM-EA-036,2026-04-21 22:00:56,29.5,20000.0,SUCCESSFUL
EVT-2026-01302,CMP-2026-01574,ATM-EA-032,2026-06-17 08:42:52,50.6,20000.0,SUCCESSFUL
EVT-2026-01303,CMP-2026-01575,ATM-EA-038,2026-05-15 14:41:36,74.8,32618.8,SUCCESSFUL
EVT-2026-01304,CMP-2026-01576,ATM-SO-027,2026-04-12 10:26:32,57.6,50000.0,SUCCESSFUL
EVT-2026-01305,CMP-2026-01578,ATM-EA-031,2026-08-23 20:07:17,41.6,50000.0,SUCCESSFUL
EVT-2026-01306,CMP-2026-01579,ATM-EA-040,2026-07-06 16:04:24,16.8,10000.0,SUCCESSFUL
EVT-2026-01307,CMP-2026-01582,ATM-CE-006,2026-08-22 09:45:42,67.0,10000.0,SUCCESSFUL
EVT-2026-01308,CMP-2026-01583,ATM-SO-027,2026-03-01 13:12:45,40.1,31807.63,SUCCESSFUL
EVT-2026-01309,CMP-2026-01584,ATM-WE-044,2026-06-29 16:50:29,41.5,20000.0,SUCCESSFUL
EVT-2026-01310,CMP-2026-01586,ATM-CE-002,2026-08-06 17:03:48,115.7,50000.0,INTERCEPTED
EVT-2026-01311,CMP-2026-01587,ATM-EA-034,2026-03-22 17:31:49,29.7,6467.83,SUCCESSFUL
EVT-2026-01312,CMP-2026-01588,ATM-CE-009,2026-07-13 18:15:07,75.7,30583.66,SUCCESSFUL
EVT-2026-01313,CMP-2026-01589,ATM-SO-024,2026-06-19 04:34:33,45.6,35015.89,SUCCESSFUL
EVT-2026-01314,CMP-2026-01590,ATM-SO-027,2026-03-30 16:33:49,46.3,20000.0,SUCCESSFUL
EVT-2026-01315,CMP-2026-01591,ATM-SO-025,2026-06-09 13:22:44,23.0,50000.0,SUCCESSFUL
EVT-2026-01316,CMP-2026-01592,ATM-SO-027,2026-03-10 13:35:52,86.8,10000.0,SUCCESSFUL
EVT-2026-01317,CMP-2026-01593,ATM-CE-009,2026-03-30 17:12:17,42.8,21725.62,SUCCESSFUL
EVT-2026-01318,CMP-2026-01594,ATM-EA-034,2026-03-08 04:26:00,63.3,13044.04,SUCCESSFUL
EVT-2026-01319,CMP-2026-01595,ATM-NO-020,2026-07-31 11:41:22,46.2,10000.0,SUCCESSFUL
EVT-2026-01320,CMP-2026-01597,ATM-SO-027,2026-07-13 21:11:18,199.0,20000.0,SUCCESSFUL
EVT-2026-01321,CMP-2026-01598,ATM-NO-011,2026-08-22 10:53:46,140.0,50000.0,SUCCESSFUL
EVT-2026-01322,CMP-2026-01599,ATM-EA-037,2026-04-14 04:17:44,46.0,39173.82,SUCCESSFUL
EVT-2026-01323,CMP-2026-01600,ATM-CE-006,2026-03-05 21:29:08,45.4,40000.0,SUCCESSFUL
EVT-2026-01324,CMP-2026-01601,ATM-SO-029,2026-06-15 10:01:10,54.3,10000.0,SUCCESSFUL
EVT-2026-01325,CMP-2026-01602,ATM-NO-019,2026-03-15 15:45:52,52.1,50000.0,SUCCESSFUL
EVT-2026-01326,CMP-2026-01603,ATM-WE-044,2026-06-22 18:28:39,71.0,40000.0,SUCCESSFUL
EVT-2026-01327,CMP-2026-01605,ATM-SO-023,2026-08-27 16:51:52,53.0,14445.91,SUCCESSFUL
EVT-2026-01328,CMP-2026-01606,ATM-NO-020,2026-07-24 00:25:32,127.2,10000.0,SUCCESSFUL
EVT-2026-01329,CMP-2026-01607,ATM-WE-049,2026-06-07 09:31:49,113.4,36038.76,INTERCEPTED
EVT-2026-01330,CMP-2026-01608,ATM-NO-013,2026-08-21 11:29:20,33.9,19010.88,SUCCESSFUL
EVT-2026-01331,CMP-2026-01609,ATM-NO-020,2026-03-30 20:19:46,30.4,20000.0,SUCCESSFUL
EVT-2026-01332,CMP-2026-01610,ATM-EA-032,2026-03-22 15:29:35,57.7,40000.0,SUCCESSFUL
EVT-2026-01333,CMP-2026-01611,ATM-CE-001,2026-08-10 16:23:18,45.2,10000.0,SUCCESSFUL
EVT-2026-01334,CMP-2026-01612,ATM-NO-020,2026-07-28 15:09:09,37.0,49959.62,SUCCESSFUL
EVT-2026-01335,CMP-2026-01613,ATM-EA-034,2026-05-26 00:44:35,68.0,50000.0,SUCCESSFUL
EVT-2026-01336,CMP-2026-01614,ATM-CE-006,2026-07-24 19:35:18,56.1,42324.49,INTERCEPTED
EVT-2026-01337,CMP-2026-01615,ATM-SO-029,2026-06-01 14:07:33,37.8,20000.0,SUCCESSFUL
EVT-2026-01338,CMP-2026-01616,ATM-SO-024,2026-08-15 13:33:27,59.8,10000.0,SUCCESSFUL
EVT-2026-01339,CMP-2026-01617,ATM-WE-041,2026-05-18 13:15:51,77.0,20000.0,SUCCESSFUL
EVT-2026-01340,CMP-2026-01618,ATM-CE-001,2026-07-02 17:50:27,90.6,16946.71,SUCCESSFUL
EVT-2026-01341,CMP-2026-01619,ATM-CE-002,2026-04-23 18:02:19,58.7,10000.0,SUCCESSFUL
EVT-2026-01342,CMP-2026-01620,ATM-SO-022,2026-05-31 15:21:10,55.1,40000.0,SUCCESSFUL
EVT-2026-01343,CMP-2026-01621,ATM-CE-006,2026-05-03 17:27:54,50.8,10000.0,SUCCESSFUL
EVT-2026-01344,CMP-2026-01622,ATM-NO-015,2026-03-21 15:02:04,19.6,20000.0,SUCCESSFUL
EVT-2026-01345,CMP-2026-01623,ATM-CE-003,2026-07-30 23:35:09,33.1,40000.0,SUCCESSFUL
EVT-2026-01346,CMP-2026-01624,ATM-CE-008,2026-04-26 14:13:36,87.1,7910.66,SUCCESSFUL
EVT-2026-01347,CMP-2026-01626,ATM-WE-043,2026-08-04 07:32:03,20.8,31039.08,SUCCESSFUL
EVT-2026-01348,CMP-2026-01627,ATM-NO-017,2026-08-04 18:39:29,33.0,8482.48,SUCCESSFUL
EVT-2026-01349,CMP-2026-01628,ATM-NO-018,2026-05-11 10:44:29,44.3,50000.0,SUCCESSFUL
EVT-2026-01350,CMP-2026-01630,ATM-EA-040,2026-06-17 15:05:20,34.0,27536.37,SUCCESSFUL
EVT-2026-01351,CMP-2026-01631,ATM-NO-018,2026-07-04 00:28:18,43.6,24932.67,SUCCESSFUL
EVT-2026-01352,CMP-2026-01632,ATM-NO-018,2026-03-16 11:25:09,77.2,10000.0,SUCCESSFUL
EVT-2026-01353,CMP-2026-01633,ATM-WE-041,2026-04-03 16:39:01,37.8,20000.0,SUCCESSFUL
EVT-2026-01354,CMP-2026-01634,ATM-CE-005,2026-06-25 17:57:02,29.2,20000.0,SUCCESSFUL
EVT-2026-01355,CMP-2026-01635,ATM-NO-018,2026-03-16 20:05:51,76.4,9257.64,INTERCEPTED
EVT-2026-01356,CMP-2026-01636,ATM-NO-012,2026-03-31 01:27:51,138.1,31167.56,SUCCESSFUL
EVT-2026-01357,CMP-2026-01637,ATM-WE-048,2026-08-02 20:47:13,70.0,21737.07,INTERCEPTED
EVT-2026-01358,CMP-2026-01638,ATM-SO-024,2026-03-02 17:32:24,51.5,20259.22,SUCCESSFUL
EVT-2026-01359,CMP-2026-01639,ATM-NO-018,2026-07-11 17:51:31,72.8,26144.88,SUCCESSFUL
EVT-2026-01360,CMP-2026-01640,ATM-NO-016,2026-03-07 22:28:01,62.5,50000.0,INTERCEPTED
EVT-2026-01361,CMP-2026-01641,ATM-EA-038,2026-03-11 09:49:09,47.7,10000.0,SUCCESSFUL
EVT-2026-01362,CMP-2026-01643,ATM-CE-004,2026-03-22 15:33:55,54.2,46251.86,SUCCESSFUL
EVT-2026-01363,CMP-2026-01644,ATM-WE-048,2026-03-04 13:46:19,207.6,40000.0,SUCCESSFUL
EVT-2026-01364,CMP-2026-01645,ATM-CE-004,2026-05-31 20:26:08,48.2,50000.0,SUCCESSFUL
EVT-2026-01365,CMP-2026-01646,ATM-WE-049,2026-03-24 23:41:42,202.9,28833.36,SUCCESSFUL
EVT-2026-01366,CMP-2026-01647,ATM-EA-038,2026-06-30 20:07:14,19.9,20000.0,SUCCESSFUL
EVT-2026-01367,CMP-2026-01648,ATM-CE-003,2026-06-20 17:47:45,29.0,50000.0,SUCCESSFUL
EVT-2026-01368,CMP-2026-01649,ATM-NO-012,2026-03-24 14:37:58,145.8,10000.0,SUCCESSFUL
EVT-2026-01369,CMP-2026-01650,ATM-NO-015,2026-08-17 16:55:59,24.7,10000.0,SUCCESSFUL
EVT-2026-01370,CMP-2026-01651,ATM-SO-022,2026-08-27 12:03:12,40.3,20000.0,SUCCESSFUL
EVT-2026-01371,CMP-2026-01652,ATM-EA-038,2026-04-01 17:11:18,15.4,10000.0,SUCCESSFUL
EVT-2026-01372,CMP-2026-01653,ATM-SO-023,2026-04-30 17:12:08,64.5,20000.0,SUCCESSFUL
EVT-2026-01373,CMP-2026-01654,ATM-SO-028,2026-05-27 13:49:52,28.0,10000.0,SUCCESSFUL
EVT-2026-01374,CMP-2026-01656,ATM-EA-031,2026-08-01 10:38:18,42.8,10000.0,SUCCESSFUL
EVT-2026-01375,CMP-2026-01657,ATM-SO-025,2026-07-06 09:19:12,19.7,10000.0,SUCCESSFUL
EVT-2026-01376,CMP-2026-01658,ATM-NO-018,2026-08-23 18:59:29,68.8,10000.0,SUCCESSFUL
EVT-2026-01377,CMP-2026-01659,ATM-SO-030,2026-07-27 12:15:35,73.1,10000.0,SUCCESSFUL
EVT-2026-01378,CMP-2026-01660,ATM-NO-016,2026-08-04 12:38:59,40.6,27790.34,SUCCESSFUL
EVT-2026-01379,CMP-2026-01661,ATM-NO-019,2026-07-06 14:17:17,28.8,10000.0,SUCCESSFUL
EVT-2026-01380,CMP-2026-01662,ATM-SO-027,2026-03-28 11:23:07,59.8,10000.0,SUCCESSFUL
EVT-2026-01381,CMP-2026-01663,ATM-EA-034,2026-07-31 13:55:16,26.8,10000.0,SUCCESSFUL
EVT-2026-01382,CMP-2026-01664,ATM-WE-049,2026-04-14 05:54:21,62.9,20000.0,INTERCEPTED
EVT-2026-01383,CMP-2026-01665,ATM-EA-031,2026-05-07 20:09:51,141.4,20000.0,INTERCEPTED
EVT-2026-01384,CMP-2026-01666,ATM-SO-026,2026-07-14 20:03:40,36.8,29424.58,SUCCESSFUL
EVT-2026-01385,CMP-2026-01667,ATM-CE-008,2026-05-14 13:01:24,34.5,17933.56,SUCCESSFUL
EVT-2026-01386,CMP-2026-01668,ATM-NO-016,2026-08-17 15:28:38,60.5,10000.0,SUCCESSFUL
EVT-2026-01387,CMP-2026-01670,ATM-NO-019,2026-03-30 13:27:47,24.4,20000.0,SUCCESSFUL
EVT-2026-01388,CMP-2026-01673,ATM-CE-006,2026-05-15 19:16:45,20.0,40000.0,SUCCESSFUL
EVT-2026-01389,CMP-2026-01674,ATM-CE-008,2026-07-08 15:43:53,22.9,40000.0,SUCCESSFUL
EVT-2026-01390,CMP-2026-01675,ATM-WE-042,2026-08-10 14:20:22,40.4,50000.0,SUCCESSFUL
EVT-2026-01391,CMP-2026-01676,ATM-WE-048,2026-05-20 14:39:13,25.3,50000.0,SUCCESSFUL
EVT-2026-01392,CMP-2026-01677,ATM-SO-028,2026-07-04 17:22:18,25.5,50000.0,SUCCESSFUL
EVT-2026-01393,CMP-2026-01678,ATM-CE-009,2026-07-18 15:47:31,51.2,40000.0,SUCCESSFUL
EVT-2026-01394,CMP-2026-01680,ATM-WE-042,2026-06-02 15:52:54,18.6,40000.0,SUCCESSFUL
EVT-2026-01395,CMP-2026-01681,ATM-EA-038,2026-06-02 12:55:19,66.7,10000.0,SUCCESSFUL
EVT-2026-01396,CMP-2026-01682,ATM-CE-004,2026-08-08 18:23:59,109.4,30349.61,SUCCESSFUL
EVT-2026-01397,CMP-2026-01683,ATM-WE-048,2026-08-25 16:49:53,42.1,39709.05,SUCCESSFUL
EVT-2026-01398,CMP-2026-01684,ATM-NO-011,2026-04-16 16:12:10,39.8,10000.0,SUCCESSFUL
EVT-2026-01399,CMP-2026-01685,ATM-SO-027,2026-05-20 12:22:46,106.0,40000.0,SUCCESSFUL
EVT-2026-01400,CMP-2026-01686,ATM-CE-002,2026-07-23 20:38:36,61.0,20000.0,SUCCESSFUL
EVT-2026-01401,CMP-2026-01687,ATM-WE-048,2026-04-21 12:11:28,80.6,20000.0,SUCCESSFUL
EVT-2026-01402,CMP-2026-01688,ATM-EA-037,2026-06-02 17:58:28,103.4,20000.0,SUCCESSFUL
EVT-2026-01403,CMP-2026-01689,ATM-CE-006,2026-05-05 11:47:34,41.4,50000.0,SUCCESSFUL
EVT-2026-01404,CMP-2026-01691,ATM-NO-016,2026-05-25 12:12:02,44.0,50000.0,SUCCESSFUL
EVT-2026-01405,CMP-2026-01692,ATM-WE-044,2026-06-14 14:42:45,128.9,40000.0,SUCCESSFUL
EVT-2026-01406,CMP-2026-01694,ATM-WE-042,2026-05-28 09:32:33,65.7,20000.0,SUCCESSFUL
EVT-2026-01407,CMP-2026-01696,ATM-CE-006,2026-03-22 02:27:34,74.1,20000.0,SUCCESSFUL
EVT-2026-01408,CMP-2026-01698,ATM-NO-011,2026-06-17 17:52:48,86.7,20441.36,INTERCEPTED
EVT-2026-01409,CMP-2026-01700,ATM-CE-002,2026-04-24 16:03:15,152.2,20000.0,SUCCESSFUL
EVT-2026-01410,CMP-2026-01701,ATM-NO-011,2026-05-15 14:08:35,68.6,40000.0,INTERCEPTED
EVT-2026-01411,CMP-2026-01702,ATM-CE-006,2026-07-26 17:06:02,95.0,35669.73,INTERCEPTED
EVT-2026-01412,CMP-2026-01703,ATM-CE-002,2026-03-09 14:27:45,57.2,50000.0,SUCCESSFUL
EVT-2026-01413,CMP-2026-01704,ATM-CE-003,2026-07-19 15:07:03,96.2,20000.0,SUCCESSFUL
EVT-2026-01414,CMP-2026-01705,ATM-EA-040,2026-05-30 10:10:08,100.3,50000.0,INTERCEPTED
EVT-2026-01415,CMP-2026-01706,ATM-CE-004,2026-07-10 12:49:22,43.5,50000.0,SUCCESSFUL
EVT-2026-01416,CMP-2026-01707,ATM-CE-004,2026-05-09 07:27:49,90.4,10000.0,SUCCESSFUL
EVT-2026-01417,CMP-2026-01708,ATM-EA-034,2026-08-08 18:38:02,50.8,20000.0,SUCCESSFUL
EVT-2026-01418,CMP-2026-01709,ATM-NO-017,2026-07-06 17:26:58,50.3,14667.49,SUCCESSFUL
EVT-2026-01419,CMP-2026-01710,ATM-WE-047,2026-03-23 11:33:07,58.0,10000.0,SUCCESSFUL
EVT-2026-01420,CMP-2026-01711,ATM-SO-029,2026-06-02 17:33:50,45.3,10000.0,SUCCESSFUL
EVT-2026-01421,CMP-2026-01712,ATM-SO-023,2026-03-22 15:34:33,35.0,10000.0,SUCCESSFUL
EVT-2026-01422,CMP-2026-01714,ATM-NO-019,2026-07-30 13:34:28,57.0,40000.0,SUCCESSFUL
EVT-2026-01423,CMP-2026-01715,ATM-EA-037,2026-03-09 15:53:34,57.6,50000.0,INTERCEPTED
EVT-2026-01424,CMP-2026-01716,ATM-SO-023,2026-03-05 08:55:18,142.0,10000.0,INTERCEPTED
EVT-2026-01425,CMP-2026-01717,ATM-EA-031,2026-03-18 03:22:23,72.1,40000.0,SUCCESSFUL
EVT-2026-01426,CMP-2026-01718,ATM-CE-008,2026-03-28 16:24:15,57.5,24482.14,SUCCESSFUL
EVT-2026-01427,CMP-2026-01719,ATM-WE-048,2026-04-02 19:17:15,32.2,10000.0,SUCCESSFUL
EVT-2026-01428,CMP-2026-01720,ATM-WE-043,2026-04-27 06:59:41,32.7,30461.55,SUCCESSFUL
EVT-2026-01429,CMP-2026-01721,ATM-SO-022,2026-08-17 15:52:41,175.6,12198.31,SUCCESSFUL
EVT-2026-01430,CMP-2026-01722,ATM-NO-018,2026-06-14 09:32:47,61.3,50000.0,SUCCESSFUL
EVT-2026-01431,CMP-2026-01723,ATM-WE-048,2026-08-18 10:20:43,63.7,36649.25,SUCCESSFUL
EVT-2026-01432,CMP-2026-01724,ATM-WE-048,2026-03-12 16:39:15,37.8,10000.0,SUCCESSFUL
EVT-2026-01433,CMP-2026-01725,ATM-SO-023,2026-04-18 17:57:12,19.5,20000.0,SUCCESSFUL
EVT-2026-01434,CMP-2026-01726,ATM-SO-027,2026-04-24 16:14:17,47.8,15064.87,SUCCESSFUL
EVT-2026-01435,CMP-2026-01727,ATM-SO-028,2026-03-26 03:28:16,54.1,38344.14,SUCCESSFUL
EVT-2026-01436,CMP-2026-01728,ATM-WE-049,2026-06-08 19:36:58,35.0,13305.3,SUCCESSFUL
EVT-2026-01437,CMP-2026-01729,ATM-SO-025,2026-06-26 15:57:56,47.9,31188.36,SUCCESSFUL
EVT-2026-01438,CMP-2026-01730,ATM-SO-026,2026-04-19 14:09:20,52.5,27688.83,SUCCESSFUL
EVT-2026-01439,CMP-2026-01732,ATM-SO-029,2026-04-20 10:34:32,143.8,10000.0,SUCCESSFUL
EVT-2026-01440,CMP-2026-01733,ATM-WE-043,2026-05-11 18:12:16,64.4,12219.42,SUCCESSFUL
EVT-2026-01441,CMP-2026-01734,ATM-EA-037,2026-04-07 13:01:49,29.0,30053.69,SUCCESSFUL
EVT-2026-01442,CMP-2026-01735,ATM-SO-025,2026-06-23 22:53:48,65.1,20000.0,SUCCESSFUL
EVT-2026-01443,CMP-2026-01736,ATM-CE-008,2026-06-28 13:18:10,57.8,40000.0,INTERCEPTED
EVT-2026-01444,CMP-2026-01737,ATM-CE-005,2026-07-03 12:14:14,32.3,41884.59,SUCCESSFUL
EVT-2026-01445,CMP-2026-01738,ATM-WE-047,2026-03-01 08:09:59,69.3,50000.0,SUCCESSFUL
EVT-2026-01446,CMP-2026-01739,ATM-CE-003,2026-07-16 21:46:33,72.5,10000.0,SUCCESSFUL
EVT-2026-01447,CMP-2026-01740,ATM-EA-038,2026-08-08 23:39:27,106.8,10000.0,SUCCESSFUL
EVT-2026-01448,CMP-2026-01741,ATM-NO-019,2026-07-25 15:40:00,47.4,20000.0,SUCCESSFUL
EVT-2026-01449,CMP-2026-01743,ATM-EA-038,2026-03-23 14:49:38,25.7,10000.0,SUCCESSFUL
EVT-2026-01450,CMP-2026-01744,ATM-CE-009,2026-04-09 10:08:13,126.4,23146.15,INTERCEPTED
EVT-2026-01451,CMP-2026-01745,ATM-SO-026,2026-07-25 17:31:38,51.3,20000.0,INTERCEPTED
EVT-2026-01452,CMP-2026-01746,ATM-WE-048,2026-05-28 20:03:58,100.9,20000.0,INTERCEPTED
EVT-2026-01453,CMP-2026-01747,ATM-CE-002,2026-08-25 10:21:20,40.9,37164.34,SUCCESSFUL
EVT-2026-01454,CMP-2026-01748,ATM-NO-020,2026-06-11 11:20:42,49.5,20000.0,SUCCESSFUL
EVT-2026-01455,CMP-2026-01749,ATM-EA-033,2026-03-12 16:28:56,20.2,22552.67,SUCCESSFUL
EVT-2026-01456,CMP-2026-01752,ATM-WE-044,2026-03-05 21:35:46,51.1,40000.0,SUCCESSFUL
EVT-2026-01457,CMP-2026-01753,ATM-SO-023,2026-08-06 14:47:43,47.3,10000.0,SUCCESSFUL
EVT-2026-01458,CMP-2026-01755,ATM-WE-048,2026-05-13 16:41:49,94.1,34002.75,SUCCESSFUL
EVT-2026-01459,CMP-2026-01757,ATM-EA-035,2026-04-10 10:43:49,25.9,28721.39,SUCCESSFUL
EVT-2026-01460,CMP-2026-01758,ATM-SO-023,2026-04-26 21:08:54,43.7,10000.0,SUCCESSFUL
EVT-2026-01461,CMP-2026-01759,ATM-SO-029,2026-08-26 19:59:22,44.6,10000.0,SUCCESSFUL
EVT-2026-01462,CMP-2026-01760,ATM-SO-028,2026-08-13 09:39:33,27.4,10000.0,SUCCESSFUL
EVT-2026-01463,CMP-2026-01761,ATM-WE-042,2026-06-21 07:31:39,25.6,10000.0,SUCCESSFUL
EVT-2026-01464,CMP-2026-01762,ATM-CE-009,2026-06-15 15:17:41,96.7,33515.53,INTERCEPTED
EVT-2026-01465,CMP-2026-01763,ATM-EA-034,2026-05-25 15:03:28,41.6,40000.0,SUCCESSFUL
EVT-2026-01466,CMP-2026-01764,ATM-SO-027,2026-06-02 11:48:03,33.0,5573.5,SUCCESSFUL
EVT-2026-01467,CMP-2026-01765,ATM-EA-034,2026-07-16 13:17:42,37.2,10000.0,SUCCESSFUL
EVT-2026-01468,CMP-2026-01766,ATM-EA-037,2026-08-23 18:07:07,129.1,10000.0,SUCCESSFUL
EVT-2026-01469,CMP-2026-01767,ATM-CE-009,2026-03-12 23:08:20,76.9,39742.05,INTERCEPTED
EVT-2026-01470,CMP-2026-01768,ATM-CE-001,2026-06-30 19:17:51,42.8,50000.0,SUCCESSFUL
EVT-2026-01471,CMP-2026-01769,ATM-WE-050,2026-05-12 18:32:27,52.7,10000.0,SUCCESSFUL
EVT-2026-01472,CMP-2026-01770,ATM-EA-038,2026-05-21 11:14:22,44.5,10000.0,SUCCESSFUL
EVT-2026-01473,CMP-2026-01771,ATM-SO-022,2026-05-01 17:58:18,134.5,40000.0,SUCCESSFUL
EVT-2026-01474,CMP-2026-01772,ATM-CE-004,2026-03-20 20:34:56,34.3,20000.0,SUCCESSFUL
EVT-2026-01475,CMP-2026-01773,ATM-WE-048,2026-08-10 07:35:09,26.5,36675.08,SUCCESSFUL
EVT-2026-01476,CMP-2026-01774,ATM-NO-013,2026-05-15 15:18:45,92.1,20000.0,INTERCEPTED
EVT-2026-01477,CMP-2026-01775,ATM-WE-041,2026-03-08 13:17:52,69.6,40000.0,SUCCESSFUL
EVT-2026-01478,CMP-2026-01776,ATM-EA-036,2026-04-26 16:24:27,27.9,20000.0,SUCCESSFUL
EVT-2026-01479,CMP-2026-01777,ATM-SO-028,2026-05-25 00:03:02,24.7,10000.0,SUCCESSFUL
EVT-2026-01480,CMP-2026-01778,ATM-NO-018,2026-06-02 13:18:48,36.1,20000.0,SUCCESSFUL
EVT-2026-01481,CMP-2026-01780,ATM-EA-035,2026-05-15 13:37:18,25.1,20000.0,SUCCESSFUL
EVT-2026-01482,CMP-2026-01781,ATM-NO-013,2026-07-20 18:23:44,122.5,31107.33,SUCCESSFUL
EVT-2026-01483,CMP-2026-01783,ATM-SO-022,2026-06-19 20:02:04,35.7,50000.0,SUCCESSFUL
EVT-2026-01484,CMP-2026-01784,ATM-CE-002,2026-08-05 12:39:47,41.8,10000.0,SUCCESSFUL
EVT-2026-01485,CMP-2026-01785,ATM-CE-004,2026-06-23 14:02:42,18.5,20000.0,SUCCESSFUL
EVT-2026-01486,CMP-2026-01787,ATM-NO-016,2026-04-30 00:13:36,146.2,20000.0,SUCCESSFUL
EVT-2026-01487,CMP-2026-01788,ATM-NO-020,2026-03-02 10:15:04,15.0,10000.0,SUCCESSFUL
EVT-2026-01488,CMP-2026-01789,ATM-CE-009,2026-03-26 14:13:31,45.3,29608.06,SUCCESSFUL
EVT-2026-01489,CMP-2026-01790,ATM-SO-029,2026-03-08 11:51:16,50.1,20000.0,SUCCESSFUL
EVT-2026-01490,CMP-2026-01791,ATM-SO-023,2026-04-09 04:49:33,32.8,20000.0,SUCCESSFUL
EVT-2026-01491,CMP-2026-01793,ATM-SO-028,2026-08-11 12:00:14,58.4,50000.0,SUCCESSFUL
EVT-2026-01492,CMP-2026-01794,ATM-NO-019,2026-06-27 03:30:20,214.2,20000.0,SUCCESSFUL
EVT-2026-01493,CMP-2026-01795,ATM-SO-029,2026-04-13 16:33:17,41.9,50000.0,SUCCESSFUL
EVT-2026-01494,CMP-2026-01796,ATM-WE-043,2026-08-07 00:58:02,113.9,20000.0,SUCCESSFUL
EVT-2026-01495,CMP-2026-01797,ATM-CE-007,2026-04-04 19:03:29,38.8,50000.0,SUCCESSFUL
EVT-2026-01496,CMP-2026-01798,ATM-NO-011,2026-08-23 15:57:52,41.9,20000.0,SUCCESSFUL
EVT-2026-01497,CMP-2026-01799,ATM-SO-030,2026-08-01 07:31:50,73.0,20000.0,SUCCESSFUL
EVT-2026-01498,CMP-2026-01801,ATM-SO-029,2026-08-01 15:07:18,149.4,10000.0,SUCCESSFUL
EVT-2026-01499,CMP-2026-01802,ATM-CE-002,2026-07-21 10:26:58,107.9,50000.0,SUCCESSFUL
EVT-2026-01500,CMP-2026-01803,ATM-WE-043,2026-06-25 11:14:50,42.5,13657.0,SUCCESSFUL
EVT-2026-01501,CMP-2026-01804,ATM-SO-023,2026-04-02 16:29:55,44.5,27091.27,SUCCESSFUL
EVT-2026-01502,CMP-2026-01805,ATM-WE-049,2026-07-07 16:04:32,33.0,46719.56,SUCCESSFUL
EVT-2026-01503,CMP-2026-01806,ATM-NO-014,2026-06-23 14:47:12,56.6,20000.0,INTERCEPTED
EVT-2026-01504,CMP-2026-01807,ATM-WE-042,2026-04-06 20:48:51,53.6,40000.0,SUCCESSFUL
EVT-2026-01505,CMP-2026-01808,ATM-EA-032,2026-05-16 19:05:09,100.6,28998.68,SUCCESSFUL
EVT-2026-01506,CMP-2026-01809,ATM-NO-014,2026-04-15 17:32:30,27.4,16027.31,SUCCESSFUL
EVT-2026-01507,CMP-2026-01810,ATM-EA-038,2026-05-20 18:46:53,24.7,50000.0,SUCCESSFUL
EVT-2026-01508,CMP-2026-01811,ATM-WE-048,2026-06-01 13:06:35,45.1,41644.37,SUCCESSFUL
EVT-2026-01509,CMP-2026-01812,ATM-CE-003,2026-05-13 21:53:50,62.3,8258.36,SUCCESSFUL
EVT-2026-01510,CMP-2026-01813,ATM-WE-044,2026-03-05 22:04:36,36.4,10000.0,SUCCESSFUL
EVT-2026-01511,CMP-2026-01815,ATM-SO-028,2026-06-02 00:01:15,20.2,20000.0,SUCCESSFUL
EVT-2026-01512,CMP-2026-01816,ATM-WE-043,2026-03-18 16:40:55,36.5,20000.0,SUCCESSFUL
EVT-2026-01513,CMP-2026-01817,ATM-EA-034,2026-04-30 19:24:59,41.6,6183.76,SUCCESSFUL
EVT-2026-01514,CMP-2026-01822,ATM-CE-009,2026-07-15 14:44:01,43.5,20000.0,SUCCESSFUL
EVT-2026-01515,CMP-2026-01823,ATM-WE-049,2026-08-03 14:05:17,171.1,20000.0,SUCCESSFUL
EVT-2026-01516,CMP-2026-01824,ATM-NO-019,2026-06-01 17:36:50,46.3,50000.0,SUCCESSFUL
EVT-2026-01517,CMP-2026-01826,ATM-CE-001,2026-05-17 14:04:11,199.8,50000.0,SUCCESSFUL
EVT-2026-01518,CMP-2026-01828,ATM-SO-027,2026-04-25 12:16:07,29.1,40000.0,SUCCESSFUL
EVT-2026-01519,CMP-2026-01829,ATM-CE-005,2026-05-01 20:27:13,60.8,6377.58,SUCCESSFUL
EVT-2026-01520,CMP-2026-01830,ATM-EA-031,2026-07-16 13:36:52,112.3,10000.0,SUCCESSFUL
EVT-2026-01521,CMP-2026-01832,ATM-CE-001,2026-08-26 20:15:52,39.2,50000.0,SUCCESSFUL
EVT-2026-01522,CMP-2026-01833,ATM-WE-048,2026-08-24 15:48:42,35.3,7020.05,SUCCESSFUL
EVT-2026-01523,CMP-2026-01834,ATM-EA-038,2026-04-03 14:25:12,18.9,50000.0,SUCCESSFUL
EVT-2026-01524,CMP-2026-01835,ATM-NO-020,2026-06-24 13:58:00,38.9,20000.0,SUCCESSFUL
EVT-2026-01525,CMP-2026-01836,ATM-WE-049,2026-03-06 13:32:17,47.7,20000.0,SUCCESSFUL
EVT-2026-01526,CMP-2026-01837,ATM-EA-031,2026-04-05 11:28:09,29.8,20000.0,SUCCESSFUL
EVT-2026-01527,CMP-2026-01838,ATM-SO-026,2026-04-22 19:56:30,23.4,11926.83,SUCCESSFUL
EVT-2026-01528,CMP-2026-01840,ATM-SO-028,2026-05-13 13:38:36,28.5,50000.0,SUCCESSFUL
EVT-2026-01529,CMP-2026-01842,ATM-SO-028,2026-08-03 17:25:49,76.9,20871.22,SUCCESSFUL
EVT-2026-01530,CMP-2026-01843,ATM-NO-020,2026-07-26 17:43:27,61.0,40000.0,SUCCESSFUL
EVT-2026-01531,CMP-2026-01844,ATM-WE-042,2026-05-30 22:22:34,39.1,10000.0,SUCCESSFUL
EVT-2026-01532,CMP-2026-01846,ATM-NO-020,2026-06-17 10:02:25,46.9,33995.72,SUCCESSFUL
EVT-2026-01533,CMP-2026-01847,ATM-EA-035,2026-05-22 14:00:11,84.2,6425.92,SUCCESSFUL
EVT-2026-01534,CMP-2026-01850,ATM-SO-023,2026-07-31 13:45:46,19.5,50000.0,SUCCESSFUL
EVT-2026-01535,CMP-2026-01851,ATM-EA-031,2026-05-22 17:04:42,66.0,10000.0,SUCCESSFUL
EVT-2026-01536,CMP-2026-01853,ATM-EA-037,2026-03-29 15:42:20,45.7,10000.0,SUCCESSFUL
EVT-2026-01537,CMP-2026-01854,ATM-CE-002,2026-07-04 15:22:53,35.9,50000.0,SUCCESSFUL
EVT-2026-01538,CMP-2026-01855,ATM-CE-005,2026-05-14 16:35:02,46.5,26843.33,SUCCESSFUL
EVT-2026-01539,CMP-2026-01856,ATM-CE-003,2026-03-14 19:08:22,181.8,29092.36,SUCCESSFUL
EVT-2026-01540,CMP-2026-01857,ATM-WE-047,2026-03-30 07:44:24,30.9,10000.0,SUCCESSFUL
EVT-2026-01541,CMP-2026-01858,ATM-NO-013,2026-03-14 18:02:36,17.9,27052.37,SUCCESSFUL
EVT-2026-01542,CMP-2026-01859,ATM-SO-028,2026-05-01 13:03:37,37.7,10000.0,SUCCESSFUL
EVT-2026-01543,CMP-2026-01861,ATM-NO-020,2026-04-28 17:32:10,104.7,10000.0,INTERCEPTED
EVT-2026-01544,CMP-2026-01862,ATM-NO-020,2026-06-27 16:32:37,47.2,40000.0,SUCCESSFUL
EVT-2026-01545,CMP-2026-01863,ATM-SO-021,2026-07-30 13:46:28,155.6,10000.0,INTERCEPTED
EVT-2026-01546,CMP-2026-01864,ATM-CE-009,2026-03-23 12:25:39,38.2,10000.0,SUCCESSFUL
EVT-2026-01547,CMP-2026-01865,ATM-WE-044,2026-06-30 12:46:10,36.7,20000.0,SUCCESSFUL
EVT-2026-01548,CMP-2026-01866,ATM-SO-023,2026-07-07 19:23:09,25.4,26297.28,SUCCESSFUL
EVT-2026-01549,CMP-2026-01867,ATM-CE-006,2026-07-04 11:18:06,24.4,10000.0,SUCCESSFUL
EVT-2026-01550,CMP-2026-01868,ATM-WE-043,2026-05-10 20:37:15,17.8,10000.0,SUCCESSFUL
EVT-2026-01551,CMP-2026-01869,ATM-SO-023,2026-03-09 14:33:13,68.4,20000.0,SUCCESSFUL
EVT-2026-01552,CMP-2026-01870,ATM-EA-040,2026-04-12 20:42:46,37.8,9855.83,SUCCESSFUL
EVT-2026-01553,CMP-2026-01871,ATM-EA-036,2026-04-30 12:25:06,72.4,20000.0,SUCCESSFUL
EVT-2026-01554,CMP-2026-01872,ATM-NO-016,2026-03-18 11:14:11,80.3,20000.0,SUCCESSFUL
EVT-2026-01555,CMP-2026-01873,ATM-EA-034,2026-03-08 21:15:18,43.2,10386.9,SUCCESSFUL
EVT-2026-01556,CMP-2026-01874,ATM-NO-019,2026-06-11 03:15:03,242.4,47494.73,SUCCESSFUL
EVT-2026-01557,CMP-2026-01875,ATM-CE-009,2026-03-22 10:44:08,31.0,20000.0,SUCCESSFUL
EVT-2026-01558,CMP-2026-01876,ATM-WE-050,2026-03-03 13:07:47,26.5,20000.0,SUCCESSFUL
EVT-2026-01559,CMP-2026-01877,ATM-EA-031,2026-05-22 14:52:33,47.9,40000.0,SUCCESSFUL
EVT-2026-01560,CMP-2026-01878,ATM-NO-020,2026-03-08 17:45:10,49.0,20900.57,SUCCESSFUL
EVT-2026-01561,CMP-2026-01881,ATM-SO-021,2026-06-17 02:05:05,144.4,17551.39,SUCCESSFUL
EVT-2026-01562,CMP-2026-01882,ATM-WE-049,2026-06-23 08:44:21,47.6,15470.78,SUCCESSFUL
EVT-2026-01563,CMP-2026-01884,ATM-NO-012,2026-05-20 10:52:09,19.5,10000.0,SUCCESSFUL
EVT-2026-01564,CMP-2026-01886,ATM-NO-020,2026-04-25 19:16:11,28.7,10000.0,SUCCESSFUL
EVT-2026-01565,CMP-2026-01887,ATM-WE-048,2026-03-11 21:34:48,131.3,20000.0,SUCCESSFUL
EVT-2026-01566,CMP-2026-01888,ATM-SO-028,2026-06-24 20:34:08,78.2,50000.0,SUCCESSFUL
EVT-2026-01567,CMP-2026-01889,ATM-CE-006,2026-07-13 01:15:58,174.8,6021.92,SUCCESSFUL
EVT-2026-01568,CMP-2026-01890,ATM-CE-006,2026-08-23 15:38:10,176.3,10000.0,INTERCEPTED
EVT-2026-01569,CMP-2026-01891,ATM-EA-035,2026-07-10 23:21:51,60.6,10000.0,SUCCESSFUL
EVT-2026-01570,CMP-2026-01892,ATM-NO-014,2026-08-12 00:55:39,73.4,20000.0,SUCCESSFUL
EVT-2026-01571,CMP-2026-01893,ATM-EA-038,2026-05-08 02:46:02,25.9,10000.0,SUCCESSFUL
EVT-2026-01572,CMP-2026-01895,ATM-EA-034,2026-03-10 21:41:38,32.4,20000.0,SUCCESSFUL
EVT-2026-01573,CMP-2026-01897,ATM-CE-006,2026-04-12 13:20:27,15.0,40000.0,SUCCESSFUL
EVT-2026-01574,CMP-2026-01898,ATM-SO-023,2026-03-30 17:49:21,97.1,20000.0,SUCCESSFUL
EVT-2026-01575,CMP-2026-01900,ATM-CE-005,2026-04-06 19:53:43,57.9,40000.0,SUCCESSFUL
EVT-2026-01576,CMP-2026-01901,ATM-WE-041,2026-03-31 14:32:43,64.3,6639.59,SUCCESSFUL
EVT-2026-01577,CMP-2026-01902,ATM-EA-036,2026-07-26 22:00:35,70.1,50000.0,SUCCESSFUL
EVT-2026-01578,CMP-2026-01903,ATM-SO-024,2026-03-15 16:28:00,29.0,20000.0,SUCCESSFUL
EVT-2026-01579,CMP-2026-01904,ATM-CE-004,2026-06-08 12:30:43,19.5,40000.0,SUCCESSFUL
EVT-2026-01580,CMP-2026-01905,ATM-NO-011,2026-05-21 13:44:35,80.0,10000.0,SUCCESSFUL
EVT-2026-01581,CMP-2026-01906,ATM-SO-027,2026-04-29 10:24:28,99.0,20000.0,SUCCESSFUL
EVT-2026-01582,CMP-2026-01907,ATM-WE-048,2026-03-01 20:19:46,84.2,40000.0,SUCCESSFUL
EVT-2026-01583,CMP-2026-01908,ATM-NO-019,2026-08-14 15:25:58,180.2,50000.0,SUCCESSFUL
EVT-2026-01584,CMP-2026-01912,ATM-CE-004,2026-07-17 15:02:18,73.5,23528.66,SUCCESSFUL
EVT-2026-01585,CMP-2026-01913,ATM-WE-045,2026-05-06 14:55:59,52.3,50000.0,SUCCESSFUL
EVT-2026-01586,CMP-2026-01914,ATM-WE-049,2026-07-11 12:23:43,68.2,19888.23,SUCCESSFUL
EVT-2026-01587,CMP-2026-01915,ATM-NO-019,2026-06-30 11:42:00,57.3,40000.0,SUCCESSFUL
EVT-2026-01588,CMP-2026-01916,ATM-SO-023,2026-06-17 19:59:56,136.8,12041.36,SUCCESSFUL
EVT-2026-01589,CMP-2026-01917,ATM-EA-032,2026-03-03 19:04:14,75.2,49242.52,SUCCESSFUL
EVT-2026-01590,CMP-2026-01918,ATM-WE-049,2026-05-11 14:02:48,24.9,14274.99,SUCCESSFUL
EVT-2026-01591,CMP-2026-01919,ATM-WE-050,2026-08-05 23:36:58,206.1,40000.0,SUCCESSFUL
EVT-2026-01592,CMP-2026-01920,ATM-WE-050,2026-06-04 18:59:17,122.9,50000.0,SUCCESSFUL
EVT-2026-01593,CMP-2026-01921,ATM-SO-027,2026-08-14 19:24:53,29.8,40000.0,SUCCESSFUL
EVT-2026-01594,CMP-2026-01922,ATM-SO-023,2026-07-25 09:01:00,43.2,50000.0,SUCCESSFUL
EVT-2026-01595,CMP-2026-01923,ATM-NO-016,2026-07-04 09:40:15,40.1,10000.0,SUCCESSFUL
EVT-2026-01596,CMP-2026-01924,ATM-SO-022,2026-03-18 15:41:46,112.0,50000.0,SUCCESSFUL
EVT-2026-01597,CMP-2026-01925,ATM-WE-045,2026-07-10 15:57:26,47.3,20000.0,INTERCEPTED
EVT-2026-01598,CMP-2026-01926,ATM-SO-022,2026-04-02 20:48:55,101.5,20000.0,INTERCEPTED
EVT-2026-01599,CMP-2026-01927,ATM-SO-022,2026-03-11 14:39:33,27.7,36422.51,SUCCESSFUL
EVT-2026-01600,CMP-2026-01928,ATM-NO-017,2026-08-24 18:22:58,327.5,10000.0,SUCCESSFUL
EVT-2026-01601,CMP-2026-01929,ATM-SO-025,2026-03-30 19:11:00,52.9,40000.0,SUCCESSFUL
EVT-2026-01602,CMP-2026-01930,ATM-WE-049,2026-03-13 00:40:55,99.3,42303.75,SUCCESSFUL
EVT-2026-01603,CMP-2026-01931,ATM-WE-049,2026-03-19 18:18:04,254.8,10000.0,SUCCESSFUL
EVT-2026-01604,CMP-2026-01932,ATM-WE-043,2026-07-21 19:47:09,45.1,10000.0,SUCCESSFUL
EVT-2026-01605,CMP-2026-01933,ATM-NO-020,2026-05-07 22:23:42,169.9,50000.0,SUCCESSFUL
EVT-2026-01606,CMP-2026-01934,ATM-WE-041,2026-04-30 16:47:51,20.5,40000.0,SUCCESSFUL
EVT-2026-01607,CMP-2026-01936,ATM-WE-050,2026-06-28 09:55:58,31.3,35507.32,SUCCESSFUL
EVT-2026-01608,CMP-2026-01937,ATM-WE-048,2026-08-05 11:09:44,18.6,50000.0,SUCCESSFUL
EVT-2026-01609,CMP-2026-01938,ATM-CE-001,2026-07-09 20:15:16,18.3,10000.0,SUCCESSFUL
EVT-2026-01610,CMP-2026-01939,ATM-SO-030,2026-08-04 16:27:57,130.2,20000.0,SUCCESSFUL
EVT-2026-01611,CMP-2026-01940,ATM-NO-012,2026-05-06 19:13:54,94.2,17930.34,SUCCESSFUL
EVT-2026-01612,CMP-2026-01942,ATM-WE-048,2026-07-25 18:46:08,44.5,10000.0,SUCCESSFUL
EVT-2026-01613,CMP-2026-01943,ATM-NO-014,2026-08-22 14:11:36,84.3,20000.0,SUCCESSFUL
EVT-2026-01614,CMP-2026-01944,ATM-CE-004,2026-05-12 16:02:27,22.6,50000.0,SUCCESSFUL
EVT-2026-01615,CMP-2026-01946,ATM-WE-050,2026-08-02 08:23:53,26.8,9748.52,SUCCESSFUL
EVT-2026-01616,CMP-2026-01948,ATM-EA-038,2026-08-05 15:00:19,69.4,10000.0,INTERCEPTED
EVT-2026-01617,CMP-2026-01949,ATM-SO-029,2026-07-22 19:40:30,80.6,32533.77,INTERCEPTED
EVT-2026-01618,CMP-2026-01950,ATM-CE-001,2026-05-20 10:26:59,79.5,20000.0,INTERCEPTED
EVT-2026-01619,CMP-2026-01951,ATM-CE-004,2026-03-31 19:24:46,42.0,50000.0,SUCCESSFUL
EVT-2026-01620,CMP-2026-01953,ATM-NO-012,2026-04-28 12:51:23,26.6,40000.0,SUCCESSFUL
EVT-2026-01621,CMP-2026-01954,ATM-CE-008,2026-06-28 13:08:13,190.5,20000.0,SUCCESSFUL
EVT-2026-01622,CMP-2026-01955,ATM-SO-023,2026-06-23 16:43:14,132.2,40000.0,SUCCESSFUL
EVT-2026-01623,CMP-2026-01956,ATM-WE-048,2026-08-15 14:20:03,30.1,19968.53,SUCCESSFUL
EVT-2026-01624,CMP-2026-01957,ATM-CE-009,2026-05-07 19:14:10,28.4,32637.35,SUCCESSFUL
EVT-2026-01625,CMP-2026-01959,ATM-EA-036,2026-05-18 10:56:39,42.4,40000.0,SUCCESSFUL
EVT-2026-01626,CMP-2026-01960,ATM-CE-005,2026-03-16 18:17:28,72.1,11220.34,SUCCESSFUL
EVT-2026-01627,CMP-2026-01962,ATM-EA-040,2026-08-19 21:18:01,41.2,10000.0,SUCCESSFUL
EVT-2026-01628,CMP-2026-01963,ATM-WE-041,2026-06-15 11:52:21,39.5,50000.0,SUCCESSFUL
EVT-2026-01629,CMP-2026-01964,ATM-WE-049,2026-04-27 11:30:32,66.7,10012.27,SUCCESSFUL
EVT-2026-01630,CMP-2026-01965,ATM-EA-031,2026-06-17 20:30:03,16.0,39255.04,SUCCESSFUL
EVT-2026-01631,CMP-2026-01967,ATM-NO-019,2026-05-29 22:01:26,32.3,20000.0,SUCCESSFUL
EVT-2026-01632,CMP-2026-01969,ATM-CE-006,2026-03-07 17:56:35,36.3,10000.0,SUCCESSFUL
EVT-2026-01633,CMP-2026-01970,ATM-WE-050,2026-04-19 23:55:57,61.2,15186.86,SUCCESSFUL
EVT-2026-01634,CMP-2026-01972,ATM-WE-047,2026-04-29 17:08:21,75.6,20000.0,SUCCESSFUL
EVT-2026-01635,CMP-2026-01973,ATM-CE-002,2026-03-10 15:14:12,198.4,43914.22,SUCCESSFUL
EVT-2026-01636,CMP-2026-01975,ATM-NO-016,2026-03-29 15:29:29,27.9,50000.0,SUCCESSFUL
EVT-2026-01637,CMP-2026-01976,ATM-CE-009,2026-07-01 21:46:19,83.5,10000.0,SUCCESSFUL
EVT-2026-01638,CMP-2026-01977,ATM-WE-042,2026-04-21 00:10:32,25.6,7445.11,SUCCESSFUL
EVT-2026-01639,CMP-2026-01978,ATM-NO-020,2026-03-18 23:05:29,44.7,10000.0,SUCCESSFUL
EVT-2026-01640,CMP-2026-01979,ATM-CE-006,2026-07-31 14:45:40,120.4,20000.0,SUCCESSFUL
EVT-2026-01641,CMP-2026-01981,ATM-EA-037,2026-04-07 15:06:53,75.1,10000.0,SUCCESSFUL
EVT-2026-01642,CMP-2026-01982,ATM-CE-008,2026-08-02 20:21:32,134.8,20000.0,SUCCESSFUL
EVT-2026-01643,CMP-2026-01983,ATM-WE-041,2026-08-24 23:13:45,29.9,10000.0,SUCCESSFUL
EVT-2026-01644,CMP-2026-01985,ATM-NO-020,2026-03-22 19:25:25,52.7,40668.37,SUCCESSFUL
EVT-2026-01645,CMP-2026-01986,ATM-CE-006,2026-06-21 18:06:00,100.8,20000.0,SUCCESSFUL
EVT-2026-01646,CMP-2026-01987,ATM-CE-005,2026-05-11 15:51:26,31.7,20000.0,SUCCESSFUL
EVT-2026-01647,CMP-2026-01988,ATM-CE-001,2026-06-26 13:25:35,60.8,10000.0,SUCCESSFUL
EVT-2026-01648,CMP-2026-01989,ATM-WE-043,2026-08-03 11:42:49,61.4,50000.0,SUCCESSFUL
EVT-2026-01649,CMP-2026-01990,ATM-CE-003,2026-03-22 18:32:42,27.6,20000.0,SUCCESSFUL
EVT-2026-01650,CMP-2026-01991,ATM-EA-032,2026-03-05 18:11:20,34.7,10000.0,SUCCESSFUL
EVT-2026-01651,CMP-2026-01992,ATM-EA-036,2026-07-21 13:33:21,142.0,22579.8,SUCCESSFUL
EVT-2026-01652,CMP-2026-01993,ATM-SO-027,2026-03-23 04:48:19,28.3,20000.0,SUCCESSFUL
EVT-2026-01653,CMP-2026-01994,ATM-CE-001,2026-05-12 20:21:05,37.1,21069.95,SUCCESSFUL
EVT-2026-01654,CMP-2026-01995,ATM-NO-020,2026-03-12 11:36:35,43.0,10000.0,SUCCESSFUL
EVT-2026-01655,CMP-2026-01997,ATM-CE-004,2026-04-02 08:05:42,27.0,19215.94,SUCCESSFUL
EVT-2026-01656,CMP-2026-01998,ATM-CE-005,2026-07-23 18:43:15,36.2,12118.87,SUCCESSFUL
EVT-2026-01657,CMP-2026-01999,ATM-CE-006,2026-06-26 19:39:22,33.8,10000.0,SUCCESSFUL
EVT-2026-01658,CMP-2026-02000,ATM-EA-036,2026-03-16 15:40:57,33.4,20000.0,SUCCESSFUL
EVT-2026-01659,CMP-2026-02001,ATM-CE-001,2026-05-16 23:59:42,17.7,10000.0,SUCCESSFUL
EVT-2026-01660,CMP-2026-02002,ATM-WE-048,2026-08-18 21:39:20,125.4,50000.0,INTERCEPTED
EVT-2026-01661,CMP-2026-02004,ATM-CE-006,2026-08-27 19:14:09,35.6,10000.0,SUCCESSFUL
EVT-2026-01662,CMP-2026-02005,ATM-CE-002,2026-06-28 10:43:39,41.4,19636.39,SUCCESSFUL
EVT-2026-01663,CMP-2026-02007,ATM-EA-036,2026-06-17 14:02:39,49.0,20000.0,SUCCESSFUL
EVT-2026-01664,CMP-2026-02008,ATM-EA-038,2026-07-10 15:54:42,27.6,40000.0,SUCCESSFUL
EVT-2026-01665,CMP-2026-02009,ATM-EA-038,2026-05-09 00:37:00,39.8,10000.0,SUCCESSFUL
EVT-2026-01666,CMP-2026-02011,ATM-WE-043,2026-03-26 12:55:01,102.0,40000.0,SUCCESSFUL
EVT-2026-01667,CMP-2026-02012,ATM-NO-018,2026-07-04 17:19:07,66.4,20000.0,SUCCESSFUL
EVT-2026-01668,CMP-2026-02014,ATM-CE-001,2026-05-18 19:48:23,226.8,38991.01,INTERCEPTED
EVT-2026-01669,CMP-2026-02015,ATM-EA-038,2026-03-20 19:04:13,88.8,10000.0,SUCCESSFUL
EVT-2026-01670,CMP-2026-02017,ATM-CE-005,2026-04-10 13:34:42,34.6,20000.0,SUCCESSFUL
EVT-2026-01671,CMP-2026-02019,ATM-CE-002,2026-04-01 21:36:45,109.8,11831.18,INTERCEPTED
EVT-2026-01672,CMP-2026-02020,ATM-SO-027,2026-05-02 12:38:47,61.9,15141.63,SUCCESSFUL
EVT-2026-01673,CMP-2026-02022,ATM-CE-008,2026-05-10 21:48:29,25.6,32906.16,SUCCESSFUL
EVT-2026-01674,CMP-2026-02023,ATM-CE-005,2026-05-25 09:19:57,71.7,20000.0,SUCCESSFUL
EVT-2026-01675,CMP-2026-02024,ATM-WE-050,2026-03-26 18:29:14,52.5,40000.0,SUCCESSFUL
EVT-2026-01676,CMP-2026-02025,ATM-SO-026,2026-04-14 20:30:30,52.1,20000.0,SUCCESSFUL
EVT-2026-01677,CMP-2026-02026,ATM-CE-001,2026-05-19 20:36:40,133.8,40000.0,SUCCESSFUL
EVT-2026-01678,CMP-2026-02028,ATM-NO-019,2026-04-11 12:25:43,44.8,12568.86,SUCCESSFUL
EVT-2026-01679,CMP-2026-02029,ATM-SO-023,2026-05-13 22:27:10,186.3,10000.0,INTERCEPTED
EVT-2026-01680,CMP-2026-02030,ATM-NO-018,2026-04-13 14:27:34,22.4,10000.0,SUCCESSFUL
EVT-2026-01681,CMP-2026-02031,ATM-EA-034,2026-07-12 11:15:54,39.9,10000.0,SUCCESSFUL
EVT-2026-01682,CMP-2026-02032,ATM-WE-042,2026-08-21 09:54:05,86.4,20000.0,SUCCESSFUL
EVT-2026-01683,CMP-2026-02033,ATM-SO-025,2026-06-01 10:37:43,113.8,10000.0,SUCCESSFUL
EVT-2026-01684,CMP-2026-02034,ATM-NO-012,2026-06-19 18:47:23,108.5,30212.37,SUCCESSFUL
EVT-2026-01685,CMP-2026-02035,ATM-SO-024,2026-07-13 17:52:26,156.7,10000.0,SUCCESSFUL
EVT-2026-01686,CMP-2026-02037,ATM-EA-031,2026-06-03 16:53:50,39.7,16727.92,SUCCESSFUL
EVT-2026-01687,CMP-2026-02038,ATM-EA-036,2026-06-01 15:25:02,81.6,20000.0,SUCCESSFUL
EVT-2026-01688,CMP-2026-02039,ATM-NO-019,2026-03-21 19:34:42,36.0,10000.0,SUCCESSFUL
EVT-2026-01689,CMP-2026-02040,ATM-CE-001,2026-04-22 16:06:38,36.3,10000.0,SUCCESSFUL
EVT-2026-01690,CMP-2026-02041,ATM-CE-007,2026-07-11 06:17:15,40.8,37936.2,SUCCESSFUL
EVT-2026-01691,CMP-2026-02043,ATM-NO-015,2026-03-07 16:57:51,87.9,50000.0,SUCCESSFUL
EVT-2026-01692,CMP-2026-02044,ATM-SO-029,2026-03-11 22:50:24,49.8,6434.58,SUCCESSFUL
EVT-2026-01693,CMP-2026-02046,ATM-NO-016,2026-04-03 12:59:32,37.5,50000.0,SUCCESSFUL
EVT-2026-01694,CMP-2026-02048,ATM-EA-038,2026-05-13 15:51:52,53.4,40000.0,INTERCEPTED
EVT-2026-01695,CMP-2026-02049,ATM-EA-031,2026-05-12 00:01:57,42.6,20000.0,SUCCESSFUL
EVT-2026-01696,CMP-2026-02051,ATM-EA-031,2026-06-28 00:26:31,58.4,21635.05,SUCCESSFUL
EVT-2026-01697,CMP-2026-02052,ATM-NO-019,2026-03-02 19:18:16,21.4,10000.0,SUCCESSFUL
EVT-2026-01698,CMP-2026-02053,ATM-SO-023,2026-04-04 09:20:02,17.9,40000.0,SUCCESSFUL
EVT-2026-01699,CMP-2026-02054,ATM-EA-038,2026-08-10 17:25:42,15.0,50000.0,SUCCESSFUL
EVT-2026-01700,CMP-2026-02055,ATM-CE-006,2026-08-20 19:54:31,37.4,10174.83,SUCCESSFUL
EVT-2026-01701,CMP-2026-02056,ATM-WE-042,2026-07-22 10:56:12,131.1,50000.0,SUCCESSFUL
EVT-2026-01702,CMP-2026-02057,ATM-EA-031,2026-08-14 17:03:16,69.4,10000.0,SUCCESSFUL
EVT-2026-01703,CMP-2026-02058,ATM-WE-048,2026-07-21 18:31:45,23.6,10000.0,SUCCESSFUL
EVT-2026-01704,CMP-2026-02059,ATM-SO-028,2026-07-17 13:54:49,159.8,27567.25,SUCCESSFUL
EVT-2026-01705,CMP-2026-02060,ATM-SO-030,2026-06-16 19:18:39,78.2,16668.52,SUCCESSFUL
EVT-2026-01706,CMP-2026-02061,ATM-CE-005,2026-07-15 13:45:20,29.7,10729.39,SUCCESSFUL
EVT-2026-01707,CMP-2026-02064,ATM-CE-007,2026-04-05 16:54:15,68.4,11803.68,INTERCEPTED
EVT-2026-01708,CMP-2026-02065,ATM-EA-031,2026-08-01 17:33:10,52.5,10000.0,SUCCESSFUL
EVT-2026-01709,CMP-2026-02067,ATM-NO-016,2026-08-15 13:07:20,40.3,10000.0,SUCCESSFUL
EVT-2026-01710,CMP-2026-02068,ATM-NO-015,2026-08-03 17:26:20,61.9,10148.5,SUCCESSFUL
EVT-2026-01711,CMP-2026-02069,ATM-NO-019,2026-04-09 14:37:00,129.5,50000.0,SUCCESSFUL
EVT-2026-01712,CMP-2026-02070,ATM-WE-043,2026-04-24 16:31:19,73.9,17330.26,SUCCESSFUL
EVT-2026-01713,CMP-2026-02071,ATM-CE-008,2026-04-14 13:14:20,77.3,10000.0,SUCCESSFUL
EVT-2026-01714,CMP-2026-02072,ATM-SO-022,2026-03-10 14:05:57,18.6,50000.0,SUCCESSFUL
EVT-2026-01715,CMP-2026-02073,ATM-WE-047,2026-04-20 20:59:14,81.1,40000.0,SUCCESSFUL
EVT-2026-01716,CMP-2026-02074,ATM-CE-005,2026-05-05 18:21:33,62.4,10000.0,SUCCESSFUL
EVT-2026-01717,CMP-2026-02075,ATM-SO-029,2026-07-17 17:28:14,139.9,20593.05,SUCCESSFUL
EVT-2026-01718,CMP-2026-02076,ATM-EA-037,2026-06-15 18:02:05,23.7,40000.0,SUCCESSFUL
EVT-2026-01719,CMP-2026-02078,ATM-WE-045,2026-03-24 17:33:03,45.4,20000.0,SUCCESSFUL
EVT-2026-01720,CMP-2026-02079,ATM-SO-023,2026-04-04 19:14:04,45.1,10796.64,SUCCESSFUL
EVT-2026-01721,CMP-2026-02080,ATM-EA-034,2026-05-25 18:10:28,22.3,20000.0,SUCCESSFUL
EVT-2026-01722,CMP-2026-02081,ATM-NO-013,2026-03-08 03:39:37,27.2,37092.31,SUCCESSFUL
EVT-2026-01723,CMP-2026-02083,ATM-WE-048,2026-06-10 02:08:23,165.4,10000.0,SUCCESSFUL
EVT-2026-01724,CMP-2026-02085,ATM-NO-019,2026-05-30 13:34:22,93.2,20000.0,SUCCESSFUL
EVT-2026-01725,CMP-2026-02087,ATM-SO-026,2026-04-04 21:18:10,85.8,10000.0,INTERCEPTED
EVT-2026-01726,CMP-2026-02088,ATM-NO-013,2026-07-14 02:51:22,26.8,23234.02,SUCCESSFUL
EVT-2026-01727,CMP-2026-02089,ATM-WE-048,2026-06-18 18:11:08,118.0,20000.0,SUCCESSFUL
EVT-2026-01728,CMP-2026-02090,ATM-CE-003,2026-03-02 14:34:13,34.4,22092.49,SUCCESSFUL
EVT-2026-01729,CMP-2026-02091,ATM-CE-009,2026-04-24 15:58:48,44.5,10000.0,SUCCESSFUL
EVT-2026-01730,CMP-2026-02092,ATM-CE-003,2026-03-31 15:10:58,68.4,10000.0,SUCCESSFUL
EVT-2026-01731,CMP-2026-02093,ATM-CE-003,2026-08-17 17:30:09,252.2,10000.0,SUCCESSFUL
EVT-2026-01732,CMP-2026-02094,ATM-SO-023,2026-04-14 22:07:13,15.0,10000.0,SUCCESSFUL
EVT-2026-01733,CMP-2026-02096,ATM-EA-032,2026-04-28 13:07:19,81.4,20000.0,SUCCESSFUL
EVT-2026-01734,CMP-2026-02097,ATM-EA-031,2026-06-19 15:51:18,31.3,10000.0,SUCCESSFUL
EVT-2026-01735,CMP-2026-02099,ATM-EA-036,2026-04-01 13:22:35,81.0,10000.0,SUCCESSFUL
EVT-2026-01736,CMP-2026-02101,ATM-WE-048,2026-06-23 14:50:47,75.6,20000.0,SUCCESSFUL
EVT-2026-01737,CMP-2026-02103,ATM-SO-024,2026-05-11 15:27:28,59.2,50000.0,SUCCESSFUL
EVT-2026-01738,CMP-2026-02104,ATM-CE-003,2026-08-10 19:22:06,76.6,20000.0,SUCCESSFUL
EVT-2026-01739,CMP-2026-02105,ATM-NO-011,2026-07-25 15:53:22,42.2,20000.0,SUCCESSFUL
EVT-2026-01740,CMP-2026-02106,ATM-WE-041,2026-06-25 07:31:22,30.1,20000.0,SUCCESSFUL
EVT-2026-01741,CMP-2026-02107,ATM-SO-028,2026-07-26 14:13:36,30.0,20000.0,SUCCESSFUL
EVT-2026-01742,CMP-2026-02109,ATM-CE-005,2026-08-22 22:57:53,51.1,10000.0,SUCCESSFUL
EVT-2026-01743,CMP-2026-02110,ATM-NO-020,2026-06-17 20:11:48,107.4,10000.0,SUCCESSFUL
EVT-2026-01744,CMP-2026-02111,ATM-WE-049,2026-07-16 16:07:07,145.1,20000.0,SUCCESSFUL
EVT-2026-01745,CMP-2026-02112,ATM-CE-007,2026-04-18 18:28:44,108.1,10000.0,SUCCESSFUL
EVT-2026-01746,CMP-2026-02113,ATM-WE-050,2026-03-20 10:04:53,17.0,10000.0,SUCCESSFUL
EVT-2026-01747,CMP-2026-02114,ATM-WE-048,2026-04-06 18:03:27,92.7,50000.0,SUCCESSFUL
EVT-2026-01748,CMP-2026-02115,ATM-SO-027,2026-04-25 13:47:22,77.2,40000.0,SUCCESSFUL
EVT-2026-01749,CMP-2026-02117,ATM-WE-050,2026-03-19 16:56:49,38.7,27979.96,SUCCESSFUL
EVT-2026-01750,CMP-2026-02118,ATM-CE-005,2026-03-26 14:52:36,114.4,50000.0,SUCCESSFUL
EVT-2026-01751,CMP-2026-02120,ATM-CE-006,2026-07-02 15:19:11,35.3,10000.0,SUCCESSFUL
EVT-2026-01752,CMP-2026-02121,ATM-WE-049,2026-05-28 19:34:28,27.2,30135.25,SUCCESSFUL
EVT-2026-01753,CMP-2026-02122,ATM-SO-029,2026-05-04 19:03:38,24.3,10000.0,SUCCESSFUL
EVT-2026-01754,CMP-2026-02123,ATM-WE-047,2026-08-09 14:56:22,18.2,32950.95,SUCCESSFUL
EVT-2026-01755,CMP-2026-02124,ATM-SO-021,2026-06-16 18:26:29,43.0,19402.44,SUCCESSFUL
EVT-2026-01756,CMP-2026-02126,ATM-CE-005,2026-04-18 15:11:55,40.2,40000.0,SUCCESSFUL
EVT-2026-01757,CMP-2026-02127,ATM-NO-016,2026-07-24 08:26:07,100.3,10000.0,SUCCESSFUL
EVT-2026-01758,CMP-2026-02128,ATM-SO-027,2026-08-24 13:06:13,16.5,20000.0,SUCCESSFUL
EVT-2026-01759,CMP-2026-02129,ATM-WE-048,2026-05-10 17:26:39,99.8,50000.0,SUCCESSFUL
EVT-2026-01760,CMP-2026-02130,ATM-CE-005,2026-03-21 12:06:17,38.5,10000.0,SUCCESSFUL
EVT-2026-01761,CMP-2026-02131,ATM-NO-011,2026-04-28 13:56:30,48.3,24881.76,SUCCESSFUL
EVT-2026-01762,CMP-2026-02132,ATM-EA-038,2026-04-27 23:07:28,160.0,23799.54,SUCCESSFUL
EVT-2026-01763,CMP-2026-02134,ATM-CE-005,2026-08-13 12:01:17,36.9,11376.34,SUCCESSFUL
EVT-2026-01764,CMP-2026-02135,ATM-WE-041,2026-06-04 14:18:48,26.6,8102.79,SUCCESSFUL
EVT-2026-01765,CMP-2026-02136,ATM-EA-034,2026-06-03 12:28:57,39.2,6870.87,SUCCESSFUL
EVT-2026-01766,CMP-2026-02137,ATM-SO-021,2026-07-05 14:40:12,144.8,10000.0,SUCCESSFUL
EVT-2026-01767,CMP-2026-02138,ATM-SO-027,2026-05-25 17:48:17,39.3,40000.0,SUCCESSFUL
EVT-2026-01768,CMP-2026-02139,ATM-CE-008,2026-05-04 12:19:20,24.4,20000.0,SUCCESSFUL
EVT-2026-01769,CMP-2026-02141,ATM-WE-042,2026-08-23 00:37:04,38.6,20000.0,SUCCESSFUL
EVT-2026-01770,CMP-2026-02143,ATM-WE-047,2026-07-05 13:13:54,49.1,32709.31,SUCCESSFUL
EVT-2026-01771,CMP-2026-02144,ATM-WE-050,2026-07-05 11:14:18,31.7,20000.0,SUCCESSFUL
EVT-2026-01772,CMP-2026-02145,ATM-CE-007,2026-03-06 10:20:53,57.7,10000.0,SUCCESSFUL
EVT-2026-01773,CMP-2026-02146,ATM-NO-016,2026-03-03 11:22:44,28.9,20000.0,SUCCESSFUL
EVT-2026-01774,CMP-2026-02147,ATM-SO-030,2026-05-24 15:03:25,54.6,40000.0,SUCCESSFUL
EVT-2026-01775,CMP-2026-02148,ATM-CE-008,2026-05-24 15:43:10,116.8,10000.0,SUCCESSFUL
EVT-2026-01776,CMP-2026-02149,ATM-CE-004,2026-03-29 13:31:40,35.0,20000.0,SUCCESSFUL
EVT-2026-01777,CMP-2026-02151,ATM-SO-023,2026-07-02 02:02:59,126.5,30382.11,SUCCESSFUL
EVT-2026-01778,CMP-2026-02152,ATM-WE-043,2026-05-30 20:03:08,17.9,20000.0,SUCCESSFUL
EVT-2026-01779,CMP-2026-02153,ATM-EA-038,2026-04-18 17:33:24,27.9,20000.0,SUCCESSFUL
EVT-2026-01780,CMP-2026-02154,ATM-CE-006,2026-07-12 12:06:08,40.5,50000.0,SUCCESSFUL
EVT-2026-01781,CMP-2026-02155,ATM-NO-020,2026-04-03 19:06:19,18.7,9288.59,SUCCESSFUL
EVT-2026-01782,CMP-2026-02156,ATM-SO-023,2026-07-26 00:15:57,46.5,50000.0,SUCCESSFUL
EVT-2026-01783,CMP-2026-02157,ATM-CE-001,2026-07-27 21:51:40,41.6,44541.27,SUCCESSFUL
EVT-2026-01784,CMP-2026-02158,ATM-CE-002,2026-04-05 19:19:00,132.9,15575.99,INTERCEPTED
EVT-2026-01785,CMP-2026-02159,ATM-SO-022,2026-04-20 18:46:50,72.7,10000.0,SUCCESSFUL
EVT-2026-01786,CMP-2026-02160,ATM-CE-001,2026-04-25 12:10:24,35.2,10000.0,SUCCESSFUL
EVT-2026-01787,CMP-2026-02161,ATM-CE-005,2026-04-13 22:59:42,174.1,46882.9,INTERCEPTED
EVT-2026-01788,CMP-2026-02163,ATM-EA-037,2026-07-14 19:08:22,42.8,50000.0,SUCCESSFUL
EVT-2026-01789,CMP-2026-02164,ATM-CE-001,2026-07-09 12:34:54,86.2,40000.0,SUCCESSFUL
EVT-2026-01790,CMP-2026-02165,ATM-WE-041,2026-07-12 14:18:26,71.9,20000.0,INTERCEPTED
EVT-2026-01791,CMP-2026-02167,ATM-EA-034,2026-03-07 16:35:41,85.5,10000.0,SUCCESSFUL
EVT-2026-01792,CMP-2026-02169,ATM-CE-001,2026-07-24 19:32:27,51.3,20000.0,SUCCESSFUL
EVT-2026-01793,CMP-2026-02171,ATM-NO-014,2026-06-19 00:08:23,34.4,50000.0,SUCCESSFUL
EVT-2026-01794,CMP-2026-02172,ATM-CE-004,2026-07-20 09:36:56,15.6,31053.84,SUCCESSFUL
EVT-2026-01795,CMP-2026-02173,ATM-NO-013,2026-03-09 00:29:12,43.4,20000.0,SUCCESSFUL
EVT-2026-01796,CMP-2026-02174,ATM-SO-027,2026-04-07 16:24:35,45.0,20000.0,SUCCESSFUL
EVT-2026-01797,CMP-2026-02175,ATM-SO-027,2026-06-11 14:37:12,66.1,20000.0,SUCCESSFUL
EVT-2026-01798,CMP-2026-02177,ATM-EA-038,2026-07-22 17:14:17,17.2,50000.0,SUCCESSFUL
EVT-2026-01799,CMP-2026-02178,ATM-SO-023,2026-04-26 15:11:58,72.7,40000.0,SUCCESSFUL
EVT-2026-01800,CMP-2026-02179,ATM-CE-008,2026-05-04 00:14:09,130.0,50000.0,SUCCESSFUL
EVT-2026-01801,CMP-2026-02182,ATM-EA-034,2026-05-27 18:16:17,52.4,50000.0,SUCCESSFUL
EVT-2026-01802,CMP-2026-02183,ATM-WE-050,2026-08-13 13:42:28,34.0,23999.7,SUCCESSFUL
EVT-2026-01803,CMP-2026-02184,ATM-CE-004,2026-05-07 17:55:59,72.6,40000.0,SUCCESSFUL
EVT-2026-01804,CMP-2026-02186,ATM-CE-005,2026-03-11 13:29:07,38.9,10000.0,SUCCESSFUL
EVT-2026-01805,CMP-2026-02187,ATM-CE-005,2026-03-28 21:32:26,26.1,34888.63,SUCCESSFUL
EVT-2026-01806,CMP-2026-02189,ATM-EA-034,2026-06-29 16:12:52,50.4,50000.0,SUCCESSFUL
EVT-2026-01807,CMP-2026-02190,ATM-EA-040,2026-03-20 15:07:28,175.7,48741.03,SUCCESSFUL
EVT-2026-01808,CMP-2026-02191,ATM-NO-014,2026-04-05 19:01:58,40.9,5244.68,SUCCESSFUL
EVT-2026-01809,CMP-2026-02192,ATM-SO-023,2026-04-08 16:30:05,42.6,50000.0,SUCCESSFUL
EVT-2026-01810,CMP-2026-02193,ATM-EA-038,2026-03-07 14:25:20,15.8,20000.0,SUCCESSFUL
EVT-2026-01811,CMP-2026-02194,ATM-SO-027,2026-04-27 06:40:34,37.9,10000.0,SUCCESSFUL
EVT-2026-01812,CMP-2026-02195,ATM-CE-003,2026-08-16 21:54:31,30.7,50000.0,SUCCESSFUL
EVT-2026-01813,CMP-2026-02196,ATM-NO-013,2026-04-08 16:29:46,75.9,27740.81,SUCCESSFUL
EVT-2026-01814,CMP-2026-02197,ATM-CE-004,2026-04-19 01:16:12,156.0,10000.0,SUCCESSFUL
EVT-2026-01815,CMP-2026-02198,ATM-NO-019,2026-03-15 23:13:31,17.8,50000.0,SUCCESSFUL
EVT-2026-01816,CMP-2026-02199,ATM-NO-019,2026-06-03 14:57:57,15.0,10000.0,SUCCESSFUL
EVT-2026-01817,CMP-2026-02200,ATM-NO-013,2026-03-17 08:18:44,21.3,40000.0,SUCCESSFUL
EVT-2026-01818,CMP-2026-02201,ATM-SO-027,2026-03-30 11:22:28,60.0,20000.0,SUCCESSFUL
EVT-2026-01819,CMP-2026-02203,ATM-WE-045,2026-06-11 15:49:40,57.7,20000.0,SUCCESSFUL
EVT-2026-01820,CMP-2026-02204,ATM-SO-023,2026-03-15 12:20:50,38.2,40000.0,SUCCESSFUL
EVT-2026-01821,CMP-2026-02205,ATM-NO-019,2026-06-28 18:22:55,30.2,35182.56,SUCCESSFUL
EVT-2026-01822,CMP-2026-02207,ATM-WE-047,2026-05-29 13:35:07,15.0,50000.0,SUCCESSFUL
EVT-2026-01823,CMP-2026-02209,ATM-CE-004,2026-08-17 19:16:37,22.5,10000.0,SUCCESSFUL
EVT-2026-01824,CMP-2026-02210,ATM-NO-012,2026-03-07 13:34:39,47.5,13566.04,SUCCESSFUL
EVT-2026-01825,CMP-2026-02211,ATM-WE-044,2026-06-17 17:44:05,30.7,20000.0,SUCCESSFUL
EVT-2026-01826,CMP-2026-02212,ATM-EA-031,2026-08-22 10:07:29,31.5,40000.0,SUCCESSFUL
EVT-2026-01827,CMP-2026-02213,ATM-SO-021,2026-03-03 18:00:24,63.1,10000.0,SUCCESSFUL
EVT-2026-01828,CMP-2026-02214,ATM-NO-020,2026-06-25 14:11:07,41.7,40000.0,SUCCESSFUL
EVT-2026-01829,CMP-2026-02216,ATM-NO-019,2026-04-30 19:47:55,48.7,23433.09,SUCCESSFUL
EVT-2026-01830,CMP-2026-02217,ATM-EA-036,2026-04-01 12:05:56,27.8,50000.0,SUCCESSFUL
EVT-2026-01831,CMP-2026-02218,ATM-EA-038,2026-04-21 14:35:36,52.9,40000.0,SUCCESSFUL
EVT-2026-01832,CMP-2026-02220,ATM-EA-031,2026-08-27 12:02:28,70.6,10000.0,SUCCESSFUL
EVT-2026-01833,CMP-2026-02221,ATM-WE-042,2026-05-14 20:22:29,50.7,10000.0,SUCCESSFUL
EVT-2026-01834,CMP-2026-02222,ATM-NO-012,2026-06-23 16:58:18,25.7,40000.0,SUCCESSFUL
EVT-2026-01835,CMP-2026-02223,ATM-EA-032,2026-08-01 11:09:31,56.3,30535.7,INTERCEPTED
EVT-2026-01836,CMP-2026-02226,ATM-NO-013,2026-07-05 14:36:39,49.2,40000.0,SUCCESSFUL
EVT-2026-01837,CMP-2026-02227,ATM-EA-032,2026-07-19 13:11:16,39.0,40000.0,SUCCESSFUL
EVT-2026-01838,CMP-2026-02230,ATM-WE-048,2026-03-06 15:28:59,27.8,40000.0,SUCCESSFUL
EVT-2026-01839,CMP-2026-02231,ATM-SO-030,2026-04-30 02:52:45,136.3,34167.74,INTERCEPTED
EVT-2026-01840,CMP-2026-02232,ATM-WE-048,2026-06-24 06:29:33,36.5,50000.0,SUCCESSFUL
EVT-2026-01841,CMP-2026-02234,ATM-NO-011,2026-04-01 20:17:03,19.7,45929.52,SUCCESSFUL
EVT-2026-01842,CMP-2026-02235,ATM-SO-028,2026-04-11 13:20:26,34.6,10000.0,SUCCESSFUL
EVT-2026-01843,CMP-2026-02237,ATM-NO-013,2026-06-21 06:56:12,39.3,40000.0,SUCCESSFUL
EVT-2026-01844,CMP-2026-02238,ATM-NO-018,2026-04-06 12:03:46,58.8,20000.0,SUCCESSFUL
EVT-2026-01845,CMP-2026-02240,ATM-SO-027,2026-03-15 18:40:35,76.6,20000.0,SUCCESSFUL
EVT-2026-01846,CMP-2026-02241,ATM-SO-026,2026-06-23 15:26:15,36.9,11493.24,SUCCESSFUL
EVT-2026-01847,CMP-2026-02242,ATM-CE-004,2026-04-23 14:17:24,42.5,50000.0,SUCCESSFUL
EVT-2026-01848,CMP-2026-02243,ATM-EA-037,2026-07-17 13:11:03,29.0,20000.0,SUCCESSFUL
EVT-2026-01849,CMP-2026-02245,ATM-SO-027,2026-03-20 21:05:06,125.5,20000.0,SUCCESSFUL
EVT-2026-01850,CMP-2026-02246,ATM-NO-016,2026-08-09 14:31:42,26.6,40000.0,SUCCESSFUL
EVT-2026-01851,CMP-2026-02247,ATM-EA-038,2026-08-12 11:18:03,124.6,10000.0,SUCCESSFUL
EVT-2026-01852,CMP-2026-02248,ATM-WE-045,2026-05-27 23:33:41,53.6,38449.48,SUCCESSFUL
EVT-2026-01853,CMP-2026-02249,ATM-EA-032,2026-04-26 20:14:07,15.7,15941.73,SUCCESSFUL
EVT-2026-01854,CMP-2026-02250,ATM-CE-001,2026-04-24 02:16:12,139.0,10000.0,INTERCEPTED
EVT-2026-01855,CMP-2026-02252,ATM-SO-021,2026-06-16 14:28:53,28.7,23064.12,SUCCESSFUL
EVT-2026-01856,CMP-2026-02253,ATM-EA-034,2026-08-14 14:39:54,27.3,10000.0,SUCCESSFUL
EVT-2026-01857,CMP-2026-02254,ATM-EA-035,2026-06-02 15:40:58,52.8,40000.0,INTERCEPTED
EVT-2026-01858,CMP-2026-02255,ATM-SO-030,2026-04-09 19:25:27,65.3,20000.0,SUCCESSFUL
EVT-2026-01859,CMP-2026-02256,ATM-SO-027,2026-05-26 23:31:23,26.0,25758.55,SUCCESSFUL
EVT-2026-01860,CMP-2026-02257,ATM-NO-013,2026-05-24 11:30:31,39.0,45604.63,SUCCESSFUL
EVT-2026-01861,CMP-2026-02258,ATM-SO-022,2026-08-14 13:24:28,68.3,40000.0,SUCCESSFUL
EVT-2026-01862,CMP-2026-02259,ATM-SO-029,2026-03-19 18:13:35,22.8,10580.11,SUCCESSFUL
EVT-2026-01863,CMP-2026-02260,ATM-CE-006,2026-07-21 19:18:09,31.6,19974.19,SUCCESSFUL
EVT-2026-01864,CMP-2026-02261,ATM-NO-016,2026-05-16 19:39:16,112.0,10000.0,SUCCESSFUL
EVT-2026-01865,CMP-2026-02262,ATM-CE-005,2026-05-17 23:26:11,49.8,10000.0,SUCCESSFUL
EVT-2026-01866,CMP-2026-02264,ATM-CE-003,2026-04-15 13:48:58,82.7,40000.0,SUCCESSFUL
EVT-2026-01867,CMP-2026-02265,ATM-NO-020,2026-05-11 15:19:23,72.2,36916.76,SUCCESSFUL
EVT-2026-01868,CMP-2026-02266,ATM-CE-001,2026-05-04 09:55:04,50.9,33849.7,SUCCESSFUL
EVT-2026-01869,CMP-2026-02267,ATM-EA-040,2026-03-27 21:56:31,96.4,10000.0,SUCCESSFUL
EVT-2026-01870,CMP-2026-02268,ATM-NO-016,2026-04-08 08:07:14,30.4,20000.0,SUCCESSFUL
EVT-2026-01871,CMP-2026-02269,ATM-SO-027,2026-06-10 16:11:43,47.4,20000.0,SUCCESSFUL
EVT-2026-01872,CMP-2026-02270,ATM-SO-030,2026-03-19 18:01:17,43.5,10000.0,SUCCESSFUL
EVT-2026-01873,CMP-2026-02271,ATM-CE-001,2026-06-12 15:01:16,19.8,50000.0,SUCCESSFUL
EVT-2026-01874,CMP-2026-02272,ATM-CE-001,2026-04-27 14:30:16,190.1,39807.43,SUCCESSFUL
EVT-2026-01875,CMP-2026-02273,ATM-SO-023,2026-08-27 00:14:41,48.6,20000.0,SUCCESSFUL
EVT-2026-01876,CMP-2026-02274,ATM-SO-028,2026-06-17 14:52:24,15.0,10000.0,SUCCESSFUL
EVT-2026-01877,CMP-2026-02276,ATM-EA-037,2026-08-25 22:30:43,32.2,50000.0,SUCCESSFUL
EVT-2026-01878,CMP-2026-02277,ATM-WE-048,2026-03-07 17:03:36,88.6,40000.0,SUCCESSFUL
EVT-2026-01879,CMP-2026-02278,ATM-SO-024,2026-03-13 17:11:18,64.4,10668.51,SUCCESSFUL
EVT-2026-01880,CMP-2026-02279,ATM-EA-037,2026-04-20 00:44:31,56.2,19258.13,SUCCESSFUL
EVT-2026-01881,CMP-2026-02280,ATM-SO-029,2026-05-28 11:21:39,18.2,50000.0,SUCCESSFUL
EVT-2026-01882,CMP-2026-02281,ATM-SO-023,2026-05-28 19:32:54,170.9,40000.0,SUCCESSFUL
EVT-2026-01883,CMP-2026-02283,ATM-WE-049,2026-03-25 17:10:41,109.8,12601.59,INTERCEPTED
EVT-2026-01884,CMP-2026-02284,ATM-CE-005,2026-03-16 09:23:20,36.4,10000.0,SUCCESSFUL
EVT-2026-01885,CMP-2026-02285,ATM-CE-001,2026-08-16 11:35:39,40.6,10000.0,SUCCESSFUL
EVT-2026-01886,CMP-2026-02286,ATM-WE-048,2026-03-20 19:50:19,31.3,50000.0,SUCCESSFUL
EVT-2026-01887,CMP-2026-02287,ATM-CE-009,2026-04-18 10:41:59,31.0,50000.0,SUCCESSFUL
EVT-2026-01888,CMP-2026-02288,ATM-EA-038,2026-03-22 16:35:55,15.0,22722.65,SUCCESSFUL
EVT-2026-01889,CMP-2026-02289,ATM-SO-023,2026-06-23 13:40:13,58.1,20000.0,SUCCESSFUL
EVT-2026-01890,CMP-2026-02291,ATM-CE-002,2026-04-27 12:47:24,120.9,24497.17,SUCCESSFUL
EVT-2026-01891,CMP-2026-02294,ATM-EA-038,2026-07-04 12:39:35,95.1,10000.0,SUCCESSFUL
EVT-2026-01892,CMP-2026-02295,ATM-EA-031,2026-05-24 11:49:29,25.3,40000.0,SUCCESSFUL
EVT-2026-01893,CMP-2026-02296,ATM-SO-029,2026-04-07 19:32:17,54.5,40000.0,SUCCESSFUL
EVT-2026-01894,CMP-2026-02297,ATM-SO-026,2026-04-26 15:02:06,32.4,10000.0,SUCCESSFUL
EVT-2026-01895,CMP-2026-02298,ATM-NO-020,2026-08-12 14:07:06,52.1,34942.83,SUCCESSFUL
EVT-2026-01896,CMP-2026-02299,ATM-CE-003,2026-08-04 10:15:06,42.9,20000.0,SUCCESSFUL
EVT-2026-01897,CMP-2026-02300,ATM-NO-019,2026-03-13 23:55:45,28.6,10000.0,SUCCESSFUL
EVT-2026-01898,CMP-2026-02301,ATM-EA-037,2026-03-27 15:21:45,25.7,20000.0,SUCCESSFUL
EVT-2026-01899,CMP-2026-02302,ATM-WE-048,2026-03-03 23:27:23,178.2,50000.0,SUCCESSFUL
EVT-2026-01900,CMP-2026-02304,ATM-CE-003,2026-03-16 15:52:29,25.3,12129.39,SUCCESSFUL
EVT-2026-01901,CMP-2026-02305,ATM-WE-048,2026-05-31 17:52:51,49.4,10000.0,SUCCESSFUL
EVT-2026-01902,CMP-2026-02307,ATM-SO-027,2026-04-04 10:26:24,74.0,40000.0,SUCCESSFUL
EVT-2026-01903,CMP-2026-02308,ATM-EA-034,2026-06-04 18:40:16,68.7,10000.0,SUCCESSFUL
EVT-2026-01904,CMP-2026-02309,ATM-CE-008,2026-08-20 19:19:43,65.6,10000.0,SUCCESSFUL
EVT-2026-01905,CMP-2026-02310,ATM-EA-040,2026-04-12 21:32:24,178.3,35389.48,SUCCESSFUL
EVT-2026-01906,CMP-2026-02312,ATM-SO-029,2026-04-18 12:49:11,36.0,40000.0,SUCCESSFUL
EVT-2026-01907,CMP-2026-02313,ATM-WE-043,2026-06-23 19:38:26,52.8,10000.0,SUCCESSFUL
EVT-2026-01908,CMP-2026-02314,ATM-CE-006,2026-03-17 12:15:22,42.4,10681.26,SUCCESSFUL
EVT-2026-01909,CMP-2026-02315,ATM-EA-040,2026-07-12 21:27:44,32.8,20000.0,SUCCESSFUL
EVT-2026-01910,CMP-2026-02316,ATM-CE-006,2026-04-26 10:35:22,31.2,50000.0,SUCCESSFUL
EVT-2026-01911,CMP-2026-02317,ATM-SO-025,2026-03-26 16:56:40,56.0,40000.0,INTERCEPTED
EVT-2026-01912,CMP-2026-02318,ATM-WE-047,2026-08-23 18:36:41,40.6,10000.0,SUCCESSFUL
EVT-2026-01913,CMP-2026-02319,ATM-EA-038,2026-06-15 16:15:41,165.1,20000.0,SUCCESSFUL
EVT-2026-01914,CMP-2026-02320,ATM-EA-031,2026-03-09 15:47:35,46.0,40000.0,SUCCESSFUL
EVT-2026-01915,CMP-2026-02321,ATM-SO-023,2026-07-29 12:13:23,39.9,16000.58,SUCCESSFUL
EVT-2026-01916,CMP-2026-02322,ATM-SO-022,2026-07-18 18:32:07,25.8,40000.0,SUCCESSFUL
EVT-2026-01917,CMP-2026-02324,ATM-SO-026,2026-04-16 18:15:16,44.0,10000.0,SUCCESSFUL
EVT-2026-01918,CMP-2026-02325,ATM-CE-008,2026-07-27 10:53:08,33.4,21487.36,SUCCESSFUL
EVT-2026-01919,CMP-2026-02326,ATM-WE-048,2026-03-21 14:53:42,130.2,10000.0,INTERCEPTED
EVT-2026-01920,CMP-2026-02328,ATM-WE-048,2026-05-04 14:57:51,56.6,50000.0,SUCCESSFUL
EVT-2026-01921,CMP-2026-02330,ATM-WE-050,2026-06-23 06:14:55,57.0,29523.25,SUCCESSFUL
EVT-2026-01922,CMP-2026-02332,ATM-SO-023,2026-05-02 23:17:01,55.6,10870.52,SUCCESSFUL
EVT-2026-01923,CMP-2026-02333,ATM-WE-048,2026-03-08 13:56:08,22.4,10000.0,SUCCESSFUL
EVT-2026-01924,CMP-2026-02336,ATM-SO-026,2026-05-29 17:03:21,20.2,20000.0,SUCCESSFUL
EVT-2026-01925,CMP-2026-02337,ATM-SO-021,2026-06-03 13:34:17,15.6,20000.0,SUCCESSFUL
EVT-2026-01926,CMP-2026-02338,ATM-CE-008,2026-04-24 20:02:40,104.6,10000.0,SUCCESSFUL
EVT-2026-01927,CMP-2026-02339,ATM-SO-029,2026-04-09 15:43:56,51.3,50000.0,SUCCESSFUL
EVT-2026-01928,CMP-2026-02340,ATM-CE-003,2026-04-25 16:18:25,51.1,10000.0,INTERCEPTED
EVT-2026-01929,CMP-2026-02341,ATM-EA-034,2026-03-25 13:11:18,15.0,20000.0,SUCCESSFUL
EVT-2026-01930,CMP-2026-02342,ATM-NO-019,2026-08-19 15:09:38,24.4,20000.0,SUCCESSFUL
EVT-2026-01931,CMP-2026-02343,ATM-CE-006,2026-05-18 00:14:39,76.6,10000.0,SUCCESSFUL
EVT-2026-01932,CMP-2026-02344,ATM-NO-015,2026-05-03 16:21:37,29.9,37724.75,SUCCESSFUL
EVT-2026-01933,CMP-2026-02346,ATM-CE-002,2026-08-13 19:04:52,86.6,25787.95,SUCCESSFUL
EVT-2026-01934,CMP-2026-02347,ATM-NO-011,2026-04-28 19:59:34,82.4,20000.0,SUCCESSFUL
EVT-2026-01935,CMP-2026-02348,ATM-NO-018,2026-05-14 10:48:22,36.1,15432.77,SUCCESSFUL
EVT-2026-01936,CMP-2026-02349,ATM-SO-027,2026-06-10 19:25:24,44.9,28654.56,SUCCESSFUL
EVT-2026-01937,CMP-2026-02350,ATM-SO-029,2026-07-19 16:43:59,50.5,50000.0,SUCCESSFUL
EVT-2026-01938,CMP-2026-02351,ATM-CE-009,2026-07-03 15:04:10,151.2,40000.0,SUCCESSFUL
EVT-2026-01939,CMP-2026-02352,ATM-SO-023,2026-05-16 17:11:56,45.5,10000.0,SUCCESSFUL
EVT-2026-01940,CMP-2026-02353,ATM-EA-034,2026-08-20 22:19:53,113.8,40000.0,SUCCESSFUL
EVT-2026-01941,CMP-2026-02354,ATM-CE-001,2026-07-20 18:23:21,45.8,40000.0,SUCCESSFUL
EVT-2026-01942,CMP-2026-02355,ATM-EA-038,2026-03-10 14:07:46,73.4,10000.0,SUCCESSFUL
EVT-2026-01943,CMP-2026-02360,ATM-CE-001,2026-03-22 18:39:30,181.8,10000.0,SUCCESSFUL
EVT-2026-01944,CMP-2026-02362,ATM-NO-016,2026-03-25 15:26:25,28.7,20000.0,SUCCESSFUL
EVT-2026-01945,CMP-2026-02364,ATM-NO-017,2026-03-02 17:01:35,89.9,10000.0,INTERCEPTED
EVT-2026-01946,CMP-2026-02365,ATM-CE-005,2026-03-28 11:23:21,27.2,20000.0,SUCCESSFUL
EVT-2026-01947,CMP-2026-02367,ATM-EA-038,2026-05-19 18:05:29,61.5,37664.57,SUCCESSFUL
EVT-2026-01948,CMP-2026-02368,ATM-SO-024,2026-05-27 17:30:21,18.5,40000.0,SUCCESSFUL
EVT-2026-01949,CMP-2026-02370,ATM-NO-020,2026-06-20 16:16:55,109.8,20000.0,INTERCEPTED
EVT-2026-01950,CMP-2026-02371,ATM-CE-005,2026-07-13 08:51:30,36.3,20000.0,SUCCESSFUL
EVT-2026-01951,CMP-2026-02372,ATM-CE-005,2026-05-25 23:59:16,41.0,45793.48,SUCCESSFUL
EVT-2026-01952,CMP-2026-02373,ATM-NO-020,2026-05-06 08:09:36,52.2,10000.0,SUCCESSFUL
EVT-2026-01953,CMP-2026-02374,ATM-SO-023,2026-07-25 17:42:42,33.7,10000.0,SUCCESSFUL
EVT-2026-01954,CMP-2026-02375,ATM-WE-048,2026-06-10 18:58:43,58.1,50000.0,INTERCEPTED
EVT-2026-01955,CMP-2026-02377,ATM-CE-001,2026-05-22 14:09:33,69.4,20000.0,SUCCESSFUL
EVT-2026-01956,CMP-2026-02378,ATM-WE-047,2026-07-06 20:09:05,44.6,20000.0,SUCCESSFUL
EVT-2026-01957,CMP-2026-02379,ATM-WE-041,2026-05-03 20:24:03,37.5,20000.0,SUCCESSFUL
EVT-2026-01958,CMP-2026-02380,ATM-SO-025,2026-04-20 16:04:17,15.6,23633.84,SUCCESSFUL
EVT-2026-01959,CMP-2026-02381,ATM-NO-019,2026-03-13 18:57:28,63.8,50000.0,SUCCESSFUL
EVT-2026-01960,CMP-2026-02382,ATM-NO-017,2026-06-18 16:35:53,24.3,40000.0,SUCCESSFUL
EVT-2026-01961,CMP-2026-02384,ATM-CE-004,2026-05-02 13:25:15,105.4,10000.0,INTERCEPTED
EVT-2026-01962,CMP-2026-02385,ATM-EA-034,2026-07-10 13:51:03,37.0,22559.72,SUCCESSFUL
EVT-2026-01963,CMP-2026-02386,ATM-NO-015,2026-08-16 11:27:24,57.1,20000.0,SUCCESSFUL
EVT-2026-01964,CMP-2026-02387,ATM-NO-012,2026-03-19 15:42:32,46.4,23337.14,SUCCESSFUL
EVT-2026-01965,CMP-2026-02388,ATM-EA-034,2026-05-15 14:25:25,21.4,10000.0,SUCCESSFUL
EVT-2026-01966,CMP-2026-02389,ATM-WE-047,2026-03-07 17:25:40,98.6,40000.0,SUCCESSFUL
EVT-2026-01967,CMP-2026-02390,ATM-EA-036,2026-07-30 20:41:00,41.8,37871.52,SUCCESSFUL
EVT-2026-01968,CMP-2026-02391,ATM-SO-027,2026-05-07 23:57:59,77.4,20000.0,SUCCESSFUL
EVT-2026-01969,CMP-2026-02392,ATM-SO-022,2026-04-15 06:23:37,54.9,20000.0,SUCCESSFUL
EVT-2026-01970,CMP-2026-02393,ATM-CE-003,2026-07-12 13:56:57,29.1,20000.0,SUCCESSFUL
EVT-2026-01971,CMP-2026-02395,ATM-WE-042,2026-03-18 11:44:09,41.3,10000.0,SUCCESSFUL
EVT-2026-01972,CMP-2026-02396,ATM-CE-002,2026-05-04 22:16:42,50.1,10000.0,SUCCESSFUL
EVT-2026-01973,CMP-2026-02398,ATM-SO-022,2026-07-10 14:07:11,33.7,20000.0,SUCCESSFUL
EVT-2026-01974,CMP-2026-02399,ATM-CE-009,2026-06-11 15:19:54,49.4,20000.0,SUCCESSFUL
EVT-2026-01975,CMP-2026-02400,ATM-CE-003,2026-07-23 17:20:51,52.4,10000.0,SUCCESSFUL
EVT-2026-01976,CMP-2026-02401,ATM-EA-033,2026-06-11 08:50:36,41.8,10000.0,SUCCESSFUL
EVT-2026-01977,CMP-2026-02402,ATM-EA-031,2026-03-22 07:03:13,49.2,40000.0,SUCCESSFUL
EVT-2026-01978,CMP-2026-02404,ATM-WE-041,2026-04-15 17:15:50,30.5,20000.0,SUCCESSFUL
EVT-2026-01979,CMP-2026-02405,ATM-EA-032,2026-08-22 22:45:02,160.5,14452.65,SUCCESSFUL
EVT-2026-01980,CMP-2026-02406,ATM-NO-018,2026-03-11 15:34:00,49.1,42928.84,SUCCESSFUL
EVT-2026-01981,CMP-2026-02407,ATM-SO-022,2026-08-16 18:52:20,35.7,25385.94,SUCCESSFUL
EVT-2026-01982,CMP-2026-02409,ATM-CE-005,2026-03-12 00:05:38,52.1,40000.0,SUCCESSFUL
EVT-2026-01983,CMP-2026-02412,ATM-WE-048,2026-08-10 08:07:48,22.9,10000.0,SUCCESSFUL
EVT-2026-01984,CMP-2026-02413,ATM-CE-003,2026-05-02 23:32:27,28.0,8405.56,SUCCESSFUL
EVT-2026-01985,CMP-2026-02414,ATM-NO-011,2026-08-07 18:28:53,118.8,10000.0,INTERCEPTED
EVT-2026-01986,CMP-2026-02415,ATM-EA-032,2026-05-29 17:57:46,43.1,50000.0,SUCCESSFUL
EVT-2026-01987,CMP-2026-02417,ATM-EA-038,2026-03-04 16:18:07,75.1,20000.0,SUCCESSFUL
EVT-2026-01988,CMP-2026-02418,ATM-WE-050,2026-06-05 15:57:13,61.8,10000.0,SUCCESSFUL
EVT-2026-01989,CMP-2026-02419,ATM-CE-001,2026-03-10 11:43:07,173.7,50000.0,SUCCESSFUL
EVT-2026-01990,CMP-2026-02420,ATM-NO-016,2026-06-07 16:26:38,19.2,40000.0,SUCCESSFUL
EVT-2026-01991,CMP-2026-02422,ATM-WE-048,2026-04-12 21:09:13,63.6,47455.12,SUCCESSFUL
EVT-2026-01992,CMP-2026-02423,ATM-NO-015,2026-07-13 09:13:22,16.5,10000.0,SUCCESSFUL
EVT-2026-01993,CMP-2026-02424,ATM-CE-006,2026-08-26 22:39:25,218.5,9465.49,INTERCEPTED
EVT-2026-01994,CMP-2026-02425,ATM-EA-031,2026-03-23 20:56:27,45.2,40000.0,SUCCESSFUL
EVT-2026-01995,CMP-2026-02427,ATM-CE-008,2026-03-24 15:49:38,24.1,10000.0,SUCCESSFUL
EVT-2026-01996,CMP-2026-02428,ATM-WE-048,2026-03-14 14:39:25,65.2,40000.0,SUCCESSFUL
EVT-2026-01997,CMP-2026-02429,ATM-EA-038,2026-08-02 16:39:56,71.2,40000.0,SUCCESSFUL
EVT-2026-01998,CMP-2026-02430,ATM-EA-033,2026-07-19 14:55:47,36.9,40000.0,SUCCESSFUL
EVT-2026-01999,CMP-2026-02431,ATM-NO-020,2026-04-27 15:12:21,37.8,15116.19,SUCCESSFUL
EVT-2026-02000,CMP-2026-02432,ATM-CE-002,2026-08-10 14:01:34,75.9,10000.0,INTERCEPTED
EVT-2026-02001,CMP-2026-02433,ATM-WE-049,2026-03-25 15:29:03,115.8,20000.0,INTERCEPTED
EVT-2026-02002,CMP-2026-02434,ATM-CE-002,2026-07-09 18:51:07,121.0,20000.0,SUCCESSFUL
EVT-2026-02003,CMP-2026-02435,ATM-WE-048,2026-06-25 15:40:36,71.5,10000.0,SUCCESSFUL
EVT-2026-02004,CMP-2026-02437,ATM-CE-005,2026-03-11 12:42:30,47.9,10000.0,SUCCESSFUL
EVT-2026-02005,CMP-2026-02438,ATM-CE-002,2026-08-03 19:34:14,69.8,20000.0,SUCCESSFUL
EVT-2026-02006,CMP-2026-02439,ATM-SO-026,2026-05-08 17:12:52,30.4,34260.8,SUCCESSFUL
EVT-2026-02007,CMP-2026-02441,ATM-NO-017,2026-08-11 13:31:26,42.5,40000.0,SUCCESSFUL
EVT-2026-02008,CMP-2026-02442,ATM-CE-009,2026-07-24 11:00:23,23.2,35861.18,SUCCESSFUL
EVT-2026-02009,CMP-2026-02444,ATM-CE-006,2026-07-19 14:44:24,44.6,10000.0,SUCCESSFUL
EVT-2026-02010,CMP-2026-02445,ATM-EA-034,2026-06-08 14:23:13,156.2,48735.39,SUCCESSFUL
EVT-2026-02011,CMP-2026-02446,ATM-SO-027,2026-07-08 19:18:16,28.7,50000.0,SUCCESSFUL
EVT-2026-02012,CMP-2026-02447,ATM-EA-034,2026-05-24 12:45:20,46.1,10000.0,SUCCESSFUL
EVT-2026-02013,CMP-2026-02448,ATM-SO-029,2026-04-20 07:52:11,68.9,20000.0,SUCCESSFUL
EVT-2026-02014,CMP-2026-02449,ATM-CE-006,2026-07-17 18:32:11,73.8,10000.0,SUCCESSFUL
EVT-2026-02015,CMP-2026-02450,ATM-NO-016,2026-05-05 10:04:05,81.8,10000.0,INTERCEPTED
EVT-2026-02016,CMP-2026-02451,ATM-CE-008,2026-06-11 19:20:08,59.3,10361.16,SUCCESSFUL
EVT-2026-02017,CMP-2026-02452,ATM-NO-012,2026-05-19 21:58:48,177.3,10000.0,SUCCESSFUL
EVT-2026-02018,CMP-2026-02453,ATM-WE-048,2026-05-26 14:14:55,80.3,10000.0,SUCCESSFUL
EVT-2026-02019,CMP-2026-02454,ATM-NO-018,2026-03-15 23:27:36,210.0,10000.0,SUCCESSFUL
EVT-2026-02020,CMP-2026-02455,ATM-WE-048,2026-04-16 14:09:41,19.4,50000.0,SUCCESSFUL
EVT-2026-02021,CMP-2026-02456,ATM-EA-031,2026-03-23 19:24:44,104.6,5306.35,INTERCEPTED
EVT-2026-02022,CMP-2026-02457,ATM-WE-041,2026-06-26 13:30:13,78.5,50000.0,SUCCESSFUL
EVT-2026-02023,CMP-2026-02458,ATM-NO-013,2026-03-08 18:54:20,69.1,40000.0,SUCCESSFUL
EVT-2026-02024,CMP-2026-02460,ATM-CE-004,2026-07-31 19:09:19,34.6,20000.0,SUCCESSFUL
EVT-2026-02025,CMP-2026-02461,ATM-CE-003,2026-05-02 09:46:23,41.9,10000.0,SUCCESSFUL
EVT-2026-02026,CMP-2026-02462,ATM-SO-027,2026-04-13 00:40:17,199.7,7897.92,INTERCEPTED
EVT-2026-02027,CMP-2026-02463,ATM-EA-038,2026-05-16 08:54:23,96.2,40000.0,SUCCESSFUL
EVT-2026-02028,CMP-2026-02464,ATM-WE-048,2026-05-13 12:00:54,199.5,40000.0,SUCCESSFUL
EVT-2026-02029,CMP-2026-02466,ATM-SO-022,2026-08-12 13:50:57,49.9,40000.0,SUCCESSFUL
EVT-2026-02030,CMP-2026-02467,ATM-EA-040,2026-05-31 23:30:03,100.3,12973.15,SUCCESSFUL
EVT-2026-02031,CMP-2026-02468,ATM-CE-007,2026-05-08 16:19:48,42.8,20000.0,SUCCESSFUL
EVT-2026-02032,CMP-2026-02470,ATM-SO-028,2026-08-20 16:28:14,73.6,8116.7,SUCCESSFUL
EVT-2026-02033,CMP-2026-02471,ATM-SO-024,2026-03-22 21:52:38,116.1,25472.81,SUCCESSFUL
EVT-2026-02034,CMP-2026-02472,ATM-EA-031,2026-06-27 09:03:15,29.8,20000.0,SUCCESSFUL
EVT-2026-02035,CMP-2026-02473,ATM-EA-038,2026-07-29 14:33:58,15.0,20000.0,SUCCESSFUL
EVT-2026-02036,CMP-2026-02474,ATM-EA-037,2026-07-22 16:48:30,25.3,10000.0,SUCCESSFUL
EVT-2026-02037,CMP-2026-02476,ATM-WE-047,2026-05-13 10:28:24,23.0,10000.0,SUCCESSFUL
EVT-2026-02038,CMP-2026-02477,ATM-SO-023,2026-08-12 20:23:15,41.8,50000.0,SUCCESSFUL
EVT-2026-02039,CMP-2026-02479,ATM-CE-006,2026-08-26 00:24:34,25.0,43411.17,SUCCESSFUL
EVT-2026-02040,CMP-2026-02480,ATM-EA-031,2026-06-30 14:17:45,95.6,34500.97,SUCCESSFUL
EVT-2026-02041,CMP-2026-02481,ATM-NO-012,2026-03-23 00:19:29,53.1,20000.0,SUCCESSFUL
EVT-2026-02042,CMP-2026-02482,ATM-EA-031,2026-06-12 14:18:09,37.2,20000.0,SUCCESSFUL
EVT-2026-02043,CMP-2026-02483,ATM-CE-001,2026-08-05 19:17:48,77.6,40000.0,SUCCESSFUL
EVT-2026-02044,CMP-2026-02484,ATM-SO-027,2026-07-07 08:09:36,38.8,10000.0,SUCCESSFUL
EVT-2026-02045,CMP-2026-02485,ATM-WE-043,2026-07-29 16:08:23,66.7,10000.0,SUCCESSFUL
EVT-2026-02046,CMP-2026-02487,ATM-SO-026,2026-08-10 22:33:11,251.1,20000.0,SUCCESSFUL
EVT-2026-02047,CMP-2026-02490,ATM-WE-043,2026-03-09 11:29:35,41.6,50000.0,SUCCESSFUL
EVT-2026-02048,CMP-2026-02491,ATM-WE-048,2026-08-11 12:36:12,115.7,37488.6,SUCCESSFUL
EVT-2026-02049,CMP-2026-02492,ATM-CE-008,2026-05-25 16:10:26,121.7,10000.0,INTERCEPTED
EVT-2026-02050,CMP-2026-02493,ATM-EA-031,2026-03-02 14:39:38,62.3,9947.5,SUCCESSFUL
EVT-2026-02051,CMP-2026-02494,ATM-CE-002,2026-05-08 19:34:52,66.7,40000.0,SUCCESSFUL
EVT-2026-02052,CMP-2026-02495,ATM-EA-038,2026-08-18 13:56:44,50.5,40000.0,SUCCESSFUL
EVT-2026-02053,CMP-2026-02496,ATM-CE-001,2026-03-09 13:36:08,62.2,50000.0,SUCCESSFUL
EVT-2026-02054,CMP-2026-02497,ATM-WE-050,2026-04-21 18:00:52,36.5,20000.0,SUCCESSFUL
EVT-2026-02055,CMP-2026-02499,ATM-SO-029,2026-04-07 08:44:10,70.9,40000.0,SUCCESSFUL
EVT-2026-02056,CMP-2026-02500,ATM-EA-040,2026-03-18 12:24:34,66.4,40000.0,SUCCESSFUL
EVT-2026-02057,CMP-2026-02502,ATM-WE-048,2026-04-16 17:56:34,77.8,20000.0,SUCCESSFUL
EVT-2026-02058,CMP-2026-02505,ATM-WE-045,2026-08-20 10:12:26,97.9,10000.0,SUCCESSFUL
EVT-2026-02059,CMP-2026-02506,ATM-CE-006,2026-07-27 19:03:36,40.4,25462.95,SUCCESSFUL
EVT-2026-02060,CMP-2026-02508,ATM-EA-034,2026-04-23 21:08:09,120.4,10000.0,SUCCESSFUL
EVT-2026-02061,CMP-2026-02510,ATM-NO-020,2026-08-26 22:48:37,121.9,40000.0,SUCCESSFUL
EVT-2026-02062,CMP-2026-02511,ATM-EA-038,2026-07-12 15:47:05,32.3,20000.0,SUCCESSFUL
EVT-2026-02063,CMP-2026-02512,ATM-SO-023,2026-05-31 16:21:46,64.3,10000.0,SUCCESSFUL
EVT-2026-02064,CMP-2026-02514,ATM-WE-042,2026-05-18 11:41:20,41.6,40000.0,SUCCESSFUL
EVT-2026-02065,CMP-2026-02516,ATM-SO-024,2026-06-21 15:01:29,20.8,6672.16,SUCCESSFUL
EVT-2026-02066,CMP-2026-02517,ATM-SO-027,2026-06-14 22:05:53,130.7,27954.13,SUCCESSFUL
EVT-2026-02067,CMP-2026-02518,ATM-SO-029,2026-05-27 08:26:46,15.0,20000.0,SUCCESSFUL
EVT-2026-02068,CMP-2026-02520,ATM-WE-041,2026-08-02 16:19:16,32.1,10000.0,SUCCESSFUL
EVT-2026-02069,CMP-2026-02521,ATM-EA-032,2026-05-28 06:41:42,62.5,10000.0,SUCCESSFUL
EVT-2026-02070,CMP-2026-02522,ATM-WE-043,2026-05-15 13:41:28,24.8,20000.0,SUCCESSFUL
EVT-2026-02071,CMP-2026-02523,ATM-EA-034,2026-06-23 19:51:02,20.5,20000.0,SUCCESSFUL
EVT-2026-02072,CMP-2026-02525,ATM-WE-048,2026-06-29 14:24:19,52.5,40000.0,SUCCESSFUL
EVT-2026-02073,CMP-2026-02526,ATM-NO-016,2026-06-06 16:01:57,103.9,25293.67,SUCCESSFUL
EVT-2026-02074,CMP-2026-02527,ATM-EA-037,2026-05-20 17:15:12,59.5,20000.0,SUCCESSFUL
EVT-2026-02075,CMP-2026-02528,ATM-EA-035,2026-04-27 18:57:58,50.6,20000.0,SUCCESSFUL
EVT-2026-02076,CMP-2026-02529,ATM-EA-034,2026-07-18 15:54:40,23.8,50000.0,SUCCESSFUL
EVT-2026-02077,CMP-2026-02530,ATM-NO-019,2026-06-17 16:40:38,57.4,40000.0,SUCCESSFUL
EVT-2026-02078,CMP-2026-02531,ATM-CE-003,2026-05-31 20:30:32,93.6,10000.0,SUCCESSFUL
EVT-2026-02079,CMP-2026-02532,ATM-SO-026,2026-04-28 19:18:44,155.4,48982.45,SUCCESSFUL
EVT-2026-02080,CMP-2026-02533,ATM-CE-009,2026-04-16 11:22:47,19.5,16293.92,SUCCESSFUL
EVT-2026-02081,CMP-2026-02534,ATM-NO-017,2026-05-01 15:51:19,59.3,50000.0,SUCCESSFUL
EVT-2026-02082,CMP-2026-02535,ATM-CE-002,2026-04-09 21:12:57,16.8,10000.0,SUCCESSFUL
EVT-2026-02083,CMP-2026-02536,ATM-NO-011,2026-08-18 14:12:05,32.4,10000.0,SUCCESSFUL
EVT-2026-02084,CMP-2026-02537,ATM-WE-048,2026-08-19 21:07:16,65.4,40000.0,SUCCESSFUL
EVT-2026-02085,CMP-2026-02538,ATM-NO-016,2026-07-17 12:28:14,53.2,20000.0,SUCCESSFUL
EVT-2026-02086,CMP-2026-02540,ATM-NO-019,2026-05-11 11:03:15,78.0,20000.0,SUCCESSFUL
EVT-2026-02087,CMP-2026-02541,ATM-NO-013,2026-08-11 23:04:45,43.3,20000.0,SUCCESSFUL
EVT-2026-02088,CMP-2026-02542,ATM-CE-001,2026-08-18 00:04:50,61.9,10000.0,SUCCESSFUL
EVT-2026-02089,CMP-2026-02543,ATM-CE-006,2026-05-30 21:57:18,126.8,40000.0,SUCCESSFUL
EVT-2026-02090,CMP-2026-02544,ATM-WE-041,2026-04-11 13:37:43,48.0,26480.12,SUCCESSFUL
EVT-2026-02091,CMP-2026-02545,ATM-CE-002,2026-07-13 16:16:58,24.1,26566.24,SUCCESSFUL
EVT-2026-02092,CMP-2026-02546,ATM-SO-027,2026-03-24 18:03:03,75.1,10000.0,INTERCEPTED
EVT-2026-02093,CMP-2026-02547,ATM-SO-022,2026-05-30 15:03:24,137.6,10000.0,INTERCEPTED
EVT-2026-02094,CMP-2026-02548,ATM-SO-025,2026-07-29 00:12:16,33.3,50000.0,SUCCESSFUL
EVT-2026-02095,CMP-2026-02549,ATM-SO-030,2026-04-04 23:17:29,98.6,35313.17,SUCCESSFUL
EVT-2026-02096,CMP-2026-02550,ATM-NO-016,2026-07-12 16:41:17,22.0,10000.0,SUCCESSFUL
EVT-2026-02097,CMP-2026-02551,ATM-CE-002,2026-04-17 13:11:30,29.9,38822.71,SUCCESSFUL
EVT-2026-02098,CMP-2026-02552,ATM-EA-040,2026-05-17 17:51:10,36.7,12950.18,SUCCESSFUL
EVT-2026-02099,CMP-2026-02553,ATM-NO-017,2026-04-21 14:17:12,32.6,20187.47,SUCCESSFUL
EVT-2026-02100,CMP-2026-02554,ATM-NO-019,2026-03-04 12:58:09,26.4,40000.0,SUCCESSFUL
EVT-2026-02101,CMP-2026-02555,ATM-EA-035,2026-07-16 21:29:35,104.5,10000.0,SUCCESSFUL
EVT-2026-02102,CMP-2026-02556,ATM-NO-016,2026-04-11 11:50:50,87.3,40000.0,SUCCESSFUL
EVT-2026-02103,CMP-2026-02557,ATM-WE-047,2026-07-24 15:42:48,37.7,20000.0,SUCCESSFUL
EVT-2026-02104,CMP-2026-02558,ATM-EA-038,2026-08-03 04:39:45,68.1,13336.97,SUCCESSFUL
EVT-2026-02105,CMP-2026-02559,ATM-CE-006,2026-05-12 21:42:23,48.9,20000.0,SUCCESSFUL
EVT-2026-02106,CMP-2026-02560,ATM-CE-002,2026-03-11 07:54:27,23.2,40000.0,SUCCESSFUL
EVT-2026-02107,CMP-2026-02561,ATM-WE-048,2026-07-29 15:46:13,43.9,50000.0,SUCCESSFUL
EVT-2026-02108,CMP-2026-02562,ATM-CE-008,2026-08-04 17:08:40,50.9,50000.0,SUCCESSFUL
EVT-2026-02109,CMP-2026-02563,ATM-CE-006,2026-04-26 16:00:28,79.2,50000.0,SUCCESSFUL
EVT-2026-02110,CMP-2026-02565,ATM-CE-007,2026-05-16 16:37:49,93.4,10000.0,SUCCESSFUL
EVT-2026-02111,CMP-2026-02566,ATM-EA-040,2026-03-30 14:18:42,151.6,50000.0,SUCCESSFUL
EVT-2026-02112,CMP-2026-02567,ATM-SO-022,2026-03-21 12:31:12,34.8,5467.67,SUCCESSFUL
EVT-2026-02113,CMP-2026-02568,ATM-EA-036,2026-03-26 22:24:48,149.2,10000.0,SUCCESSFUL
EVT-2026-02114,CMP-2026-02570,ATM-WE-048,2026-06-30 19:19:06,45.8,40000.0,SUCCESSFUL
EVT-2026-02115,CMP-2026-02571,ATM-WE-049,2026-06-10 18:48:38,98.5,20000.0,SUCCESSFUL
EVT-2026-02116,CMP-2026-02572,ATM-NO-015,2026-07-23 17:48:23,123.0,33373.54,SUCCESSFUL
EVT-2026-02117,CMP-2026-02573,ATM-EA-035,2026-04-07 17:01:52,39.9,20000.0,SUCCESSFUL
EVT-2026-02118,CMP-2026-02574,ATM-NO-020,2026-03-30 04:24:14,38.4,35810.97,SUCCESSFUL
EVT-2026-02119,CMP-2026-02575,ATM-EA-040,2026-05-14 11:35:41,26.2,10000.0,SUCCESSFUL
EVT-2026-02120,CMP-2026-02576,ATM-NO-013,2026-04-26 06:45:22,33.2,50000.0,SUCCESSFUL
EVT-2026-02121,CMP-2026-02577,ATM-SO-027,2026-04-29 17:21:59,18.3,20000.0,SUCCESSFUL
EVT-2026-02122,CMP-2026-02579,ATM-NO-013,2026-05-02 13:28:58,28.0,15137.07,SUCCESSFUL
EVT-2026-02123,CMP-2026-02580,ATM-WE-049,2026-07-26 16:39:35,44.1,40000.0,SUCCESSFUL
EVT-2026-02124,CMP-2026-02582,ATM-NO-019,2026-06-10 16:14:13,32.5,20000.0,SUCCESSFUL
EVT-2026-02125,CMP-2026-02583,ATM-WE-048,2026-03-19 19:52:56,39.7,10000.0,SUCCESSFUL
EVT-2026-02126,CMP-2026-02584,ATM-NO-011,2026-03-23 15:17:34,44.0,15017.92,SUCCESSFUL
EVT-2026-02127,CMP-2026-02585,ATM-EA-034,2026-04-29 20:24:20,34.4,40000.0,SUCCESSFUL
EVT-2026-02128,CMP-2026-02586,ATM-NO-012,2026-08-21 11:25:15,37.3,34968.03,SUCCESSFUL
EVT-2026-02129,CMP-2026-02587,ATM-CE-001,2026-04-07 21:28:37,27.8,20000.0,SUCCESSFUL
EVT-2026-02130,CMP-2026-02588,ATM-SO-022,2026-03-17 17:22:16,30.6,20000.0,SUCCESSFUL
EVT-2026-02131,CMP-2026-02589,ATM-SO-027,2026-05-25 15:29:32,149.2,10000.0,INTERCEPTED
EVT-2026-02132,CMP-2026-02590,ATM-NO-015,2026-07-24 18:02:37,94.9,36198.06,SUCCESSFUL
EVT-2026-02133,CMP-2026-02591,ATM-SO-028,2026-03-22 22:55:25,80.0,36648.59,SUCCESSFUL
EVT-2026-02134,CMP-2026-02592,ATM-SO-026,2026-05-03 18:20:58,87.4,10000.0,SUCCESSFUL
EVT-2026-02135,CMP-2026-02594,ATM-CE-009,2026-07-07 13:00:45,67.3,22840.87,SUCCESSFUL
EVT-2026-02136,CMP-2026-02597,ATM-SO-027,2026-08-01 12:25:07,35.4,23581.23,SUCCESSFUL
EVT-2026-02137,CMP-2026-02599,ATM-CE-007,2026-08-17 10:50:11,25.8,10000.0,SUCCESSFUL
EVT-2026-02138,CMP-2026-02600,ATM-NO-015,2026-04-05 10:21:38,118.1,23492.0,SUCCESSFUL
EVT-2026-02139,CMP-2026-02601,ATM-CE-001,2026-08-11 13:45:29,47.2,10000.0,SUCCESSFUL
EVT-2026-02140,CMP-2026-02602,ATM-SO-022,2026-06-19 00:01:32,58.9,50000.0,SUCCESSFUL
EVT-2026-02141,CMP-2026-02603,ATM-NO-011,2026-08-27 11:40:32,55.3,10000.0,SUCCESSFUL
EVT-2026-02142,CMP-2026-02605,ATM-EA-040,2026-08-14 14:18:56,40.3,20000.0,SUCCESSFUL
EVT-2026-02143,CMP-2026-02606,ATM-NO-020,2026-05-25 09:52:06,56.4,10000.0,SUCCESSFUL
EVT-2026-02144,CMP-2026-02610,ATM-CE-006,2026-03-11 18:12:50,32.1,10000.0,SUCCESSFUL
EVT-2026-02145,CMP-2026-02611,ATM-EA-040,2026-08-02 16:01:23,43.5,10000.0,SUCCESSFUL
EVT-2026-02146,CMP-2026-02614,ATM-NO-012,2026-06-01 19:56:44,74.3,6094.58,INTERCEPTED
EVT-2026-02147,CMP-2026-02615,ATM-WE-047,2026-07-28 00:11:48,39.7,10000.0,SUCCESSFUL
EVT-2026-02148,CMP-2026-02616,ATM-SO-023,2026-04-01 10:38:11,35.9,44512.89,SUCCESSFUL
EVT-2026-02149,CMP-2026-02618,ATM-SO-027,2026-03-01 14:36:29,78.9,40000.0,SUCCESSFUL
EVT-2026-02150,CMP-2026-02619,ATM-CE-005,2026-05-23 19:44:59,51.3,50000.0,INTERCEPTED
EVT-2026-02151,CMP-2026-02620,ATM-CE-001,2026-08-13 23:51:58,40.2,28152.26,SUCCESSFUL
EVT-2026-02152,CMP-2026-02621,ATM-WE-048,2026-06-15 09:16:49,15.0,10000.0,SUCCESSFUL
EVT-2026-02153,CMP-2026-02622,ATM-CE-002,2026-04-09 17:06:57,43.5,20000.0,SUCCESSFUL
EVT-2026-02154,CMP-2026-02624,ATM-NO-011,2026-08-03 20:58:24,70.6,40000.0,INTERCEPTED
EVT-2026-02155,CMP-2026-02625,ATM-WE-045,2026-07-06 16:34:18,23.0,40000.0,SUCCESSFUL
EVT-2026-02156,CMP-2026-02626,ATM-WE-049,2026-05-14 15:11:32,18.3,20000.0,SUCCESSFUL
EVT-2026-02157,CMP-2026-02627,ATM-WE-041,2026-04-01 16:57:32,39.3,40000.0,SUCCESSFUL
EVT-2026-02158,CMP-2026-02628,ATM-NO-011,2026-03-17 14:01:53,39.3,50000.0,SUCCESSFUL
EVT-2026-02159,CMP-2026-02629,ATM-EA-040,2026-07-28 22:18:40,34.8,50000.0,SUCCESSFUL
EVT-2026-02160,CMP-2026-02631,ATM-CE-001,2026-05-18 23:18:03,36.2,40000.0,SUCCESSFUL
EVT-2026-02161,CMP-2026-02632,ATM-WE-048,2026-04-07 14:11:25,26.9,11287.61,SUCCESSFUL
EVT-2026-02162,CMP-2026-02633,ATM-NO-020,2026-03-17 21:03:11,74.0,29525.02,SUCCESSFUL
EVT-2026-02163,CMP-2026-02634,ATM-SO-030,2026-08-13 20:37:20,63.6,30444.65,INTERCEPTED
EVT-2026-02164,CMP-2026-02635,ATM-CE-007,2026-06-14 14:54:52,91.3,10000.0,SUCCESSFUL
EVT-2026-02165,CMP-2026-02637,ATM-NO-018,2026-03-29 16:11:01,40.7,10000.0,SUCCESSFUL
EVT-2026-02166,CMP-2026-02638,ATM-EA-031,2026-04-03 17:46:46,24.5,20000.0,SUCCESSFUL
EVT-2026-02167,CMP-2026-02639,ATM-WE-050,2026-07-14 16:11:30,42.7,50000.0,SUCCESSFUL
EVT-2026-02168,CMP-2026-02640,ATM-SO-023,2026-07-10 09:58:55,28.0,40000.0,SUCCESSFUL
EVT-2026-02169,CMP-2026-02641,ATM-CE-005,2026-06-18 00:06:51,36.1,10000.0,SUCCESSFUL
EVT-2026-02170,CMP-2026-02642,ATM-SO-027,2026-08-22 16:59:43,183.5,10000.0,SUCCESSFUL
EVT-2026-02171,CMP-2026-02643,ATM-EA-032,2026-07-18 19:15:14,38.8,20000.0,SUCCESSFUL
EVT-2026-02172,CMP-2026-02646,ATM-EA-038,2026-06-11 07:39:48,31.7,10000.0,SUCCESSFUL
EVT-2026-02173,CMP-2026-02647,ATM-SO-022,2026-08-22 23:32:33,72.7,40000.0,SUCCESSFUL
EVT-2026-02174,CMP-2026-02648,ATM-NO-012,2026-05-22 17:59:12,48.7,11362.1,SUCCESSFUL
EVT-2026-02175,CMP-2026-02649,ATM-EA-032,2026-04-06 19:58:23,47.1,20000.0,SUCCESSFUL
EVT-2026-02176,CMP-2026-02650,ATM-WE-048,2026-04-12 21:40:07,26.7,16070.82,SUCCESSFUL
EVT-2026-02177,CMP-2026-02651,ATM-CE-005,2026-03-28 11:31:39,55.8,10000.0,SUCCESSFUL
EVT-2026-02178,CMP-2026-02652,ATM-EA-031,2026-05-25 21:21:55,59.8,50000.0,SUCCESSFUL
EVT-2026-02179,CMP-2026-02653,ATM-EA-034,2026-07-04 08:05:10,66.7,18701.75,SUCCESSFUL
EVT-2026-02180,CMP-2026-02654,ATM-WE-044,2026-07-16 16:31:16,24.9,20000.0,SUCCESSFUL
EVT-2026-02181,CMP-2026-02655,ATM-WE-048,2026-05-11 09:30:40,69.7,50000.0,SUCCESSFUL
EVT-2026-02182,CMP-2026-02656,ATM-SO-029,2026-06-05 21:53:15,30.7,10000.0,SUCCESSFUL
EVT-2026-02183,CMP-2026-02657,ATM-WE-044,2026-04-09 15:01:05,22.9,40000.0,SUCCESSFUL
EVT-2026-02184,CMP-2026-02658,ATM-SO-025,2026-05-06 00:19:16,46.4,37014.11,SUCCESSFUL
EVT-2026-02185,CMP-2026-02659,ATM-EA-038,2026-08-12 20:50:18,129.1,20000.0,SUCCESSFUL
EVT-2026-02186,CMP-2026-02660,ATM-SO-026,2026-03-08 22:04:44,45.3,50000.0,SUCCESSFUL
EVT-2026-02187,CMP-2026-02661,ATM-NO-016,2026-06-27 01:11:52,104.7,41906.06,SUCCESSFUL
EVT-2026-02188,CMP-2026-02662,ATM-WE-048,2026-05-26 16:56:07,39.7,50000.0,SUCCESSFUL
EVT-2026-02189,CMP-2026-02663,ATM-NO-017,2026-07-02 00:48:42,55.6,8683.58,SUCCESSFUL
EVT-2026-02190,CMP-2026-02664,ATM-SO-024,2026-07-10 20:22:15,160.3,10000.0,INTERCEPTED
EVT-2026-02191,CMP-2026-02665,ATM-SO-027,2026-03-24 14:54:50,22.4,10000.0,SUCCESSFUL
EVT-2026-02192,CMP-2026-02666,ATM-SO-026,2026-05-27 21:02:04,79.7,10000.0,SUCCESSFUL
EVT-2026-02193,CMP-2026-02667,ATM-CE-002,2026-04-16 11:57:08,77.0,50000.0,SUCCESSFUL
EVT-2026-02194,CMP-2026-02668,ATM-CE-006,2026-05-30 13:29:32,40.0,40000.0,SUCCESSFUL
EVT-2026-02195,CMP-2026-02669,ATM-WE-043,2026-03-21 17:32:31,21.1,24918.04,SUCCESSFUL
EVT-2026-02196,CMP-2026-02670,ATM-NO-013,2026-08-04 15:33:33,28.4,40000.0,SUCCESSFUL
EVT-2026-02197,CMP-2026-02671,ATM-NO-019,2026-04-05 16:26:26,33.8,50000.0,SUCCESSFUL
EVT-2026-02198,CMP-2026-02672,ATM-NO-018,2026-05-18 12:03:15,34.0,50000.0,SUCCESSFUL
EVT-2026-02199,CMP-2026-02673,ATM-NO-012,2026-05-22 09:34:18,90.4,40000.0,SUCCESSFUL
EVT-2026-02200,CMP-2026-02674,ATM-CE-006,2026-04-30 20:19:25,60.6,7335.05,SUCCESSFUL
EVT-2026-02201,CMP-2026-02675,ATM-CE-002,2026-04-02 14:15:52,173.4,40000.0,SUCCESSFUL
EVT-2026-02202,CMP-2026-02676,ATM-NO-019,2026-03-07 06:50:18,42.9,50000.0,SUCCESSFUL
EVT-2026-02203,CMP-2026-02677,ATM-WE-041,2026-04-14 12:36:18,30.7,20000.0,SUCCESSFUL
EVT-2026-02204,CMP-2026-02678,ATM-NO-018,2026-06-22 17:07:58,40.0,37002.02,SUCCESSFUL
EVT-2026-02205,CMP-2026-02680,ATM-SO-022,2026-07-29 12:37:05,50.2,50000.0,SUCCESSFUL
EVT-2026-02206,CMP-2026-02681,ATM-NO-020,2026-03-08 11:57:06,36.7,10000.0,SUCCESSFUL
EVT-2026-02207,CMP-2026-02682,ATM-EA-032,2026-05-08 15:12:41,206.6,25663.37,SUCCESSFUL
EVT-2026-02208,CMP-2026-02683,ATM-WE-047,2026-03-05 18:41:20,54.1,10000.0,SUCCESSFUL
EVT-2026-02209,CMP-2026-02684,ATM-NO-015,2026-07-29 20:55:50,28.7,40000.0,SUCCESSFUL
EVT-2026-02210,CMP-2026-02685,ATM-NO-016,2026-08-27 11:10:32,31.0,20000.0,SUCCESSFUL
EVT-2026-02211,CMP-2026-02686,ATM-CE-006,2026-07-03 16:46:28,43.1,20000.0,SUCCESSFUL
EVT-2026-02212,CMP-2026-02687,ATM-SO-026,2026-07-15 20:09:28,42.2,20000.0,SUCCESSFUL
EVT-2026-02213,CMP-2026-02688,ATM-NO-019,2026-04-19 11:26:50,44.8,20000.0,SUCCESSFUL
EVT-2026-02214,CMP-2026-02689,ATM-WE-041,2026-07-01 12:15:24,58.4,10000.0,SUCCESSFUL
EVT-2026-02215,CMP-2026-02690,ATM-NO-019,2026-07-19 15:12:24,30.3,50000.0,SUCCESSFUL
EVT-2026-02216,CMP-2026-02691,ATM-EA-035,2026-06-16 15:17:49,37.5,20000.0,SUCCESSFUL
EVT-2026-02217,CMP-2026-02692,ATM-WE-045,2026-03-04 17:50:09,29.9,32516.95,SUCCESSFUL
EVT-2026-02218,CMP-2026-02693,ATM-WE-047,2026-07-10 10:58:12,19.3,49705.0,SUCCESSFUL
EVT-2026-02219,CMP-2026-02694,ATM-CE-007,2026-06-23 23:34:31,73.0,10000.0,SUCCESSFUL
EVT-2026-02220,CMP-2026-02695,ATM-EA-036,2026-04-27 17:29:08,36.7,50000.0,SUCCESSFUL
EVT-2026-02221,CMP-2026-02696,ATM-SO-023,2026-04-07 17:45:40,61.5,40000.0,SUCCESSFUL
EVT-2026-02222,CMP-2026-02697,ATM-NO-016,2026-05-12 18:44:07,181.2,10000.0,SUCCESSFUL
EVT-2026-02223,CMP-2026-02698,ATM-NO-016,2026-06-10 19:31:43,249.6,28135.51,SUCCESSFUL
EVT-2026-02224,CMP-2026-02699,ATM-WE-050,2026-07-15 00:11:04,42.4,20000.0,SUCCESSFUL
EVT-2026-02225,CMP-2026-02700,ATM-CE-004,2026-06-21 22:22:16,71.6,31754.97,SUCCESSFUL
EVT-2026-02226,CMP-2026-02701,ATM-NO-014,2026-07-16 22:13:34,205.3,23275.09,SUCCESSFUL
EVT-2026-02227,CMP-2026-02702,ATM-NO-020,2026-05-07 11:18:49,44.7,10000.0,SUCCESSFUL
EVT-2026-02228,CMP-2026-02704,ATM-SO-029,2026-06-11 12:33:58,22.1,50000.0,SUCCESSFUL
EVT-2026-02229,CMP-2026-02705,ATM-EA-038,2026-06-08 18:25:50,63.0,21532.82,SUCCESSFUL
EVT-2026-02230,CMP-2026-02706,ATM-WE-048,2026-04-27 16:13:11,49.5,14840.26,SUCCESSFUL
EVT-2026-02231,CMP-2026-02707,ATM-NO-011,2026-05-30 15:14:31,40.1,50000.0,SUCCESSFUL
EVT-2026-02232,CMP-2026-02709,ATM-SO-022,2026-05-20 15:54:35,54.7,40000.0,SUCCESSFUL
EVT-2026-02233,CMP-2026-02710,ATM-EA-034,2026-03-01 16:32:33,39.2,20000.0,SUCCESSFUL
EVT-2026-02234,CMP-2026-02711,ATM-EA-036,2026-07-02 23:15:44,69.3,50000.0,SUCCESSFUL
EVT-2026-02235,CMP-2026-02712,ATM-CE-006,2026-08-23 18:43:00,16.8,20000.0,SUCCESSFUL
EVT-2026-02236,CMP-2026-02715,ATM-NO-017,2026-04-28 17:19:19,64.2,35781.01,SUCCESSFUL
EVT-2026-02237,CMP-2026-02716,ATM-SO-023,2026-07-02 18:10:13,47.2,50000.0,SUCCESSFUL
EVT-2026-02238,CMP-2026-02721,ATM-NO-019,2026-04-07 18:01:34,32.1,37407.32,SUCCESSFUL
EVT-2026-02239,CMP-2026-02723,ATM-EA-037,2026-05-30 17:30:32,22.7,40000.0,SUCCESSFUL
EVT-2026-02240,CMP-2026-02724,ATM-SO-023,2026-08-04 13:35:59,37.8,10000.0,SUCCESSFUL
EVT-2026-02241,CMP-2026-02725,ATM-WE-043,2026-03-03 00:08:34,125.9,40348.95,SUCCESSFUL
EVT-2026-02242,CMP-2026-02727,ATM-SO-027,2026-06-05 15:15:34,29.8,10000.0,SUCCESSFUL
EVT-2026-02243,CMP-2026-02728,ATM-EA-040,2026-05-18 17:38:19,45.6,50000.0,SUCCESSFUL
EVT-2026-02244,CMP-2026-02729,ATM-SO-024,2026-07-28 10:11:39,24.8,13490.54,SUCCESSFUL
EVT-2026-02245,CMP-2026-02730,ATM-EA-034,2026-07-07 13:01:44,29.1,50000.0,SUCCESSFUL
EVT-2026-02246,CMP-2026-02732,ATM-NO-018,2026-07-15 10:07:24,29.6,20000.0,SUCCESSFUL
EVT-2026-02247,CMP-2026-02733,ATM-EA-037,2026-05-05 15:52:35,70.2,20000.0,SUCCESSFUL
EVT-2026-02248,CMP-2026-02734,ATM-SO-026,2026-04-07 17:10:47,64.4,10000.0,SUCCESSFUL
EVT-2026-02249,CMP-2026-02735,ATM-CE-003,2026-05-22 12:43:50,58.3,35479.48,SUCCESSFUL
EVT-2026-02250,CMP-2026-02736,ATM-CE-008,2026-07-04 00:29:47,128.0,40000.0,SUCCESSFUL
EVT-2026-02251,CMP-2026-02737,ATM-CE-009,2026-06-15 12:36:49,48.7,40000.0,SUCCESSFUL
EVT-2026-02252,CMP-2026-02738,ATM-WE-048,2026-03-05 20:06:03,69.7,28966.82,SUCCESSFUL
EVT-2026-02253,CMP-2026-02739,ATM-CE-001,2026-04-25 13:11:23,26.2,40000.0,SUCCESSFUL
EVT-2026-02254,CMP-2026-02740,ATM-WE-048,2026-05-25 13:14:28,45.8,20000.0,SUCCESSFUL
EVT-2026-02255,CMP-2026-02741,ATM-CE-006,2026-03-27 11:01:13,42.3,20000.0,INTERCEPTED
EVT-2026-02256,CMP-2026-02742,ATM-NO-011,2026-04-08 15:45:53,26.7,17457.89,SUCCESSFUL
EVT-2026-02257,CMP-2026-02745,ATM-WE-045,2026-08-23 14:40:57,59.8,32001.78,SUCCESSFUL
EVT-2026-02258,CMP-2026-02746,ATM-WE-048,2026-05-08 14:05:38,66.1,46800.19,SUCCESSFUL
EVT-2026-02259,CMP-2026-02747,ATM-WE-048,2026-04-01 20:58:55,61.5,10000.0,SUCCESSFUL
EVT-2026-02260,CMP-2026-02748,ATM-CE-008,2026-04-25 22:00:57,46.8,10000.0,SUCCESSFUL
EVT-2026-02261,CMP-2026-02749,ATM-WE-041,2026-06-25 14:38:04,15.6,10000.0,SUCCESSFUL
EVT-2026-02262,CMP-2026-02750,ATM-EA-038,2026-07-30 12:18:21,23.5,20000.0,SUCCESSFUL
EVT-2026-02263,CMP-2026-02751,ATM-EA-031,2026-07-12 20:09:31,45.8,10000.0,SUCCESSFUL
EVT-2026-02264,CMP-2026-02752,ATM-NO-013,2026-08-19 13:52:49,20.8,10000.0,SUCCESSFUL
EVT-2026-02265,CMP-2026-02753,ATM-CE-006,2026-08-22 21:39:39,36.2,20000.0,SUCCESSFUL
EVT-2026-02266,CMP-2026-02754,ATM-SO-023,2026-04-14 16:26:17,34.5,20000.0,SUCCESSFUL
EVT-2026-02267,CMP-2026-02755,ATM-NO-020,2026-04-11 13:17:39,32.2,40000.0,SUCCESSFUL
EVT-2026-02268,CMP-2026-02756,ATM-SO-025,2026-06-08 14:36:50,31.1,10000.0,SUCCESSFUL
EVT-2026-02269,CMP-2026-02757,ATM-CE-006,2026-08-11 11:49:04,40.5,20000.0,SUCCESSFUL
EVT-2026-02270,CMP-2026-02758,ATM-NO-018,2026-04-10 15:42:33,64.8,47832.93,INTERCEPTED
EVT-2026-02271,CMP-2026-02759,ATM-WE-043,2026-08-06 13:35:15,31.9,10000.0,SUCCESSFUL
EVT-2026-02272,CMP-2026-02760,ATM-EA-031,2026-04-05 20:36:36,29.1,11450.92,SUCCESSFUL
EVT-2026-02273,CMP-2026-02761,ATM-NO-018,2026-03-18 17:02:10,25.0,23248.42,SUCCESSFUL
EVT-2026-02274,CMP-2026-02763,ATM-WE-047,2026-03-21 20:41:56,105.5,9806.98,SUCCESSFUL
EVT-2026-02275,CMP-2026-02765,ATM-CE-005,2026-04-15 14:35:29,68.9,20000.0,SUCCESSFUL
EVT-2026-02276,CMP-2026-02766,ATM-WE-047,2026-04-29 20:39:26,68.9,18972.96,SUCCESSFUL
EVT-2026-02277,CMP-2026-02767,ATM-SO-029,2026-06-04 20:03:48,102.5,40000.0,SUCCESSFUL
EVT-2026-02278,CMP-2026-02768,ATM-WE-047,2026-03-21 16:33:51,45.7,40000.0,SUCCESSFUL
EVT-2026-02279,CMP-2026-02769,ATM-EA-040,2026-08-09 00:15:29,43.0,20000.0,SUCCESSFUL
EVT-2026-02280,CMP-2026-02770,ATM-NO-015,2026-03-12 09:36:19,68.6,50000.0,SUCCESSFUL
EVT-2026-02281,CMP-2026-02772,ATM-NO-019,2026-04-04 13:29:27,22.7,40000.0,SUCCESSFUL
EVT-2026-02282,CMP-2026-02773,ATM-WE-048,2026-05-30 16:30:13,129.4,10000.0,SUCCESSFUL
EVT-2026-02283,CMP-2026-02774,ATM-NO-012,2026-08-14 19:33:21,79.8,18788.07,SUCCESSFUL
EVT-2026-02284,CMP-2026-02775,ATM-SO-030,2026-03-29 23:42:28,53.1,20000.0,SUCCESSFUL
EVT-2026-02285,CMP-2026-02777,ATM-WE-050,2026-08-24 20:56:08,74.5,40000.0,SUCCESSFUL
EVT-2026-02286,CMP-2026-02779,ATM-CE-009,2026-07-29 19:57:41,34.5,40000.0,SUCCESSFUL
EVT-2026-02287,CMP-2026-02780,ATM-EA-032,2026-07-28 11:08:48,48.3,50000.0,SUCCESSFUL
EVT-2026-02288,CMP-2026-02782,ATM-CE-003,2026-03-10 15:24:48,58.4,20000.0,SUCCESSFUL
EVT-2026-02289,CMP-2026-02783,ATM-EA-038,2026-08-23 21:00:04,70.8,20000.0,INTERCEPTED
EVT-2026-02290,CMP-2026-02784,ATM-CE-006,2026-07-08 07:58:12,39.3,40000.0,SUCCESSFUL
EVT-2026-02291,CMP-2026-02785,ATM-NO-013,2026-05-16 13:40:07,15.8,20000.0,SUCCESSFUL
EVT-2026-02292,CMP-2026-02786,ATM-CE-007,2026-07-22 21:57:07,137.6,36050.97,INTERCEPTED
EVT-2026-02293,CMP-2026-02787,ATM-EA-038,2026-04-13 14:28:25,127.7,50000.0,SUCCESSFUL
EVT-2026-02294,CMP-2026-02788,ATM-EA-031,2026-08-19 11:20:07,17.3,21618.61,SUCCESSFUL
EVT-2026-02295,CMP-2026-02789,ATM-EA-038,2026-04-14 20:36:10,57.6,10000.0,SUCCESSFUL
EVT-2026-02296,CMP-2026-02790,ATM-WE-047,2026-03-11 17:03:17,42.0,48316.47,SUCCESSFUL
EVT-2026-02297,CMP-2026-02791,ATM-NO-017,2026-08-14 23:38:06,30.6,10000.0,SUCCESSFUL
EVT-2026-02298,CMP-2026-02792,ATM-SO-026,2026-04-28 12:12:32,82.8,20000.0,SUCCESSFUL
EVT-2026-02299,CMP-2026-02793,ATM-WE-048,2026-06-15 08:39:57,63.8,16233.59,INTERCEPTED
EVT-2026-02300,CMP-2026-02794,ATM-CE-001,2026-06-12 19:03:42,15.0,40000.0,SUCCESSFUL
EVT-2026-02301,CMP-2026-02795,ATM-CE-003,2026-07-03 12:56:01,47.2,40000.0,SUCCESSFUL
EVT-2026-02302,CMP-2026-02796,ATM-NO-013,2026-08-20 16:33:35,129.6,20000.0,INTERCEPTED
EVT-2026-02303,CMP-2026-02797,ATM-CE-003,2026-05-24 10:31:37,62.2,40000.0,SUCCESSFUL
EVT-2026-02304,CMP-2026-02798,ATM-EA-040,2026-04-15 19:45:09,57.2,10000.0,SUCCESSFUL
EVT-2026-02305,CMP-2026-02799,ATM-WE-044,2026-05-16 12:50:43,59.2,10000.0,SUCCESSFUL
EVT-2026-02306,CMP-2026-02800,ATM-SO-030,2026-08-12 20:59:05,206.7,46770.9,SUCCESSFUL
EVT-2026-02307,CMP-2026-02801,ATM-CE-006,2026-08-20 12:45:33,49.7,36332.06,SUCCESSFUL
EVT-2026-02308,CMP-2026-02802,ATM-SO-021,2026-04-20 12:04:49,43.2,10000.0,SUCCESSFUL
EVT-2026-02309,CMP-2026-02803,ATM-SO-022,2026-06-10 15:30:49,115.0,20000.0,SUCCESSFUL
EVT-2026-02310,CMP-2026-02805,ATM-EA-031,2026-06-18 14:04:17,51.5,22742.25,SUCCESSFUL
EVT-2026-02311,CMP-2026-02807,ATM-CE-003,2026-08-26 19:47:59,98.3,20000.0,SUCCESSFUL
EVT-2026-02312,CMP-2026-02808,ATM-NO-014,2026-05-01 16:16:01,42.2,42283.44,SUCCESSFUL
EVT-2026-02313,CMP-2026-02809,ATM-WE-043,2026-08-08 12:56:21,30.8,50000.0,SUCCESSFUL
EVT-2026-02314,CMP-2026-02810,ATM-NO-014,2026-03-04 10:50:55,36.6,40000.0,SUCCESSFUL
EVT-2026-02315,CMP-2026-02811,ATM-CE-001,2026-08-02 13:04:07,86.4,50000.0,SUCCESSFUL
EVT-2026-02316,CMP-2026-02813,ATM-EA-035,2026-08-08 19:14:26,28.5,10651.07,SUCCESSFUL
EVT-2026-02317,CMP-2026-02814,ATM-NO-012,2026-07-18 20:42:56,89.6,10000.0,SUCCESSFUL
EVT-2026-02318,CMP-2026-02815,ATM-NO-020,2026-08-18 08:24:09,21.3,40000.0,SUCCESSFUL
EVT-2026-02319,CMP-2026-02816,ATM-NO-019,2026-08-19 10:50:49,29.9,20000.0,SUCCESSFUL
EVT-2026-02320,CMP-2026-02817,ATM-WE-048,2026-06-27 23:54:48,42.5,40000.0,SUCCESSFUL
EVT-2026-02321,CMP-2026-02818,ATM-NO-020,2026-04-11 15:16:06,17.9,10000.0,SUCCESSFUL
EVT-2026-02322,CMP-2026-02819,ATM-NO-013,2026-03-25 08:31:56,34.5,6050.61,SUCCESSFUL
EVT-2026-02323,CMP-2026-02821,ATM-CE-007,2026-04-07 09:48:24,44.9,20000.0,SUCCESSFUL
EVT-2026-02324,CMP-2026-02822,ATM-EA-036,2026-04-07 18:47:33,22.9,10000.0,SUCCESSFUL
EVT-2026-02325,CMP-2026-02823,ATM-SO-022,2026-08-22 11:01:23,28.4,10000.0,SUCCESSFUL
EVT-2026-02326,CMP-2026-02826,ATM-NO-020,2026-05-14 11:35:50,22.8,39963.03,SUCCESSFUL
EVT-2026-02327,CMP-2026-02828,ATM-CE-006,2026-03-03 12:25:26,60.6,10000.0,SUCCESSFUL
EVT-2026-02328,CMP-2026-02829,ATM-NO-020,2026-05-03 19:32:50,73.0,23651.39,INTERCEPTED
EVT-2026-02329,CMP-2026-02830,ATM-EA-034,2026-07-05 13:22:03,40.4,50000.0,SUCCESSFUL
EVT-2026-02330,CMP-2026-02831,ATM-NO-019,2026-03-04 00:59:23,101.6,23606.36,INTERCEPTED
EVT-2026-02331,CMP-2026-02832,ATM-CE-007,2026-07-31 16:31:00,19.4,16498.81,SUCCESSFUL
EVT-2026-02332,CMP-2026-02833,ATM-SO-029,2026-03-26 12:22:58,52.2,20000.0,SUCCESSFUL
EVT-2026-02333,CMP-2026-02834,ATM-WE-041,2026-08-03 19:33:21,51.1,39217.48,SUCCESSFUL
EVT-2026-02334,CMP-2026-02835,ATM-SO-024,2026-05-15 09:55:35,103.6,20000.0,SUCCESSFUL
EVT-2026-02335,CMP-2026-02837,ATM-NO-018,2026-03-20 18:36:07,26.1,40000.0,SUCCESSFUL
EVT-2026-02336,CMP-2026-02839,ATM-SO-022,2026-06-20 07:38:49,37.0,10000.0,SUCCESSFUL
EVT-2026-02337,CMP-2026-02841,ATM-CE-003,2026-08-12 18:54:46,172.2,20000.0,INTERCEPTED
EVT-2026-02338,CMP-2026-02842,ATM-WE-048,2026-03-03 21:44:41,47.5,10000.0,SUCCESSFUL
EVT-2026-02339,CMP-2026-02844,ATM-SO-027,2026-08-02 17:10:05,35.6,10000.0,SUCCESSFUL
EVT-2026-02340,CMP-2026-02846,ATM-SO-024,2026-03-24 13:24:46,42.2,10000.0,SUCCESSFUL
EVT-2026-02341,CMP-2026-02848,ATM-SO-027,2026-04-05 14:43:00,28.5,20000.0,SUCCESSFUL
EVT-2026-02342,CMP-2026-02849,ATM-NO-020,2026-04-10 08:29:02,23.3,24698.97,SUCCESSFUL
EVT-2026-02343,CMP-2026-02850,ATM-EA-038,2026-04-20 15:26:20,47.2,40000.0,INTERCEPTED
EVT-2026-02344,CMP-2026-02852,ATM-NO-020,2026-06-29 08:41:58,68.4,40000.0,SUCCESSFUL
EVT-2026-02345,CMP-2026-02853,ATM-EA-038,2026-03-24 10:05:33,38.2,10000.0,SUCCESSFUL
EVT-2026-02346,CMP-2026-02854,ATM-WE-043,2026-07-13 18:12:41,21.3,20000.0,SUCCESSFUL
EVT-2026-02347,CMP-2026-02855,ATM-WE-049,2026-08-24 14:00:59,60.8,20000.0,SUCCESSFUL
EVT-2026-02348,CMP-2026-02856,ATM-EA-037,2026-03-30 10:56:16,36.3,45863.37,SUCCESSFUL
EVT-2026-02349,CMP-2026-02859,ATM-WE-045,2026-05-21 17:16:20,119.8,40000.0,SUCCESSFUL
EVT-2026-02350,CMP-2026-02862,ATM-EA-038,2026-07-17 09:43:04,73.4,7953.67,SUCCESSFUL
EVT-2026-02351,CMP-2026-02863,ATM-SO-027,2026-04-17 09:22:03,91.7,10000.0,SUCCESSFUL
EVT-2026-02352,CMP-2026-02865,ATM-WE-043,2026-03-22 09:04:56,79.6,25814.7,SUCCESSFUL
EVT-2026-02353,CMP-2026-02868,ATM-WE-043,2026-04-05 13:48:25,54.7,10000.0,SUCCESSFUL
EVT-2026-02354,CMP-2026-02869,ATM-EA-038,2026-04-05 13:26:31,39.2,20000.0,SUCCESSFUL
EVT-2026-02355,CMP-2026-02870,ATM-SO-023,2026-06-10 12:17:41,44.1,40000.0,SUCCESSFUL
EVT-2026-02356,CMP-2026-02871,ATM-SO-029,2026-06-06 19:04:28,19.9,20000.0,SUCCESSFUL
EVT-2026-02357,CMP-2026-02872,ATM-CE-006,2026-03-19 20:37:12,86.5,20000.0,SUCCESSFUL
EVT-2026-02358,CMP-2026-02874,ATM-CE-009,2026-06-18 16:49:46,115.6,23008.96,SUCCESSFUL
EVT-2026-02359,CMP-2026-02875,ATM-NO-020,2026-08-10 18:42:27,75.5,40000.0,SUCCESSFUL
EVT-2026-02360,CMP-2026-02876,ATM-NO-013,2026-03-25 11:13:10,54.2,40000.0,SUCCESSFUL
EVT-2026-02361,CMP-2026-02877,ATM-EA-038,2026-04-07 18:08:26,21.8,10000.0,SUCCESSFUL
EVT-2026-02362,CMP-2026-02878,ATM-WE-048,2026-03-11 16:31:08,185.0,18550.12,SUCCESSFUL
EVT-2026-02363,CMP-2026-02879,ATM-EA-038,2026-07-25 00:05:59,50.6,41367.87,SUCCESSFUL
EVT-2026-02364,CMP-2026-02883,ATM-WE-048,2026-03-28 15:37:27,69.3,40000.0,INTERCEPTED
EVT-2026-02365,CMP-2026-02884,ATM-SO-024,2026-03-22 20:42:08,142.6,46140.0,INTERCEPTED
EVT-2026-02366,CMP-2026-02885,ATM-EA-032,2026-05-18 14:59:51,67.7,24444.08,INTERCEPTED
EVT-2026-02367,CMP-2026-02886,ATM-WE-043,2026-08-06 11:18:23,29.4,26978.54,SUCCESSFUL
EVT-2026-02368,CMP-2026-02888,ATM-SO-023,2026-04-15 18:16:58,36.5,20000.0,SUCCESSFUL
EVT-2026-02369,CMP-2026-02889,ATM-WE-048,2026-08-05 12:05:42,20.8,29430.89,SUCCESSFUL
EVT-2026-02370,CMP-2026-02891,ATM-WE-047,2026-06-17 15:16:00,37.1,50000.0,SUCCESSFUL
EVT-2026-02371,CMP-2026-02892,ATM-SO-030,2026-07-29 18:17:17,49.9,10000.0,SUCCESSFUL
EVT-2026-02372,CMP-2026-02893,ATM-SO-026,2026-04-20 14:40:22,53.6,30598.34,SUCCESSFUL
EVT-2026-02373,CMP-2026-02894,ATM-SO-023,2026-04-29 22:16:12,93.3,40000.0,INTERCEPTED
EVT-2026-02374,CMP-2026-02895,ATM-SO-027,2026-03-19 11:40:14,48.7,50000.0,SUCCESSFUL
EVT-2026-02375,CMP-2026-02896,ATM-NO-013,2026-04-09 13:20:01,52.3,50000.0,SUCCESSFUL
EVT-2026-02376,CMP-2026-02897,ATM-SO-022,2026-06-09 15:22:42,29.1,17495.51,SUCCESSFUL
EVT-2026-02377,CMP-2026-02899,ATM-CE-003,2026-06-24 21:09:42,243.1,6202.5,SUCCESSFUL
EVT-2026-02378,CMP-2026-02900,ATM-CE-006,2026-06-30 23:13:41,196.1,50000.0,SUCCESSFUL
EVT-2026-02379,CMP-2026-02901,ATM-EA-031,2026-03-08 12:23:18,41.5,15729.64,SUCCESSFUL
EVT-2026-02380,CMP-2026-02903,ATM-WE-047,2026-07-25 15:08:37,27.8,10000.0,SUCCESSFUL
EVT-2026-02381,CMP-2026-02904,ATM-SO-028,2026-04-08 18:50:11,99.2,40000.0,INTERCEPTED
EVT-2026-02382,CMP-2026-02905,ATM-NO-018,2026-08-13 19:26:36,35.6,12387.18,SUCCESSFUL
EVT-2026-02383,CMP-2026-02906,ATM-SO-021,2026-05-05 00:21:16,37.9,20000.0,SUCCESSFUL
EVT-2026-02384,CMP-2026-02907,ATM-NO-020,2026-04-19 18:56:55,126.9,16861.27,SUCCESSFUL
EVT-2026-02385,CMP-2026-02909,ATM-NO-019,2026-06-25 17:57:17,69.9,20000.0,SUCCESSFUL
EVT-2026-02386,CMP-2026-02910,ATM-NO-015,2026-07-31 13:30:02,36.0,20000.0,SUCCESSFUL
EVT-2026-02387,CMP-2026-02912,ATM-WE-047,2026-03-17 17:43:08,137.8,20000.0,SUCCESSFUL
EVT-2026-02388,CMP-2026-02913,ATM-SO-023,2026-04-06 19:31:04,36.3,34980.03,SUCCESSFUL
EVT-2026-02389,CMP-2026-02914,ATM-EA-033,2026-07-24 23:55:57,58.6,20000.0,SUCCESSFUL
EVT-2026-02390,CMP-2026-02915,ATM-SO-023,2026-04-28 16:35:49,28.6,21190.34,SUCCESSFUL
EVT-2026-02391,CMP-2026-02916,ATM-WE-047,2026-07-15 16:30:12,116.0,10000.0,INTERCEPTED
EVT-2026-02392,CMP-2026-02918,ATM-CE-002,2026-05-12 22:34:30,18.4,23976.62,SUCCESSFUL
EVT-2026-02393,CMP-2026-02919,ATM-WE-043,2026-05-11 20:43:33,165.2,40000.0,SUCCESSFUL
EVT-2026-02394,CMP-2026-02920,ATM-EA-037,2026-08-22 09:51:26,91.2,10000.0,SUCCESSFUL
EVT-2026-02395,CMP-2026-02922,ATM-WE-049,2026-03-05 21:16:39,61.8,20000.0,SUCCESSFUL
EVT-2026-02396,CMP-2026-02923,ATM-EA-036,2026-04-14 14:50:54,36.4,20000.0,SUCCESSFUL
EVT-2026-02397,CMP-2026-02925,ATM-WE-048,2026-08-02 23:21:14,50.4,20000.0,SUCCESSFUL
EVT-2026-02398,CMP-2026-02926,ATM-CE-001,2026-07-31 17:09:28,32.1,50000.0,SUCCESSFUL
EVT-2026-02399,CMP-2026-02928,ATM-SO-027,2026-07-23 12:40:57,84.5,20000.0,SUCCESSFUL
EVT-2026-02400,CMP-2026-02929,ATM-CE-009,2026-05-04 12:16:41,32.6,20000.0,SUCCESSFUL
EVT-2026-02401,CMP-2026-02930,ATM-CE-006,2026-07-22 06:10:24,33.3,50000.0,SUCCESSFUL
EVT-2026-02402,CMP-2026-02932,ATM-WE-050,2026-04-11 15:50:01,27.3,20000.0,SUCCESSFUL
EVT-2026-02403,CMP-2026-02933,ATM-SO-024,2026-05-23 12:13:59,37.1,33559.03,SUCCESSFUL
EVT-2026-02404,CMP-2026-02935,ATM-CE-006,2026-03-31 14:00:57,25.5,10000.0,SUCCESSFUL
EVT-2026-02405,CMP-2026-02936,ATM-EA-037,2026-08-09 16:54:07,23.2,10000.0,SUCCESSFUL
EVT-2026-02406,CMP-2026-02937,ATM-CE-005,2026-07-01 09:04:31,59.8,40000.0,SUCCESSFUL
EVT-2026-02407,CMP-2026-02938,ATM-EA-034,2026-08-18 19:38:00,52.0,37784.77,SUCCESSFUL
EVT-2026-02408,CMP-2026-02940,ATM-WE-048,2026-04-08 19:00:47,32.5,27178.63,SUCCESSFUL
EVT-2026-02409,CMP-2026-02942,ATM-SO-023,2026-08-18 22:51:11,41.4,37545.33,SUCCESSFUL
EVT-2026-02410,CMP-2026-02943,ATM-NO-016,2026-08-03 10:25:34,46.5,8655.4,SUCCESSFUL
EVT-2026-02411,CMP-2026-02944,ATM-NO-020,2026-06-14 18:13:31,24.5,50000.0,SUCCESSFUL
EVT-2026-02412,CMP-2026-02945,ATM-NO-011,2026-07-10 17:01:49,135.6,20000.0,SUCCESSFUL
EVT-2026-02413,CMP-2026-02946,ATM-SO-024,2026-03-06 21:34:41,35.2,40000.0,SUCCESSFUL
EVT-2026-02414,CMP-2026-02947,ATM-NO-019,2026-03-17 22:02:44,37.1,35372.49,SUCCESSFUL
EVT-2026-02415,CMP-2026-02948,ATM-EA-031,2026-07-23 10:21:19,56.6,40000.0,SUCCESSFUL
EVT-2026-02416,CMP-2026-02949,ATM-NO-012,2026-04-02 18:43:34,24.2,45891.01,SUCCESSFUL
EVT-2026-02417,CMP-2026-02950,ATM-NO-019,2026-08-06 16:17:20,106.3,44237.44,INTERCEPTED
EVT-2026-02418,CMP-2026-02951,ATM-NO-012,2026-05-03 06:18:24,36.7,23754.02,SUCCESSFUL
EVT-2026-02419,CMP-2026-02952,ATM-EA-031,2026-07-14 11:36:49,63.6,6869.51,SUCCESSFUL
EVT-2026-02420,CMP-2026-02953,ATM-CE-004,2026-03-11 08:54:38,31.5,10000.0,SUCCESSFUL
EVT-2026-02421,CMP-2026-02954,ATM-SO-030,2026-03-01 06:06:36,42.3,40000.0,SUCCESSFUL
EVT-2026-02422,CMP-2026-02955,ATM-WE-048,2026-08-02 15:17:28,66.3,50000.0,SUCCESSFUL
EVT-2026-02423,CMP-2026-02956,ATM-EA-038,2026-04-02 22:28:22,15.0,20000.0,SUCCESSFUL
EVT-2026-02424,CMP-2026-02958,ATM-EA-036,2026-07-06 21:53:13,56.4,20000.0,SUCCESSFUL
EVT-2026-02425,CMP-2026-02959,ATM-NO-019,2026-07-25 16:29:29,61.5,10000.0,SUCCESSFUL
EVT-2026-02426,CMP-2026-02960,ATM-SO-022,2026-04-27 01:38:27,140.4,20000.0,SUCCESSFUL
EVT-2026-02427,CMP-2026-02961,ATM-NO-018,2026-03-31 18:45:27,38.9,20000.0,SUCCESSFUL
EVT-2026-02428,CMP-2026-02963,ATM-SO-029,2026-08-15 15:12:48,36.9,14658.54,SUCCESSFUL
EVT-2026-02429,CMP-2026-02964,ATM-EA-037,2026-08-17 23:05:03,82.5,20000.0,SUCCESSFUL
EVT-2026-02430,CMP-2026-02965,ATM-CE-005,2026-04-13 14:24:26,91.9,11443.58,INTERCEPTED
EVT-2026-02431,CMP-2026-02966,ATM-NO-013,2026-03-11 14:56:12,57.7,10000.0,SUCCESSFUL
EVT-2026-02432,CMP-2026-02967,ATM-WE-048,2026-07-31 12:09:08,63.4,36199.49,SUCCESSFUL
EVT-2026-02433,CMP-2026-02968,ATM-EA-038,2026-06-24 18:10:25,52.1,9872.66,SUCCESSFUL
EVT-2026-02434,CMP-2026-02969,ATM-NO-015,2026-04-22 16:05:55,145.5,47991.07,INTERCEPTED
EVT-2026-02435,CMP-2026-02970,ATM-NO-011,2026-03-05 11:46:10,39.8,32699.37,SUCCESSFUL
EVT-2026-02436,CMP-2026-02971,ATM-CE-006,2026-04-25 13:31:26,40.6,10000.0,SUCCESSFUL
EVT-2026-02437,CMP-2026-02974,ATM-EA-033,2026-06-06 13:07:00,25.7,10000.0,SUCCESSFUL
EVT-2026-02438,CMP-2026-02975,ATM-WE-045,2026-03-09 08:58:11,38.8,10000.0,SUCCESSFUL
EVT-2026-02439,CMP-2026-02976,ATM-SO-027,2026-07-27 15:14:27,150.5,20000.0,SUCCESSFUL
EVT-2026-02440,CMP-2026-02977,ATM-NO-019,2026-07-01 15:29:18,26.3,50000.0,SUCCESSFUL
EVT-2026-02441,CMP-2026-02978,ATM-EA-031,2026-08-18 18:22:30,25.3,10000.0,SUCCESSFUL
EVT-2026-02442,CMP-2026-02979,ATM-EA-037,2026-07-07 13:20:48,49.6,10000.0,SUCCESSFUL
EVT-2026-02443,CMP-2026-02982,ATM-NO-016,2026-06-27 11:05:11,66.3,20000.0,SUCCESSFUL
EVT-2026-02444,CMP-2026-02983,ATM-EA-038,2026-08-25 12:46:19,54.1,42564.66,INTERCEPTED
EVT-2026-02445,CMP-2026-02984,ATM-CE-008,2026-03-26 17:43:47,28.1,50000.0,SUCCESSFUL
EVT-2026-02446,CMP-2026-02986,ATM-SO-022,2026-04-25 08:11:41,15.0,40000.0,SUCCESSFUL
EVT-2026-02447,CMP-2026-02988,ATM-WE-049,2026-05-07 19:15:57,22.0,47418.74,SUCCESSFUL
EVT-2026-02448,CMP-2026-02989,ATM-CE-006,2026-04-15 10:29:46,29.1,10000.0,SUCCESSFUL
EVT-2026-02449,CMP-2026-02990,ATM-SO-023,2026-07-04 17:04:09,96.0,20000.0,SUCCESSFUL
EVT-2026-02450,CMP-2026-02991,ATM-CE-005,2026-03-13 22:31:59,24.9,31389.56,SUCCESSFUL
EVT-2026-02451,CMP-2026-02992,ATM-WE-049,2026-03-12 20:50:17,76.0,35336.76,SUCCESSFUL
EVT-2026-02452,CMP-2026-02993,ATM-SO-027,2026-07-07 19:55:07,70.7,40000.0,SUCCESSFUL
EVT-2026-02453,CMP-2026-02994,ATM-CE-009,2026-06-11 17:31:44,24.9,20000.0,SUCCESSFUL
EVT-2026-02454,CMP-2026-02995,ATM-NO-019,2026-08-19 07:04:31,28.6,20000.0,SUCCESSFUL
EVT-2026-02455,CMP-2026-02996,ATM-WE-048,2026-06-02 06:34:42,32.2,10000.0,SUCCESSFUL
EVT-2026-02456,CMP-2026-02997,ATM-NO-020,2026-04-11 18:24:04,30.7,10000.0,SUCCESSFUL
EVT-2026-02457,CMP-2026-02998,ATM-NO-012,2026-04-13 15:14:58,95.6,20000.0,SUCCESSFUL
EVT-2026-02458,CMP-2026-02999,ATM-WE-049,2026-07-17 09:09:58,27.0,20000.0,SUCCESSFUL
EVT-2026-02459,CMP-2026-03000,ATM-SO-022,2026-07-17 17:17:40,91.3,10000.0,SUCCESSFUL
EVT-2026-02460,CMP-2026-03002,ATM-CE-009,2026-08-13 06:09:47,47.3,10000.0,SUCCESSFUL
EVT-2026-02461,CMP-2026-03003,ATM-EA-032,2026-05-10 23:26:52,197.6,20000.0,INTERCEPTED
EVT-2026-02462,CMP-2026-03004,ATM-NO-020,2026-04-04 20:10:59,28.2,50000.0,SUCCESSFUL
EVT-2026-02463,CMP-2026-03005,ATM-NO-011,2026-03-13 10:54:18,38.7,20000.0,SUCCESSFUL
EVT-2026-02464,CMP-2026-03006,ATM-SO-023,2026-03-26 07:41:40,21.6,10000.0,SUCCESSFUL
EVT-2026-02465,CMP-2026-03007,ATM-EA-035,2026-05-13 07:17:49,103.8,20000.0,SUCCESSFUL
EVT-2026-02466,CMP-2026-03008,ATM-WE-050,2026-07-09 10:52:08,31.8,10000.0,SUCCESSFUL
EVT-2026-02467,CMP-2026-03009,ATM-SO-029,2026-07-02 15:07:19,66.9,10000.0,SUCCESSFUL
EVT-2026-02468,CMP-2026-03010,ATM-NO-019,2026-07-25 19:12:45,23.2,20000.0,SUCCESSFUL
EVT-2026-02469,CMP-2026-03011,ATM-WE-048,2026-07-16 16:14:50,132.2,10000.0,SUCCESSFUL
EVT-2026-02470,CMP-2026-03012,ATM-NO-016,2026-08-11 10:00:29,120.9,18861.32,SUCCESSFUL
EVT-2026-02471,CMP-2026-03013,ATM-NO-020,2026-05-09 18:51:05,52.3,50000.0,SUCCESSFUL
EVT-2026-02472,CMP-2026-03014,ATM-NO-017,2026-06-19 16:11:43,49.1,20000.0,SUCCESSFUL
EVT-2026-02473,CMP-2026-03015,ATM-CE-009,2026-05-21 14:58:03,61.7,40000.0,SUCCESSFUL
EVT-2026-02474,CMP-2026-03017,ATM-CE-003,2026-08-06 18:20:01,56.2,35774.01,SUCCESSFUL
EVT-2026-02475,CMP-2026-03018,ATM-CE-008,2026-03-26 23:42:23,73.0,20000.0,SUCCESSFUL
EVT-2026-02476,CMP-2026-03019,ATM-EA-031,2026-03-24 01:59:32,199.2,50000.0,SUCCESSFUL
EVT-2026-02477,CMP-2026-03020,ATM-SO-023,2026-05-15 16:46:09,59.7,50000.0,SUCCESSFUL
EVT-2026-02478,CMP-2026-03021,ATM-WE-049,2026-05-23 19:30:39,69.3,20000.0,SUCCESSFUL
EVT-2026-02479,CMP-2026-03022,ATM-CE-003,2026-04-07 12:33:31,19.8,20000.0,SUCCESSFUL
EVT-2026-02480,CMP-2026-03023,ATM-CE-009,2026-08-18 08:24:37,37.9,40000.0,SUCCESSFUL
EVT-2026-02481,CMP-2026-03024,ATM-CE-009,2026-08-10 10:58:54,23.0,50000.0,SUCCESSFUL
EVT-2026-02482,CMP-2026-03025,ATM-CE-004,2026-05-07 10:01:35,42.4,50000.0,SUCCESSFUL
EVT-2026-02483,CMP-2026-03026,ATM-CE-007,2026-03-21 02:00:56,139.5,30909.06,INTERCEPTED
EVT-2026-02484,CMP-2026-03027,ATM-CE-008,2026-04-09 12:35:37,59.7,42233.1,SUCCESSFUL
EVT-2026-02485,CMP-2026-03028,ATM-SO-030,2026-05-17 13:07:51,39.8,50000.0,SUCCESSFUL
EVT-2026-02486,CMP-2026-03030,ATM-SO-021,2026-07-01 17:11:12,22.1,20000.0,SUCCESSFUL
EVT-2026-02487,CMP-2026-03031,ATM-WE-048,2026-03-28 16:38:19,17.8,20000.0,SUCCESSFUL
EVT-2026-02488,CMP-2026-03032,ATM-EA-031,2026-07-16 15:54:26,83.1,10000.0,SUCCESSFUL
EVT-2026-02489,CMP-2026-03033,ATM-EA-034,2026-07-21 01:24:43,139.7,10000.0,SUCCESSFUL
EVT-2026-02490,CMP-2026-03034,ATM-CE-005,2026-03-17 13:29:01,29.1,20000.0,SUCCESSFUL
EVT-2026-02491,CMP-2026-03035,ATM-CE-005,2026-08-20 12:32:00,72.1,40000.0,SUCCESSFUL
EVT-2026-02492,CMP-2026-03036,ATM-NO-015,2026-07-28 17:03:01,32.7,40000.0,SUCCESSFUL
EVT-2026-02493,CMP-2026-03037,ATM-CE-006,2026-04-24 23:13:48,82.2,20000.0,INTERCEPTED
EVT-2026-02494,CMP-2026-03038,ATM-WE-044,2026-03-22 16:35:24,36.8,50000.0,SUCCESSFUL
EVT-2026-02495,CMP-2026-03041,ATM-WE-047,2026-08-11 18:02:26,175.6,50000.0,SUCCESSFUL
EVT-2026-02496,CMP-2026-03042,ATM-SO-025,2026-05-25 16:45:12,56.2,25791.06,SUCCESSFUL
EVT-2026-02497,CMP-2026-03043,ATM-SO-023,2026-08-15 17:52:38,15.0,10000.0,SUCCESSFUL
EVT-2026-02498,CMP-2026-03044,ATM-SO-027,2026-08-22 14:31:15,48.7,40000.0,SUCCESSFUL
EVT-2026-02499,CMP-2026-03045,ATM-SO-026,2026-08-25 11:29:26,33.1,20000.0,SUCCESSFUL
EVT-2026-02500,CMP-2026-03048,ATM-WE-047,2026-04-05 20:09:26,29.1,10000.0,SUCCESSFUL
EVT-2026-02501,CMP-2026-03049,ATM-EA-032,2026-05-03 18:43:52,52.4,44856.67,SUCCESSFUL
EVT-2026-02502,CMP-2026-03050,ATM-CE-003,2026-05-05 15:09:37,53.4,10000.0,SUCCESSFUL
EVT-2026-02503,CMP-2026-03051,ATM-EA-034,2026-08-11 11:42:06,38.4,17670.86,SUCCESSFUL
EVT-2026-02504,CMP-2026-03052,ATM-WE-047,2026-04-17 13:52:58,85.6,25687.83,SUCCESSFUL
EVT-2026-02505,CMP-2026-03054,ATM-NO-019,2026-08-14 10:38:56,38.2,40000.0,SUCCESSFUL
EVT-2026-02506,CMP-2026-03055,ATM-WE-042,2026-05-08 22:12:30,15.0,10000.0,SUCCESSFUL
EVT-2026-02507,CMP-2026-03056,ATM-CE-006,2026-07-04 10:09:12,51.5,40000.0,SUCCESSFUL
EVT-2026-02508,CMP-2026-03057,ATM-WE-041,2026-07-23 12:07:26,132.6,15485.64,SUCCESSFUL
EVT-2026-02509,CMP-2026-03058,ATM-NO-019,2026-03-24 11:06:01,43.3,20000.0,SUCCESSFUL
EVT-2026-02510,CMP-2026-03060,ATM-SO-030,2026-08-13 15:07:48,62.0,40000.0,SUCCESSFUL
EVT-2026-02511,CMP-2026-03061,ATM-CE-003,2026-08-09 08:58:50,57.0,10000.0,INTERCEPTED
EVT-2026-02512,CMP-2026-03062,ATM-NO-019,2026-04-01 13:28:40,84.5,20000.0,SUCCESSFUL
EVT-2026-02513,CMP-2026-03063,ATM-CE-007,2026-08-03 17:28:23,27.6,40000.0,SUCCESSFUL
EVT-2026-02514,CMP-2026-03064,ATM-WE-048,2026-08-04 22:20:54,41.8,50000.0,SUCCESSFUL
EVT-2026-02515,CMP-2026-03065,ATM-NO-011,2026-06-22 19:09:35,47.8,10000.0,SUCCESSFUL
EVT-2026-02516,CMP-2026-03067,ATM-EA-040,2026-08-14 12:54:50,43.8,10000.0,SUCCESSFUL
EVT-2026-02517,CMP-2026-03068,ATM-NO-020,2026-03-01 17:44:32,53.8,10000.0,SUCCESSFUL
EVT-2026-02518,CMP-2026-03069,ATM-EA-031,2026-07-08 12:48:14,23.9,20000.0,SUCCESSFUL
EVT-2026-02519,CMP-2026-03071,ATM-CE-009,2026-06-17 07:35:31,204.0,10000.0,SUCCESSFUL
EVT-2026-02520,CMP-2026-03073,ATM-SO-026,2026-04-17 21:29:10,32.6,20000.0,SUCCESSFUL
EVT-2026-02521,CMP-2026-03074,ATM-SO-030,2026-07-04 16:26:41,41.9,20000.0,SUCCESSFUL
EVT-2026-02522,CMP-2026-03075,ATM-NO-019,2026-07-31 14:06:48,18.6,30944.16,SUCCESSFUL
EVT-2026-02523,CMP-2026-03076,ATM-SO-022,2026-06-18 00:13:06,40.4,27253.43,SUCCESSFUL
EVT-2026-02524,CMP-2026-03077,ATM-EA-034,2026-04-15 16:49:42,26.9,10000.0,SUCCESSFUL
EVT-2026-02525,CMP-2026-03078,ATM-CE-008,2026-06-26 15:07:56,84.7,20000.0,INTERCEPTED
EVT-2026-02526,CMP-2026-03079,ATM-EA-040,2026-03-12 17:44:53,21.9,50000.0,SUCCESSFUL
EVT-2026-02527,CMP-2026-03080,ATM-CE-007,2026-03-15 16:03:57,15.0,10000.0,SUCCESSFUL
EVT-2026-02528,CMP-2026-03081,ATM-NO-020,2026-08-23 09:04:52,21.8,40000.0,SUCCESSFUL
EVT-2026-02529,CMP-2026-03083,ATM-WE-049,2026-06-11 13:39:56,53.1,24066.44,SUCCESSFUL
EVT-2026-02530,CMP-2026-03084,ATM-EA-037,2026-05-26 16:08:37,97.3,40000.0,SUCCESSFUL
EVT-2026-02531,CMP-2026-03085,ATM-EA-032,2026-07-13 12:55:57,101.3,40000.0,SUCCESSFUL
EVT-2026-02532,CMP-2026-03086,ATM-WE-048,2026-08-06 17:51:50,90.9,50000.0,SUCCESSFUL
EVT-2026-02533,CMP-2026-03087,ATM-CE-001,2026-08-09 11:03:20,35.2,46100.9,SUCCESSFUL
EVT-2026-02534,CMP-2026-03088,ATM-NO-019,2026-05-15 21:37:10,35.3,40000.0,SUCCESSFUL
EVT-2026-02535,CMP-2026-03089,ATM-CE-007,2026-05-08 10:27:02,31.4,35528.48,SUCCESSFUL
EVT-2026-02536,CMP-2026-03090,ATM-NO-020,2026-03-03 05:28:27,37.6,20000.0,SUCCESSFUL
EVT-2026-02537,CMP-2026-03091,ATM-SO-024,2026-03-28 12:40:11,29.0,43165.95,SUCCESSFUL
EVT-2026-02538,CMP-2026-03092,ATM-SO-026,2026-05-25 12:43:52,26.5,43824.67,SUCCESSFUL
EVT-2026-02539,CMP-2026-03094,ATM-NO-020,2026-06-07 12:40:13,26.0,50000.0,SUCCESSFUL
EVT-2026-02540,CMP-2026-03095,ATM-CE-001,2026-05-17 21:50:12,56.0,10000.0,SUCCESSFUL
EVT-2026-02541,CMP-2026-03097,ATM-NO-013,2026-07-06 17:46:43,68.4,50000.0,SUCCESSFUL
EVT-2026-02542,CMP-2026-03098,ATM-CE-006,2026-07-23 18:40:42,134.2,28183.14,SUCCESSFUL
EVT-2026-02543,CMP-2026-03099,ATM-WE-044,2026-04-30 16:08:29,48.8,10000.0,SUCCESSFUL
EVT-2026-02544,CMP-2026-03100,ATM-CE-006,2026-06-16 21:22:20,49.0,17055.0,SUCCESSFUL
EVT-2026-02545,CMP-2026-03101,ATM-CE-005,2026-07-24 21:35:55,40.8,50000.0,SUCCESSFUL
EVT-2026-02546,CMP-2026-03102,ATM-EA-038,2026-03-12 13:02:30,34.1,6041.45,SUCCESSFUL
EVT-2026-02547,CMP-2026-03105,ATM-CE-005,2026-05-25 17:42:49,25.2,40000.0,SUCCESSFUL
EVT-2026-02548,CMP-2026-03107,ATM-EA-038,2026-07-19 19:32:21,115.4,19739.03,SUCCESSFUL
EVT-2026-02549,CMP-2026-03109,ATM-NO-020,2026-04-26 11:22:50,86.7,20000.0,SUCCESSFUL
EVT-2026-02550,CMP-2026-03110,ATM-EA-034,2026-03-15 17:53:06,21.6,40000.0,SUCCESSFUL
EVT-2026-02551,CMP-2026-03111,ATM-CE-008,2026-03-13 12:43:44,18.9,40000.0,SUCCESSFUL
EVT-2026-02552,CMP-2026-03112,ATM-SO-023,2026-07-07 07:39:41,15.8,28489.65,SUCCESSFUL
EVT-2026-02553,CMP-2026-03113,ATM-CE-007,2026-04-14 13:59:21,19.4,50000.0,SUCCESSFUL
EVT-2026-02554,CMP-2026-03116,ATM-CE-004,2026-04-06 21:03:21,251.7,10000.0,SUCCESSFUL
EVT-2026-02555,CMP-2026-03117,ATM-CE-005,2026-03-11 19:14:47,18.6,22494.09,SUCCESSFUL
EVT-2026-02556,CMP-2026-03118,ATM-CE-004,2026-04-14 22:01:31,37.1,10000.0,SUCCESSFUL
EVT-2026-02557,CMP-2026-03119,ATM-WE-047,2026-04-23 17:39:16,26.1,10000.0,SUCCESSFUL
EVT-2026-02558,CMP-2026-03120,ATM-WE-049,2026-06-26 14:07:17,18.9,50000.0,SUCCESSFUL
EVT-2026-02559,CMP-2026-03121,ATM-CE-003,2026-07-18 18:01:29,112.0,5783.46,SUCCESSFUL
EVT-2026-02560,CMP-2026-03122,ATM-SO-029,2026-07-15 13:45:05,38.1,33049.55,SUCCESSFUL
EVT-2026-02561,CMP-2026-03123,ATM-NO-013,2026-04-05 16:48:57,70.5,20000.0,SUCCESSFUL
EVT-2026-02562,CMP-2026-03124,ATM-CE-006,2026-03-04 10:55:28,51.6,50000.0,SUCCESSFUL
EVT-2026-02563,CMP-2026-03125,ATM-NO-017,2026-05-06 16:41:14,20.4,10000.0,SUCCESSFUL
EVT-2026-02564,CMP-2026-03126,ATM-SO-023,2026-06-22 21:25:49,44.5,40000.0,SUCCESSFUL
EVT-2026-02565,CMP-2026-03127,ATM-WE-047,2026-06-19 17:06:55,18.9,31364.02,SUCCESSFUL
EVT-2026-02566,CMP-2026-03129,ATM-NO-017,2026-03-11 17:05:41,79.9,10000.0,SUCCESSFUL
EVT-2026-02567,CMP-2026-03130,ATM-CE-004,2026-03-26 10:47:25,40.9,20000.0,SUCCESSFUL
EVT-2026-02568,CMP-2026-03131,ATM-NO-017,2026-03-17 18:13:21,50.0,36478.18,SUCCESSFUL
EVT-2026-02569,CMP-2026-03132,ATM-EA-038,2026-03-13 18:29:59,64.4,13974.45,SUCCESSFUL
EVT-2026-02570,CMP-2026-03133,ATM-EA-040,2026-06-24 12:22:29,56.8,10000.0,SUCCESSFUL
EVT-2026-02571,CMP-2026-03134,ATM-SO-023,2026-07-25 14:52:39,24.5,40000.0,SUCCESSFUL
EVT-2026-02572,CMP-2026-03135,ATM-CE-009,2026-04-10 16:56:23,52.7,10000.0,SUCCESSFUL
EVT-2026-02573,CMP-2026-03136,ATM-EA-031,2026-03-10 21:47:30,53.8,10000.0,INTERCEPTED
EVT-2026-02574,CMP-2026-03137,ATM-EA-031,2026-07-15 09:19:47,129.9,11738.03,SUCCESSFUL
EVT-2026-02575,CMP-2026-03138,ATM-CE-006,2026-07-15 16:16:44,34.3,38118.69,SUCCESSFUL
EVT-2026-02576,CMP-2026-03139,ATM-NO-012,2026-05-28 21:30:30,47.8,10000.0,SUCCESSFUL
EVT-2026-02577,CMP-2026-03140,ATM-EA-038,2026-03-08 13:52:54,75.9,50000.0,SUCCESSFUL
EVT-2026-02578,CMP-2026-03141,ATM-WE-049,2026-03-02 19:54:55,70.8,40000.0,SUCCESSFUL
EVT-2026-02579,CMP-2026-03142,ATM-WE-048,2026-07-28 13:46:15,81.0,9009.28,SUCCESSFUL
EVT-2026-02580,CMP-2026-03143,ATM-SO-027,2026-07-12 17:17:10,58.9,50000.0,SUCCESSFUL
EVT-2026-02581,CMP-2026-03144,ATM-WE-041,2026-03-29 12:37:37,24.8,40000.0,SUCCESSFUL
EVT-2026-02582,CMP-2026-03145,ATM-NO-017,2026-04-05 13:01:55,64.7,40000.0,SUCCESSFUL
EVT-2026-02583,CMP-2026-03147,ATM-EA-037,2026-06-29 14:12:50,23.4,10000.0,SUCCESSFUL
EVT-2026-02584,CMP-2026-03148,ATM-WE-042,2026-03-08 14:04:21,73.3,20000.0,SUCCESSFUL
EVT-2026-02585,CMP-2026-03149,ATM-NO-018,2026-04-06 17:04:27,27.7,20000.0,SUCCESSFUL
EVT-2026-02586,CMP-2026-03150,ATM-NO-020,2026-08-07 14:24:12,31.9,10000.0,SUCCESSFUL
EVT-2026-02587,CMP-2026-03152,ATM-NO-015,2026-07-30 12:05:50,52.3,10000.0,INTERCEPTED
EVT-2026-02588,CMP-2026-03153,ATM-WE-043,2026-04-02 16:06:28,225.3,25149.37,SUCCESSFUL
EVT-2026-02589,CMP-2026-03154,ATM-WE-047,2026-05-22 16:10:50,45.2,50000.0,SUCCESSFUL
EVT-2026-02590,CMP-2026-03155,ATM-SO-027,2026-05-26 13:04:44,26.4,20000.0,SUCCESSFUL
EVT-2026-02591,CMP-2026-03156,ATM-EA-032,2026-03-14 12:47:30,40.6,10000.0,SUCCESSFUL
EVT-2026-02592,CMP-2026-03158,ATM-EA-038,2026-08-15 14:45:13,25.8,20000.0,SUCCESSFUL
EVT-2026-02593,CMP-2026-03159,ATM-WE-045,2026-03-18 10:47:31,24.3,12532.98,SUCCESSFUL
EVT-2026-02594,CMP-2026-03160,ATM-CE-008,2026-07-12 18:33:22,70.3,10000.0,SUCCESSFUL
EVT-2026-02595,CMP-2026-03161,ATM-EA-031,2026-03-07 11:00:08,52.8,50000.0,SUCCESSFUL
EVT-2026-02596,CMP-2026-03165,ATM-EA-038,2026-04-01 19:31:53,24.8,42911.77,SUCCESSFUL
EVT-2026-02597,CMP-2026-03166,ATM-CE-006,2026-08-04 05:05:49,28.1,40000.0,SUCCESSFUL
EVT-2026-02598,CMP-2026-03167,ATM-CE-008,2026-03-05 10:21:55,45.4,20000.0,SUCCESSFUL
EVT-2026-02599,CMP-2026-03168,ATM-NO-020,2026-04-08 17:53:32,27.8,10000.0,SUCCESSFUL
EVT-2026-02600,CMP-2026-03169,ATM-EA-032,2026-05-29 21:34:34,41.1,10000.0,SUCCESSFUL
EVT-2026-02601,CMP-2026-03170,ATM-EA-031,2026-06-12 21:32:16,29.6,40000.0,SUCCESSFUL
EVT-2026-02602,CMP-2026-03171,ATM-WE-042,2026-07-06 10:26:00,39.5,9329.47,SUCCESSFUL
EVT-2026-02603,CMP-2026-03172,ATM-EA-038,2026-03-05 14:31:42,73.8,11094.17,SUCCESSFUL
EVT-2026-02604,CMP-2026-03176,ATM-CE-009,2026-03-09 18:57:22,34.3,37377.47,SUCCESSFUL
EVT-2026-02605,CMP-2026-03177,ATM-EA-038,2026-07-26 14:35:50,61.7,40000.0,SUCCESSFUL
EVT-2026-02606,CMP-2026-03178,ATM-WE-049,2026-06-06 23:57:58,37.2,21244.59,SUCCESSFUL
EVT-2026-02607,CMP-2026-03179,ATM-WE-048,2026-04-01 21:00:37,35.2,40000.0,SUCCESSFUL
EVT-2026-02608,CMP-2026-03180,ATM-EA-034,2026-07-17 23:34:44,24.9,16437.69,SUCCESSFUL
EVT-2026-02609,CMP-2026-03182,ATM-SO-028,2026-03-16 14:19:18,122.4,40000.0,SUCCESSFUL
EVT-2026-02610,CMP-2026-03183,ATM-WE-048,2026-05-21 13:17:27,42.5,10000.0,SUCCESSFUL
EVT-2026-02611,CMP-2026-03185,ATM-NO-015,2026-03-28 00:26:17,64.7,20000.0,SUCCESSFUL
EVT-2026-02612,CMP-2026-03187,ATM-SO-027,2026-07-21 14:41:56,49.2,50000.0,SUCCESSFUL
EVT-2026-02613,CMP-2026-03188,ATM-NO-016,2026-08-06 18:03:10,30.6,10000.0,SUCCESSFUL
EVT-2026-02614,CMP-2026-03189,ATM-WE-049,2026-06-12 18:39:05,22.1,20000.0,SUCCESSFUL
EVT-2026-02615,CMP-2026-03190,ATM-SO-024,2026-07-12 14:44:38,120.9,45457.85,INTERCEPTED
EVT-2026-02616,CMP-2026-03191,ATM-SO-028,2026-07-10 15:24:56,93.6,33870.72,SUCCESSFUL
EVT-2026-02617,CMP-2026-03192,ATM-SO-027,2026-07-26 10:43:52,29.3,50000.0,SUCCESSFUL
EVT-2026-02618,CMP-2026-03193,ATM-SO-022,2026-07-03 00:09:05,62.9,50000.0,INTERCEPTED
EVT-2026-02619,CMP-2026-03194,ATM-WE-042,2026-07-03 22:02:35,74.4,10000.0,SUCCESSFUL
EVT-2026-02620,CMP-2026-03195,ATM-EA-037,2026-08-12 22:17:13,32.9,42918.63,SUCCESSFUL
EVT-2026-02621,CMP-2026-03196,ATM-WE-049,2026-04-24 18:01:16,107.7,20000.0,INTERCEPTED
EVT-2026-02622,CMP-2026-03197,ATM-SO-025,2026-03-06 14:39:14,92.0,10000.0,INTERCEPTED
EVT-2026-02623,CMP-2026-03199,ATM-NO-011,2026-06-28 13:39:00,98.3,22679.77,SUCCESSFUL
EVT-2026-02624,CMP-2026-03200,ATM-SO-027,2026-04-07 15:54:31,26.9,36313.8,SUCCESSFUL
EVT-2026-02625,CMP-2026-03201,ATM-SO-022,2026-06-23 07:50:57,133.9,10000.0,SUCCESSFUL
EVT-2026-02626,CMP-2026-03202,ATM-EA-033,2026-05-03 11:47:54,31.2,20839.76,SUCCESSFUL
EVT-2026-02627,CMP-2026-03203,ATM-CE-005,2026-07-14 14:30:46,41.7,16737.21,SUCCESSFUL
EVT-2026-02628,CMP-2026-03206,ATM-NO-014,2026-05-25 16:17:58,43.9,10000.0,SUCCESSFUL
EVT-2026-02629,CMP-2026-03207,ATM-NO-019,2026-05-21 16:11:46,84.4,50000.0,INTERCEPTED
EVT-2026-02630,CMP-2026-03209,ATM-CE-009,2026-04-09 00:46:30,140.4,20000.0,SUCCESSFUL
EVT-2026-02631,CMP-2026-03210,ATM-CE-008,2026-06-30 10:26:19,84.3,10000.0,SUCCESSFUL
EVT-2026-02632,CMP-2026-03211,ATM-CE-001,2026-05-23 16:15:03,90.5,10000.0,SUCCESSFUL
EVT-2026-02633,CMP-2026-03212,ATM-WE-048,2026-03-22 16:14:40,41.2,42038.65,SUCCESSFUL
EVT-2026-02634,CMP-2026-03213,ATM-NO-020,2026-04-22 16:32:47,22.8,40000.0,SUCCESSFUL
EVT-2026-02635,CMP-2026-03215,ATM-SO-029,2026-03-14 08:04:22,33.9,19003.22,SUCCESSFUL
EVT-2026-02636,CMP-2026-03217,ATM-WE-048,2026-07-18 21:05:45,63.4,11348.52,SUCCESSFUL
EVT-2026-02637,CMP-2026-03218,ATM-SO-024,2026-08-03 18:10:22,32.5,50000.0,SUCCESSFUL
EVT-2026-02638,CMP-2026-03219,ATM-CE-008,2026-07-24 12:24:45,86.6,20000.0,INTERCEPTED
EVT-2026-02639,CMP-2026-03220,ATM-WE-048,2026-08-24 18:32:34,54.0,9714.79,SUCCESSFUL
EVT-2026-02640,CMP-2026-03221,ATM-WE-043,2026-07-04 13:36:21,34.6,23561.8,SUCCESSFUL
EVT-2026-02641,CMP-2026-03222,ATM-SO-029,2026-06-23 11:05:22,58.9,18790.58,SUCCESSFUL
EVT-2026-02642,CMP-2026-03223,ATM-CE-009,2026-05-18 18:15:33,31.1,10000.0,SUCCESSFUL
EVT-2026-02643,CMP-2026-03224,ATM-WE-047,2026-04-17 21:16:09,33.8,20000.0,SUCCESSFUL
EVT-2026-02644,CMP-2026-03225,ATM-WE-045,2026-08-11 15:19:36,23.5,20000.0,SUCCESSFUL
EVT-2026-02645,CMP-2026-03226,ATM-SO-029,2026-03-16 18:08:11,56.5,40000.0,SUCCESSFUL
EVT-2026-02646,CMP-2026-03227,ATM-WE-048,2026-05-26 11:45:17,54.6,28926.57,SUCCESSFUL
EVT-2026-02647,CMP-2026-03228,ATM-SO-022,2026-03-21 17:12:20,70.1,39237.36,SUCCESSFUL
EVT-2026-02648,CMP-2026-03229,ATM-NO-014,2026-03-24 12:05:32,81.1,7458.22,SUCCESSFUL
EVT-2026-02649,CMP-2026-03230,ATM-SO-023,2026-03-03 17:11:38,97.9,10000.0,SUCCESSFUL
EVT-2026-02650,CMP-2026-03231,ATM-CE-008,2026-07-25 14:48:24,87.4,12154.7,SUCCESSFUL
EVT-2026-02651,CMP-2026-03232,ATM-CE-001,2026-04-03 12:13:06,162.6,10000.0,INTERCEPTED
EVT-2026-02652,CMP-2026-03235,ATM-EA-038,2026-03-27 21:59:03,131.0,10000.0,SUCCESSFUL
EVT-2026-02653,CMP-2026-03236,ATM-NO-020,2026-06-10 19:57:27,41.8,34601.94,SUCCESSFUL
EVT-2026-02654,CMP-2026-03237,ATM-NO-019,2026-08-16 15:38:20,46.1,50000.0,INTERCEPTED
EVT-2026-02655,CMP-2026-03238,ATM-CE-009,2026-04-27 21:56:26,31.4,40000.0,SUCCESSFUL
EVT-2026-02656,CMP-2026-03240,ATM-SO-021,2026-07-13 17:49:18,40.8,50000.0,SUCCESSFUL
EVT-2026-02657,CMP-2026-03241,ATM-WE-049,2026-06-25 16:45:00,56.3,40000.0,SUCCESSFUL
EVT-2026-02658,CMP-2026-03242,ATM-SO-022,2026-05-29 18:35:01,90.6,50000.0,INTERCEPTED
EVT-2026-02659,CMP-2026-03243,ATM-SO-028,2026-03-16 17:47:04,49.3,10000.0,SUCCESSFUL
EVT-2026-02660,CMP-2026-03244,ATM-SO-024,2026-05-06 12:58:47,33.5,40000.0,SUCCESSFUL
EVT-2026-02661,CMP-2026-03245,ATM-CE-002,2026-04-24 20:02:39,28.0,39942.1,SUCCESSFUL
EVT-2026-02662,CMP-2026-03246,ATM-CE-001,2026-08-01 20:21:05,170.6,20000.0,SUCCESSFUL
EVT-2026-02663,CMP-2026-03247,ATM-NO-015,2026-03-17 13:25:20,54.0,7732.78,SUCCESSFUL
EVT-2026-02664,CMP-2026-03248,ATM-EA-040,2026-04-15 11:43:34,85.6,8524.53,SUCCESSFUL
EVT-2026-02665,CMP-2026-03250,ATM-CE-007,2026-04-28 11:39:19,83.7,40000.0,INTERCEPTED
EVT-2026-02666,CMP-2026-03251,ATM-WE-048,2026-04-30 17:38:41,55.3,50000.0,SUCCESSFUL
EVT-2026-02667,CMP-2026-03252,ATM-NO-011,2026-06-29 13:33:39,140.8,20000.0,SUCCESSFUL
EVT-2026-02668,CMP-2026-03253,ATM-CE-008,2026-07-02 05:09:12,56.5,38082.14,INTERCEPTED
EVT-2026-02669,CMP-2026-03254,ATM-NO-013,2026-05-23 16:07:29,34.3,40000.0,SUCCESSFUL
EVT-2026-02670,CMP-2026-03255,ATM-CE-003,2026-06-24 01:32:52,139.2,12016.96,INTERCEPTED
EVT-2026-02671,CMP-2026-03256,ATM-SO-027,2026-06-25 14:49:59,18.6,40934.21,SUCCESSFUL
EVT-2026-02672,CMP-2026-03257,ATM-WE-049,2026-07-08 19:30:09,30.6,23210.6,SUCCESSFUL
EVT-2026-02673,CMP-2026-03258,ATM-SO-027,2026-03-27 14:08:14,30.2,50000.0,SUCCESSFUL
EVT-2026-02674,CMP-2026-03259,ATM-WE-044,2026-07-25 18:26:10,61.2,40000.0,SUCCESSFUL
EVT-2026-02675,CMP-2026-03261,ATM-WE-042,2026-06-14 09:55:38,38.1,15601.58,SUCCESSFUL
EVT-2026-02676,CMP-2026-03263,ATM-CE-005,2026-06-16 20:20:10,49.7,10000.0,INTERCEPTED
EVT-2026-02677,CMP-2026-03265,ATM-WE-049,2026-03-08 22:24:41,80.4,20327.5,SUCCESSFUL
EVT-2026-02678,CMP-2026-03266,ATM-NO-012,2026-03-23 13:47:32,40.6,50000.0,SUCCESSFUL
EVT-2026-02679,CMP-2026-03267,ATM-WE-043,2026-04-06 19:25:28,27.8,10000.0,SUCCESSFUL
EVT-2026-02680,CMP-2026-03268,ATM-CE-005,2026-03-21 18:13:28,33.7,50000.0,SUCCESSFUL
EVT-2026-02681,CMP-2026-03269,ATM-EA-034,2026-04-13 21:05:31,50.9,40000.0,SUCCESSFUL
EVT-2026-02682,CMP-2026-03270,ATM-EA-034,2026-08-15 18:47:48,24.9,10000.0,SUCCESSFUL
EVT-2026-02683,CMP-2026-03271,ATM-SO-027,2026-06-08 14:44:34,23.8,5000.19,SUCCESSFUL
EVT-2026-02684,CMP-2026-03274,ATM-CE-007,2026-04-18 10:56:43,25.6,50000.0,SUCCESSFUL
EVT-2026-02685,CMP-2026-03275,ATM-CE-001,2026-04-09 13:50:01,20.4,20000.0,SUCCESSFUL
EVT-2026-02686,CMP-2026-03276,ATM-EA-040,2026-08-13 20:01:32,44.4,32738.53,SUCCESSFUL
EVT-2026-02687,CMP-2026-03279,ATM-NO-014,2026-05-13 02:59:36,91.1,50000.0,SUCCESSFUL
EVT-2026-02688,CMP-2026-03280,ATM-SO-028,2026-07-14 16:58:40,57.1,9832.13,SUCCESSFUL
EVT-2026-02689,CMP-2026-03281,ATM-NO-014,2026-08-06 12:06:41,35.2,24539.13,SUCCESSFUL
EVT-2026-02690,CMP-2026-03282,ATM-SO-028,2026-04-27 15:05:22,33.8,27449.48,SUCCESSFUL
EVT-2026-02691,CMP-2026-03283,ATM-NO-018,2026-06-18 22:58:29,35.3,40475.21,SUCCESSFUL
EVT-2026-02692,CMP-2026-03284,ATM-NO-011,2026-03-31 16:09:54,164.7,40000.0,SUCCESSFUL
EVT-2026-02693,CMP-2026-03285,ATM-CE-008,2026-04-14 09:40:17,21.3,50000.0,SUCCESSFUL
EVT-2026-02694,CMP-2026-03286,ATM-WE-047,2026-08-20 18:13:13,29.2,10000.0,SUCCESSFUL
EVT-2026-02695,CMP-2026-03287,ATM-SO-026,2026-05-21 16:38:18,47.3,13785.82,SUCCESSFUL
EVT-2026-02696,CMP-2026-03288,ATM-WE-041,2026-03-04 18:19:13,51.5,21474.03,INTERCEPTED
EVT-2026-02697,CMP-2026-03289,ATM-EA-034,2026-04-15 18:47:01,92.7,21752.24,SUCCESSFUL
EVT-2026-02698,CMP-2026-03290,ATM-EA-035,2026-03-31 18:55:50,61.2,20000.0,SUCCESSFUL
EVT-2026-02699,CMP-2026-03291,ATM-SO-025,2026-07-31 18:26:08,61.8,20000.0,INTERCEPTED
EVT-2026-02700,CMP-2026-03292,ATM-CE-006,2026-08-12 09:46:09,40.5,10000.0,SUCCESSFUL
EVT-2026-02701,CMP-2026-03293,ATM-EA-036,2026-04-15 08:00:57,27.0,20000.0,SUCCESSFUL
EVT-2026-02702,CMP-2026-03294,ATM-SO-030,2026-04-22 06:20:56,86.5,20000.0,SUCCESSFUL
EVT-2026-02703,CMP-2026-03295,ATM-CE-006,2026-04-11 14:57:48,38.6,20000.0,SUCCESSFUL
EVT-2026-02704,CMP-2026-03296,ATM-WE-048,2026-08-04 19:01:02,22.0,20000.0,SUCCESSFUL
EVT-2026-02705,CMP-2026-03298,ATM-EA-036,2026-04-12 20:35:20,44.1,10000.0,SUCCESSFUL
EVT-2026-02706,CMP-2026-03299,ATM-CE-005,2026-03-13 19:48:24,42.1,20000.0,SUCCESSFUL
EVT-2026-02707,CMP-2026-03300,ATM-NO-019,2026-06-05 18:13:39,84.2,40000.0,SUCCESSFUL
EVT-2026-02708,CMP-2026-03301,ATM-SO-024,2026-03-28 12:43:22,44.2,10000.0,SUCCESSFUL
EVT-2026-02709,CMP-2026-03302,ATM-EA-035,2026-04-28 11:02:13,51.4,10000.0,SUCCESSFUL
EVT-2026-02710,CMP-2026-03303,ATM-WE-050,2026-05-30 21:39:32,222.5,20000.0,INTERCEPTED
EVT-2026-02711,CMP-2026-03305,ATM-SO-027,2026-07-29 15:40:10,63.3,7734.04,SUCCESSFUL
EVT-2026-02712,CMP-2026-03306,ATM-EA-032,2026-05-21 10:08:22,83.3,11186.94,SUCCESSFUL
EVT-2026-02713,CMP-2026-03307,ATM-WE-048,2026-06-24 16:49:48,61.8,50000.0,SUCCESSFUL
EVT-2026-02714,CMP-2026-03308,ATM-WE-047,2026-03-25 16:23:22,64.9,50000.0,SUCCESSFUL
EVT-2026-02715,CMP-2026-03309,ATM-EA-036,2026-06-30 15:47:53,22.3,50000.0,SUCCESSFUL
EVT-2026-02716,CMP-2026-03311,ATM-SO-029,2026-05-04 00:14:34,36.0,9614.16,SUCCESSFUL
EVT-2026-02717,CMP-2026-03312,ATM-NO-014,2026-07-14 07:03:07,89.1,45827.48,INTERCEPTED
EVT-2026-02718,CMP-2026-03315,ATM-EA-036,2026-05-08 19:11:35,52.2,50000.0,SUCCESSFUL
EVT-2026-02719,CMP-2026-03316,ATM-SO-023,2026-04-05 18:06:16,65.1,20000.0,SUCCESSFUL
EVT-2026-02720,CMP-2026-03317,ATM-CE-003,2026-06-15 19:47:49,119.0,40000.0,SUCCESSFUL
EVT-2026-02721,CMP-2026-03319,ATM-WE-041,2026-04-15 13:53:01,27.5,16189.28,SUCCESSFUL
EVT-2026-02722,CMP-2026-03320,ATM-NO-016,2026-08-06 12:17:14,48.1,10000.0,SUCCESSFUL
EVT-2026-02723,CMP-2026-03321,ATM-WE-050,2026-04-14 10:40:09,30.2,10000.0,SUCCESSFUL
EVT-2026-02724,CMP-2026-03322,ATM-NO-013,2026-04-23 14:46:00,42.6,38885.46,SUCCESSFUL
EVT-2026-02725,CMP-2026-03323,ATM-SO-023,2026-08-07 21:18:50,23.4,40000.0,SUCCESSFUL
EVT-2026-02726,CMP-2026-03324,ATM-SO-023,2026-05-03 19:17:37,45.0,50000.0,SUCCESSFUL
EVT-2026-02727,CMP-2026-03325,ATM-SO-027,2026-03-13 12:54:04,32.9,20000.0,SUCCESSFUL
EVT-2026-02728,CMP-2026-03326,ATM-SO-023,2026-03-02 15:42:24,96.3,37200.53,INTERCEPTED
EVT-2026-02729,CMP-2026-03327,ATM-CE-001,2026-05-31 22:11:31,91.0,50000.0,SUCCESSFUL
EVT-2026-02730,CMP-2026-03328,ATM-NO-020,2026-07-23 00:02:09,32.8,40000.0,SUCCESSFUL
EVT-2026-02731,CMP-2026-03329,ATM-CE-009,2026-05-07 00:21:20,29.8,47460.01,SUCCESSFUL
EVT-2026-02732,CMP-2026-03330,ATM-SO-029,2026-07-16 00:21:05,113.3,10000.0,SUCCESSFUL
EVT-2026-02733,CMP-2026-03331,ATM-SO-025,2026-03-28 11:27:28,35.1,50000.0,SUCCESSFUL
EVT-2026-02734,CMP-2026-03332,ATM-SO-023,2026-07-10 08:25:21,45.1,20000.0,SUCCESSFUL
EVT-2026-02735,CMP-2026-03333,ATM-NO-019,2026-03-17 20:11:18,107.0,10000.0,INTERCEPTED
EVT-2026-02736,CMP-2026-03334,ATM-NO-015,2026-03-03 17:29:16,21.1,19225.95,SUCCESSFUL
EVT-2026-02737,CMP-2026-03335,ATM-WE-043,2026-05-15 14:38:20,45.4,37438.17,SUCCESSFUL
EVT-2026-02738,CMP-2026-03337,ATM-WE-048,2026-03-30 15:25:43,83.5,10000.0,INTERCEPTED
EVT-2026-02739,CMP-2026-03338,ATM-SO-027,2026-08-12 17:24:14,73.3,6515.54,INTERCEPTED
EVT-2026-02740,CMP-2026-03339,ATM-CE-005,2026-05-22 13:15:04,77.7,15792.28,SUCCESSFUL
EVT-2026-02741,CMP-2026-03340,ATM-EA-037,2026-08-01 16:05:47,49.2,40000.0,SUCCESSFUL
EVT-2026-02742,CMP-2026-03341,ATM-EA-037,2026-06-22 08:44:17,23.7,40000.0,SUCCESSFUL
EVT-2026-02743,CMP-2026-03342,ATM-CE-005,2026-07-24 16:16:46,26.8,10000.0,SUCCESSFUL
EVT-2026-02744,CMP-2026-03344,ATM-NO-013,2026-04-24 19:07:43,21.3,40000.0,SUCCESSFUL
EVT-2026-02745,CMP-2026-03346,ATM-NO-018,2026-06-08 21:04:40,69.8,20000.0,SUCCESSFUL
EVT-2026-02746,CMP-2026-03347,ATM-WE-044,2026-05-23 21:12:17,62.3,40000.0,SUCCESSFUL
EVT-2026-02747,CMP-2026-03348,ATM-EA-031,2026-05-14 15:58:45,33.3,40000.0,SUCCESSFUL
EVT-2026-02748,CMP-2026-03349,ATM-EA-032,2026-03-15 22:36:46,86.1,10000.0,SUCCESSFUL
EVT-2026-02749,CMP-2026-03350,ATM-SO-026,2026-08-14 14:20:09,16.7,50000.0,SUCCESSFUL
EVT-2026-02750,CMP-2026-03351,ATM-NO-016,2026-03-28 22:00:44,30.7,7318.08,SUCCESSFUL
EVT-2026-02751,CMP-2026-03353,ATM-EA-037,2026-05-28 15:14:04,48.5,42622.46,SUCCESSFUL
EVT-2026-02752,CMP-2026-03354,ATM-CE-005,2026-07-31 16:56:53,38.6,20000.0,SUCCESSFUL
EVT-2026-02753,CMP-2026-03355,ATM-EA-038,2026-04-30 22:40:53,62.6,10000.0,SUCCESSFUL
EVT-2026-02754,CMP-2026-03356,ATM-NO-020,2026-03-19 17:38:09,32.3,20000.0,SUCCESSFUL
EVT-2026-02755,CMP-2026-03357,ATM-EA-034,2026-06-06 11:53:07,21.2,12504.88,SUCCESSFUL
EVT-2026-02756,CMP-2026-03358,ATM-EA-036,2026-08-26 20:00:11,59.7,20000.0,SUCCESSFUL
EVT-2026-02757,CMP-2026-03360,ATM-CE-009,2026-07-04 15:21:01,38.4,20000.0,SUCCESSFUL
EVT-2026-02758,CMP-2026-03361,ATM-SO-026,2026-08-08 21:05:15,44.2,10000.0,SUCCESSFUL
EVT-2026-02759,CMP-2026-03362,ATM-WE-045,2026-06-19 03:40:04,107.1,20000.0,SUCCESSFUL
EVT-2026-02760,CMP-2026-03363,ATM-CE-001,2026-07-27 16:10:54,39.8,40000.0,SUCCESSFUL
EVT-2026-02761,CMP-2026-03365,ATM-EA-035,2026-04-21 21:37:21,92.9,39765.22,INTERCEPTED
EVT-2026-02762,CMP-2026-03366,ATM-WE-042,2026-07-18 19:36:45,124.7,5700.85,SUCCESSFUL
EVT-2026-02763,CMP-2026-03368,ATM-CE-008,2026-06-28 20:48:40,64.2,25102.75,SUCCESSFUL
EVT-2026-02764,CMP-2026-03369,ATM-EA-035,2026-08-19 13:42:36,23.3,10003.65,SUCCESSFUL
EVT-2026-02765,CMP-2026-03370,ATM-WE-048,2026-05-15 16:48:20,49.1,24996.7,SUCCESSFUL
EVT-2026-02766,CMP-2026-03371,ATM-SO-029,2026-06-28 14:32:54,19.7,20000.0,SUCCESSFUL
EVT-2026-02767,CMP-2026-03373,ATM-CE-006,2026-03-27 20:58:05,30.0,10000.0,SUCCESSFUL
EVT-2026-02768,CMP-2026-03374,ATM-SO-023,2026-04-20 10:20:11,118.5,20000.0,SUCCESSFUL
EVT-2026-02769,CMP-2026-03375,ATM-CE-005,2026-05-18 13:37:49,149.8,40000.0,SUCCESSFUL
EVT-2026-02770,CMP-2026-03376,ATM-WE-043,2026-04-07 11:07:43,37.0,7060.09,SUCCESSFUL
EVT-2026-02771,CMP-2026-03377,ATM-NO-019,2026-05-10 20:01:16,39.2,40000.0,SUCCESSFUL
EVT-2026-02772,CMP-2026-03378,ATM-WE-050,2026-05-10 14:38:03,45.5,50000.0,SUCCESSFUL
EVT-2026-02773,CMP-2026-03379,ATM-EA-037,2026-07-20 17:59:29,64.2,40000.0,SUCCESSFUL
EVT-2026-02774,CMP-2026-03380,ATM-SO-023,2026-07-13 17:33:56,48.5,20000.0,SUCCESSFUL
EVT-2026-02775,CMP-2026-03383,ATM-CE-006,2026-03-27 16:16:34,20.4,38227.8,SUCCESSFUL
EVT-2026-02776,CMP-2026-03384,ATM-NO-016,2026-08-20 23:38:28,100.3,50000.0,INTERCEPTED
EVT-2026-02777,CMP-2026-03385,ATM-CE-005,2026-03-02 19:34:43,131.0,40000.0,SUCCESSFUL
EVT-2026-02778,CMP-2026-03387,ATM-EA-034,2026-04-06 22:02:51,53.5,28457.11,SUCCESSFUL
EVT-2026-02779,CMP-2026-03389,ATM-WE-041,2026-06-19 16:15:07,35.9,10000.0,SUCCESSFUL
EVT-2026-02780,CMP-2026-03390,ATM-CE-007,2026-05-21 09:02:55,76.3,41913.93,INTERCEPTED
EVT-2026-02781,CMP-2026-03391,ATM-WE-048,2026-04-29 22:56:24,29.8,6011.29,SUCCESSFUL
EVT-2026-02782,CMP-2026-03393,ATM-EA-040,2026-08-12 19:12:07,33.5,29354.59,SUCCESSFUL
EVT-2026-02783,CMP-2026-03394,ATM-CE-003,2026-07-29 04:49:27,35.0,10000.0,SUCCESSFUL
EVT-2026-02784,CMP-2026-03395,ATM-SO-021,2026-07-26 08:26:30,223.6,47649.5,SUCCESSFUL
EVT-2026-02785,CMP-2026-03397,ATM-EA-031,2026-05-20 12:00:57,36.0,10000.0,SUCCESSFUL
EVT-2026-02786,CMP-2026-03398,ATM-NO-013,2026-07-23 15:27:59,70.4,50000.0,SUCCESSFUL
EVT-2026-02787,CMP-2026-03399,ATM-SO-027,2026-03-03 10:47:02,51.3,20155.0,SUCCESSFUL
EVT-2026-02788,CMP-2026-03400,ATM-WE-042,2026-07-18 00:16:23,34.3,11353.82,SUCCESSFUL
EVT-2026-02789,CMP-2026-03401,ATM-EA-036,2026-06-05 06:04:17,29.0,12200.97,SUCCESSFUL
EVT-2026-02790,CMP-2026-03402,ATM-CE-001,2026-08-14 22:46:06,21.5,15507.45,SUCCESSFUL
EVT-2026-02791,CMP-2026-03403,ATM-SO-026,2026-06-07 10:33:34,21.6,5858.63,SUCCESSFUL
EVT-2026-02792,CMP-2026-03404,ATM-SO-026,2026-04-29 19:03:37,48.1,20000.0,SUCCESSFUL
EVT-2026-02793,CMP-2026-03405,ATM-NO-020,2026-07-10 16:40:24,29.7,40000.0,SUCCESSFUL
EVT-2026-02794,CMP-2026-03406,ATM-CE-006,2026-05-14 17:05:29,68.0,20000.0,SUCCESSFUL
EVT-2026-02795,CMP-2026-03408,ATM-NO-011,2026-07-03 15:41:36,61.5,17694.92,SUCCESSFUL
EVT-2026-02796,CMP-2026-03409,ATM-NO-020,2026-08-01 10:59:03,58.8,40000.0,SUCCESSFUL
EVT-2026-02797,CMP-2026-03410,ATM-SO-027,2026-08-21 10:06:05,58.3,10000.0,SUCCESSFUL
EVT-2026-02798,CMP-2026-03411,ATM-CE-003,2026-05-30 14:58:02,124.2,10000.0,SUCCESSFUL
EVT-2026-02799,CMP-2026-03412,ATM-NO-020,2026-06-19 17:38:51,48.8,8559.5,SUCCESSFUL
EVT-2026-02800,CMP-2026-03413,ATM-SO-023,2026-05-03 17:49:00,84.2,40000.0,SUCCESSFUL
EVT-2026-02801,CMP-2026-03415,ATM-SO-022,2026-07-16 06:35:08,31.0,20000.0,SUCCESSFUL
EVT-2026-02802,CMP-2026-03416,ATM-SO-022,2026-06-02 13:47:52,63.3,40000.0,SUCCESSFUL
EVT-2026-02803,CMP-2026-03417,ATM-EA-037,2026-03-06 21:31:54,37.5,50000.0,SUCCESSFUL
EVT-2026-02804,CMP-2026-03418,ATM-NO-020,2026-03-19 04:06:48,94.0,20000.0,INTERCEPTED
EVT-2026-02805,CMP-2026-03419,ATM-CE-008,2026-06-20 05:52:37,21.8,10000.0,SUCCESSFUL
EVT-2026-02806,CMP-2026-03421,ATM-CE-009,2026-08-16 18:17:17,27.8,10633.22,SUCCESSFUL
EVT-2026-02807,CMP-2026-03422,ATM-WE-048,2026-05-09 22:46:39,65.3,10000.0,SUCCESSFUL
EVT-2026-02808,CMP-2026-03423,ATM-CE-003,2026-03-07 23:35:59,24.0,10000.0,SUCCESSFUL
EVT-2026-02809,CMP-2026-03424,ATM-WE-043,2026-08-25 19:42:51,43.5,21707.45,SUCCESSFUL
EVT-2026-02810,CMP-2026-03426,ATM-WE-043,2026-03-16 09:30:17,37.2,10000.0,SUCCESSFUL
EVT-2026-02811,CMP-2026-03427,ATM-EA-036,2026-06-15 09:39:15,68.7,40000.0,SUCCESSFUL
EVT-2026-02812,CMP-2026-03428,ATM-CE-001,2026-03-22 12:34:27,43.4,37444.0,SUCCESSFUL
EVT-2026-02813,CMP-2026-03429,ATM-CE-008,2026-04-14 13:54:32,19.7,10000.0,SUCCESSFUL
EVT-2026-02814,CMP-2026-03430,ATM-NO-019,2026-08-02 18:03:16,180.0,7370.53,SUCCESSFUL
EVT-2026-02815,CMP-2026-03431,ATM-WE-048,2026-07-25 20:39:45,30.5,50000.0,SUCCESSFUL
EVT-2026-02816,CMP-2026-03432,ATM-NO-019,2026-08-24 16:50:42,17.3,40000.0,SUCCESSFUL
EVT-2026-02817,CMP-2026-03433,ATM-NO-016,2026-07-11 15:14:41,48.7,40000.0,SUCCESSFUL
EVT-2026-02818,CMP-2026-03436,ATM-WE-048,2026-05-05 14:42:29,36.2,40000.0,SUCCESSFUL
EVT-2026-02819,CMP-2026-03437,ATM-EA-037,2026-08-07 12:12:30,60.9,10000.0,INTERCEPTED
EVT-2026-02820,CMP-2026-03438,ATM-SO-021,2026-04-19 17:27:11,33.4,10000.0,SUCCESSFUL
EVT-2026-02821,CMP-2026-03439,ATM-NO-016,2026-07-25 20:40:10,184.2,40000.0,SUCCESSFUL
EVT-2026-02822,CMP-2026-03440,ATM-WE-048,2026-06-27 11:31:23,24.4,10000.0,SUCCESSFUL
EVT-2026-02823,CMP-2026-03441,ATM-NO-019,2026-04-26 09:43:07,46.7,40000.0,SUCCESSFUL
EVT-2026-02824,CMP-2026-03442,ATM-NO-013,2026-04-18 16:15:37,72.5,10000.0,INTERCEPTED
EVT-2026-02825,CMP-2026-03443,ATM-CE-001,2026-05-25 17:58:36,87.8,10000.0,SUCCESSFUL
EVT-2026-02826,CMP-2026-03444,ATM-SO-027,2026-06-15 17:35:09,59.2,10000.0,SUCCESSFUL
EVT-2026-02827,CMP-2026-03446,ATM-SO-028,2026-07-05 12:13:25,66.8,50000.0,SUCCESSFUL
EVT-2026-02828,CMP-2026-03447,ATM-EA-032,2026-04-10 00:00:08,15.0,13672.18,SUCCESSFUL
EVT-2026-02829,CMP-2026-03448,ATM-NO-016,2026-08-26 16:04:04,63.4,40000.0,SUCCESSFUL
EVT-2026-02830,CMP-2026-03449,ATM-CE-005,2026-07-10 14:33:51,40.7,20000.0,SUCCESSFUL
EVT-2026-02831,CMP-2026-03450,ATM-NO-020,2026-03-11 20:39:58,206.3,20000.0,SUCCESSFUL
EVT-2026-02832,CMP-2026-03452,ATM-NO-017,2026-05-14 17:24:46,47.5,10000.0,SUCCESSFUL
EVT-2026-02833,CMP-2026-03453,ATM-SO-026,2026-07-06 14:29:40,73.0,10000.0,SUCCESSFUL
EVT-2026-02834,CMP-2026-03454,ATM-CE-006,2026-05-12 09:03:03,50.3,20000.0,SUCCESSFUL
EVT-2026-02835,CMP-2026-03455,ATM-WE-048,2026-06-12 10:34:01,41.3,20000.0,SUCCESSFUL
EVT-2026-02836,CMP-2026-03457,ATM-CE-009,2026-07-13 19:13:03,27.0,20000.0,SUCCESSFUL
EVT-2026-02837,CMP-2026-03458,ATM-CE-001,2026-08-21 08:49:13,92.1,20000.0,SUCCESSFUL
EVT-2026-02838,CMP-2026-03459,ATM-NO-016,2026-07-28 12:33:50,33.4,20000.0,SUCCESSFUL
EVT-2026-02839,CMP-2026-03460,ATM-CE-003,2026-05-20 22:37:20,27.6,10000.0,SUCCESSFUL
EVT-2026-02840,CMP-2026-03461,ATM-WE-041,2026-08-04 16:13:15,52.8,40000.0,SUCCESSFUL
EVT-2026-02841,CMP-2026-03462,ATM-WE-047,2026-04-06 12:18:09,38.0,10644.79,SUCCESSFUL
EVT-2026-02842,CMP-2026-03464,ATM-SO-026,2026-04-13 10:48:58,17.7,35003.38,SUCCESSFUL
EVT-2026-02843,CMP-2026-03465,ATM-SO-029,2026-03-01 13:54:13,85.1,10000.0,SUCCESSFUL
EVT-2026-02844,CMP-2026-03466,ATM-CE-004,2026-06-03 14:32:00,18.6,40000.0,SUCCESSFUL
EVT-2026-02845,CMP-2026-03467,ATM-NO-017,2026-03-26 16:36:02,138.9,10000.0,SUCCESSFUL
EVT-2026-02846,CMP-2026-03468,ATM-CE-006,2026-07-16 16:10:23,125.8,40000.0,SUCCESSFUL
EVT-2026-02847,CMP-2026-03469,ATM-EA-036,2026-05-20 08:29:08,44.2,5513.17,SUCCESSFUL
EVT-2026-02848,CMP-2026-03470,ATM-EA-038,2026-04-18 19:58:59,28.8,20000.0,SUCCESSFUL
EVT-2026-02849,CMP-2026-03471,ATM-WE-041,2026-03-04 14:45:50,90.2,20000.0,SUCCESSFUL
EVT-2026-02850,CMP-2026-03472,ATM-SO-022,2026-06-08 14:05:14,23.3,33888.92,SUCCESSFUL
EVT-2026-02851,CMP-2026-03473,ATM-NO-020,2026-07-08 20:02:26,29.2,13879.69,SUCCESSFUL
EVT-2026-02852,CMP-2026-03474,ATM-EA-038,2026-08-03 18:07:27,93.6,34278.87,INTERCEPTED
EVT-2026-02853,CMP-2026-03475,ATM-CE-002,2026-06-11 15:26:23,30.3,24435.64,SUCCESSFUL
EVT-2026-02854,CMP-2026-03477,ATM-EA-032,2026-08-15 13:49:41,175.0,20000.0,SUCCESSFUL
EVT-2026-02855,CMP-2026-03479,ATM-WE-049,2026-04-28 12:22:52,38.1,35496.31,SUCCESSFUL
EVT-2026-02856,CMP-2026-03480,ATM-SO-022,2026-03-01 20:47:12,35.0,29630.23,SUCCESSFUL
EVT-2026-02857,CMP-2026-03481,ATM-WE-050,2026-07-08 14:16:36,49.3,40000.0,SUCCESSFUL
EVT-2026-02858,CMP-2026-03482,ATM-WE-048,2026-06-14 13:01:45,81.3,17339.59,INTERCEPTED
EVT-2026-02859,CMP-2026-03483,ATM-WE-048,2026-05-24 14:07:35,114.7,10000.0,SUCCESSFUL
EVT-2026-02860,CMP-2026-03484,ATM-SO-021,2026-05-04 23:07:23,19.1,30709.34,SUCCESSFUL
EVT-2026-02861,CMP-2026-03485,ATM-CE-001,2026-04-10 06:00:57,25.9,10000.0,SUCCESSFUL
EVT-2026-02862,CMP-2026-03486,ATM-WE-049,2026-06-10 12:53:53,45.7,10000.0,SUCCESSFUL
EVT-2026-02863,CMP-2026-03488,ATM-SO-028,2026-03-14 19:22:53,39.3,20000.0,SUCCESSFUL
EVT-2026-02864,CMP-2026-03489,ATM-NO-012,2026-04-09 15:50:04,36.9,10000.0,SUCCESSFUL
EVT-2026-02865,CMP-2026-03490,ATM-CE-005,2026-04-16 14:21:52,23.3,38013.75,SUCCESSFUL
EVT-2026-02866,CMP-2026-03492,ATM-SO-028,2026-03-17 15:14:02,74.8,10000.0,SUCCESSFUL
EVT-2026-02867,CMP-2026-03493,ATM-CE-009,2026-07-23 15:24:13,33.6,20000.0,SUCCESSFUL
EVT-2026-02868,CMP-2026-03494,ATM-EA-031,2026-03-08 12:20:49,36.5,10000.0,SUCCESSFUL
EVT-2026-02869,CMP-2026-03496,ATM-NO-014,2026-07-22 10:30:28,34.1,15707.72,SUCCESSFUL
EVT-2026-02870,CMP-2026-03497,ATM-WE-041,2026-08-14 10:56:59,40.0,40000.0,SUCCESSFUL
EVT-2026-02871,CMP-2026-03498,ATM-WE-048,2026-08-16 12:20:06,31.6,20000.0,SUCCESSFUL
EVT-2026-02872,CMP-2026-03499,ATM-WE-048,2026-03-05 19:38:40,32.0,11481.14,SUCCESSFUL
EVT-2026-02873,CMP-2026-03500,ATM-NO-020,2026-04-05 00:28:46,96.6,10000.0,SUCCESSFUL
EVT-2026-02874,CMP-2026-03501,ATM-EA-035,2026-04-05 20:40:37,27.4,14608.92,SUCCESSFUL
EVT-2026-02875,CMP-2026-03502,ATM-NO-012,2026-03-12 22:48:52,20.6,10000.0,SUCCESSFUL
EVT-2026-02876,CMP-2026-03503,ATM-NO-020,2026-03-22 19:03:37,64.9,40000.0,SUCCESSFUL
EVT-2026-02877,CMP-2026-03504,ATM-SO-026,2026-07-29 15:23:54,56.8,20000.0,SUCCESSFUL
EVT-2026-02878,CMP-2026-03505,ATM-SO-023,2026-05-25 15:28:30,28.3,20000.0,SUCCESSFUL
EVT-2026-02879,CMP-2026-03506,ATM-SO-023,2026-07-02 15:38:34,41.1,20000.0,SUCCESSFUL
EVT-2026-02880,CMP-2026-03507,ATM-WE-044,2026-04-08 13:01:14,51.8,20000.0,SUCCESSFUL
EVT-2026-02881,CMP-2026-03508,ATM-NO-015,2026-07-04 07:53:48,43.5,6270.34,SUCCESSFUL
EVT-2026-02882,CMP-2026-03509,ATM-NO-020,2026-03-29 17:59:53,21.3,20000.0,SUCCESSFUL
EVT-2026-02883,CMP-2026-03510,ATM-CE-003,2026-08-19 19:05:31,38.3,50000.0,SUCCESSFUL
EVT-2026-02884,CMP-2026-03511,ATM-SO-023,2026-04-20 14:42:37,26.0,10000.0,SUCCESSFUL
EVT-2026-02885,CMP-2026-03512,ATM-CE-006,2026-04-05 18:34:25,136.0,50000.0,SUCCESSFUL
EVT-2026-02886,CMP-2026-03513,ATM-NO-013,2026-08-05 13:57:14,49.4,10000.0,SUCCESSFUL
EVT-2026-02887,CMP-2026-03516,ATM-WE-047,2026-06-13 16:22:56,95.1,20000.0,SUCCESSFUL
EVT-2026-02888,CMP-2026-03519,ATM-CE-009,2026-04-13 09:59:10,24.1,10000.0,SUCCESSFUL
EVT-2026-02889,CMP-2026-03520,ATM-NO-013,2026-04-16 11:19:24,57.8,20000.0,SUCCESSFUL
EVT-2026-02890,CMP-2026-03522,ATM-SO-022,2026-03-26 21:01:14,131.0,10000.0,SUCCESSFUL
EVT-2026-02891,CMP-2026-03523,ATM-NO-020,2026-06-21 15:47:50,43.4,10000.0,SUCCESSFUL
EVT-2026-02892,CMP-2026-03524,ATM-EA-038,2026-07-11 05:44:23,23.9,39324.4,SUCCESSFUL
EVT-2026-02893,CMP-2026-03525,ATM-SO-030,2026-08-26 19:06:54,45.9,10000.0,SUCCESSFUL
EVT-2026-02894,CMP-2026-03526,ATM-EA-038,2026-07-19 12:16:53,27.2,10000.0,SUCCESSFUL
EVT-2026-02895,CMP-2026-03527,ATM-SO-024,2026-03-16 16:47:35,36.8,10000.0,SUCCESSFUL
EVT-2026-02896,CMP-2026-03529,ATM-SO-023,2026-03-18 17:10:09,19.2,40000.0,SUCCESSFUL
EVT-2026-02897,CMP-2026-03531,ATM-EA-040,2026-03-05 18:29:32,80.2,10000.0,SUCCESSFUL
EVT-2026-02898,CMP-2026-03532,ATM-NO-011,2026-07-22 17:11:50,39.2,25282.29,SUCCESSFUL
EVT-2026-02899,CMP-2026-03533,ATM-WE-044,2026-04-16 16:33:03,27.5,50000.0,SUCCESSFUL
EVT-2026-02900,CMP-2026-03534,ATM-WE-043,2026-04-21 13:23:16,49.3,20000.0,SUCCESSFUL
EVT-2026-02901,CMP-2026-03535,ATM-SO-022,2026-04-01 12:12:53,24.6,10000.0,SUCCESSFUL
EVT-2026-02902,CMP-2026-03536,ATM-NO-017,2026-04-26 14:13:27,43.4,6041.48,SUCCESSFUL
EVT-2026-02903,CMP-2026-03537,ATM-EA-031,2026-03-05 20:21:42,103.7,40000.0,SUCCESSFUL
EVT-2026-02904,CMP-2026-03538,ATM-SO-030,2026-05-08 17:21:05,40.7,7106.01,SUCCESSFUL
EVT-2026-02905,CMP-2026-03539,ATM-SO-025,2026-06-04 16:05:28,40.1,20000.0,SUCCESSFUL
EVT-2026-02906,CMP-2026-03540,ATM-NO-020,2026-05-14 09:16:35,25.3,40000.0,SUCCESSFUL
EVT-2026-02907,CMP-2026-03541,ATM-NO-014,2026-05-06 19:15:12,71.8,20000.0,SUCCESSFUL
EVT-2026-02908,CMP-2026-03542,ATM-WE-047,2026-07-20 14:57:09,152.4,10000.0,SUCCESSFUL
EVT-2026-02909,CMP-2026-03543,ATM-CE-003,2026-03-10 14:00:52,47.6,50000.0,SUCCESSFUL
EVT-2026-02910,CMP-2026-03544,ATM-EA-038,2026-07-20 20:27:35,85.8,20000.0,INTERCEPTED
EVT-2026-02911,CMP-2026-03546,ATM-CE-008,2026-08-03 17:07:10,110.3,10000.0,SUCCESSFUL
EVT-2026-02912,CMP-2026-03547,ATM-CE-001,2026-07-10 15:50:53,56.2,48773.33,SUCCESSFUL
EVT-2026-02913,CMP-2026-03548,ATM-WE-047,2026-05-29 16:04:02,64.8,28632.82,SUCCESSFUL
EVT-2026-02914,CMP-2026-03549,ATM-WE-042,2026-07-08 18:16:47,64.2,50000.0,SUCCESSFUL
EVT-2026-02915,CMP-2026-03550,ATM-CE-001,2026-03-28 10:55:36,111.5,6492.38,SUCCESSFUL
EVT-2026-02916,CMP-2026-03551,ATM-WE-049,2026-06-02 23:48:03,66.4,40000.0,SUCCESSFUL
EVT-2026-02917,CMP-2026-03552,ATM-NO-019,2026-03-29 16:13:18,117.4,20000.0,SUCCESSFUL
EVT-2026-02918,CMP-2026-03553,ATM-EA-031,2026-07-09 13:16:04,42.6,40000.0,SUCCESSFUL
EVT-2026-02919,CMP-2026-03554,ATM-CE-001,2026-08-20 20:39:41,23.6,10000.0,SUCCESSFUL
EVT-2026-02920,CMP-2026-03555,ATM-SO-025,2026-07-26 23:40:55,202.3,34996.15,SUCCESSFUL
EVT-2026-02921,CMP-2026-03557,ATM-SO-025,2026-04-03 07:59:44,69.5,22429.74,SUCCESSFUL
EVT-2026-02922,CMP-2026-03558,ATM-CE-005,2026-05-01 18:09:36,26.4,10000.0,SUCCESSFUL
EVT-2026-02923,CMP-2026-03559,ATM-CE-001,2026-06-29 19:59:45,29.4,40000.0,SUCCESSFUL
EVT-2026-02924,CMP-2026-03561,ATM-CE-005,2026-06-05 01:32:28,93.5,20000.0,SUCCESSFUL
EVT-2026-02925,CMP-2026-03562,ATM-CE-009,2026-05-06 11:56:03,20.3,20000.0,SUCCESSFUL
EVT-2026-02926,CMP-2026-03563,ATM-SO-025,2026-07-28 14:46:45,29.4,20000.0,SUCCESSFUL
EVT-2026-02927,CMP-2026-03564,ATM-NO-019,2026-05-23 17:17:23,23.7,40000.0,SUCCESSFUL
EVT-2026-02928,CMP-2026-03565,ATM-EA-037,2026-03-07 17:45:20,181.7,40000.0,INTERCEPTED
EVT-2026-02929,CMP-2026-03567,ATM-CE-002,2026-04-04 22:05:06,31.8,10000.0,SUCCESSFUL
EVT-2026-02930,CMP-2026-03568,ATM-NO-020,2026-05-11 22:39:05,84.2,10000.0,INTERCEPTED
EVT-2026-02931,CMP-2026-03569,ATM-CE-001,2026-07-07 12:14:47,45.2,10000.0,SUCCESSFUL
EVT-2026-02932,CMP-2026-03570,ATM-NO-017,2026-06-06 14:02:53,24.7,10000.0,SUCCESSFUL
EVT-2026-02933,CMP-2026-03571,ATM-CE-009,2026-06-22 20:32:15,79.7,20735.82,SUCCESSFUL
EVT-2026-02934,CMP-2026-03572,ATM-EA-032,2026-08-27 14:55:30,52.6,10000.0,SUCCESSFUL
EVT-2026-02935,CMP-2026-03573,ATM-NO-013,2026-07-09 12:03:58,118.0,7113.82,SUCCESSFUL
EVT-2026-02936,CMP-2026-03574,ATM-NO-015,2026-04-28 14:54:47,30.7,9519.98,SUCCESSFUL
EVT-2026-02937,CMP-2026-03575,ATM-EA-037,2026-07-19 20:50:24,63.5,10000.0,SUCCESSFUL
EVT-2026-02938,CMP-2026-03577,ATM-NO-015,2026-08-27 17:29:59,28.4,10655.61,SUCCESSFUL
EVT-2026-02939,CMP-2026-03578,ATM-SO-028,2026-03-21 15:33:36,144.7,10000.0,INTERCEPTED
EVT-2026-02940,CMP-2026-03579,ATM-SO-022,2026-05-07 13:11:19,40.7,40000.0,SUCCESSFUL
EVT-2026-02941,CMP-2026-03580,ATM-CE-001,2026-07-11 00:40:14,47.6,35767.44,SUCCESSFUL
EVT-2026-02942,CMP-2026-03581,ATM-WE-041,2026-08-13 10:20:56,84.3,50000.0,SUCCESSFUL
EVT-2026-02943,CMP-2026-03582,ATM-CE-006,2026-07-21 15:46:45,37.8,40000.0,SUCCESSFUL
EVT-2026-02944,CMP-2026-03584,ATM-CE-003,2026-06-24 23:06:19,30.0,13360.87,SUCCESSFUL
EVT-2026-02945,CMP-2026-03585,ATM-WE-041,2026-04-10 16:07:19,41.8,10000.0,SUCCESSFUL
EVT-2026-02946,CMP-2026-03586,ATM-WE-048,2026-06-14 15:55:00,126.6,20000.0,SUCCESSFUL
EVT-2026-02947,CMP-2026-03587,ATM-WE-048,2026-06-18 18:12:13,100.1,50000.0,SUCCESSFUL
EVT-2026-02948,CMP-2026-03588,ATM-WE-048,2026-04-30 17:33:50,29.8,10000.0,SUCCESSFUL
EVT-2026-02949,CMP-2026-03589,ATM-NO-019,2026-07-04 19:28:34,33.8,50000.0,SUCCESSFUL
EVT-2026-02950,CMP-2026-03590,ATM-NO-020,2026-08-17 23:26:54,24.0,10000.0,SUCCESSFUL
EVT-2026-02951,CMP-2026-03591,ATM-WE-050,2026-07-20 00:37:33,76.3,33543.87,SUCCESSFUL
EVT-2026-02952,CMP-2026-03592,ATM-CE-002,2026-05-17 18:13:33,22.8,10000.0,SUCCESSFUL
EVT-2026-02953,CMP-2026-03593,ATM-CE-001,2026-03-21 13:38:23,89.9,10000.0,SUCCESSFUL
EVT-2026-02954,CMP-2026-03594,ATM-NO-015,2026-08-17 23:30:52,95.8,20000.0,SUCCESSFUL
EVT-2026-02955,CMP-2026-03595,ATM-NO-012,2026-05-11 12:04:53,26.8,10000.0,SUCCESSFUL
EVT-2026-02956,CMP-2026-03596,ATM-CE-009,2026-05-09 11:18:19,94.8,20000.0,SUCCESSFUL
EVT-2026-02957,CMP-2026-03597,ATM-WE-044,2026-03-18 09:20:57,69.1,9348.09,SUCCESSFUL
EVT-2026-02958,CMP-2026-03598,ATM-EA-038,2026-07-26 11:31:03,178.5,10000.0,SUCCESSFUL
EVT-2026-02959,CMP-2026-03599,ATM-WE-048,2026-07-31 14:28:48,61.0,20000.0,SUCCESSFUL
EVT-2026-02960,CMP-2026-03600,ATM-SO-026,2026-06-20 14:15:15,41.4,10000.0,SUCCESSFUL
EVT-2026-02961,CMP-2026-03601,ATM-WE-043,2026-03-21 18:58:44,38.8,46286.25,SUCCESSFUL
EVT-2026-02962,CMP-2026-03602,ATM-NO-019,2026-07-19 11:08:49,47.5,20000.0,SUCCESSFUL
EVT-2026-02963,CMP-2026-03603,ATM-EA-036,2026-04-08 15:26:24,45.0,10000.0,SUCCESSFUL
EVT-2026-02964,CMP-2026-03604,ATM-WE-048,2026-03-10 14:56:05,73.7,10000.0,SUCCESSFUL
EVT-2026-02965,CMP-2026-03605,ATM-WE-043,2026-06-18 16:41:37,98.1,10000.0,SUCCESSFUL
EVT-2026-02966,CMP-2026-03606,ATM-EA-032,2026-04-21 17:12:47,120.8,50000.0,SUCCESSFUL
EVT-2026-02967,CMP-2026-03607,ATM-SO-026,2026-06-13 08:28:25,78.0,50000.0,SUCCESSFUL
EVT-2026-02968,CMP-2026-03608,ATM-EA-034,2026-07-16 08:59:59,23.1,36934.72,SUCCESSFUL
EVT-2026-02969,CMP-2026-03609,ATM-WE-048,2026-07-28 23:03:08,81.5,50000.0,SUCCESSFUL
EVT-2026-02970,CMP-2026-03610,ATM-CE-003,2026-03-17 16:59:23,26.1,36846.52,SUCCESSFUL
EVT-2026-02971,CMP-2026-03611,ATM-WE-047,2026-06-13 19:17:59,37.4,40000.0,SUCCESSFUL
EVT-2026-02972,CMP-2026-03612,ATM-SO-027,2026-06-10 22:01:53,43.9,40000.0,SUCCESSFUL
EVT-2026-02973,CMP-2026-03613,ATM-EA-031,2026-06-11 17:31:37,40.7,20000.0,SUCCESSFUL
EVT-2026-02974,CMP-2026-03615,ATM-WE-050,2026-07-24 10:42:35,28.3,50000.0,SUCCESSFUL
EVT-2026-02975,CMP-2026-03616,ATM-EA-032,2026-05-12 17:26:02,51.0,10000.0,SUCCESSFUL
EVT-2026-02976,CMP-2026-03617,ATM-NO-013,2026-08-26 18:34:54,124.8,10000.0,SUCCESSFUL
EVT-2026-02977,CMP-2026-03618,ATM-CE-006,2026-05-15 10:35:41,38.7,20000.0,SUCCESSFUL
EVT-2026-02978,CMP-2026-03620,ATM-WE-049,2026-07-09 22:24:43,51.1,40000.0,SUCCESSFUL
EVT-2026-02979,CMP-2026-03621,ATM-EA-037,2026-06-26 15:52:42,55.2,10000.0,SUCCESSFUL
EVT-2026-02980,CMP-2026-03622,ATM-EA-034,2026-07-29 18:14:03,55.2,40000.0,SUCCESSFUL
EVT-2026-02981,CMP-2026-03623,ATM-EA-038,2026-08-20 11:23:43,27.0,20000.0,SUCCESSFUL
EVT-2026-02982,CMP-2026-03624,ATM-CE-005,2026-08-10 20:14:57,38.3,10000.0,SUCCESSFUL
EVT-2026-02983,CMP-2026-03625,ATM-CE-002,2026-06-07 06:35:11,40.4,40000.0,SUCCESSFUL
EVT-2026-02984,CMP-2026-03626,ATM-EA-040,2026-06-07 18:44:39,35.2,10000.0,SUCCESSFUL
EVT-2026-02985,CMP-2026-03627,ATM-WE-048,2026-07-20 14:48:36,24.0,34100.3,SUCCESSFUL
EVT-2026-02986,CMP-2026-03628,ATM-NO-013,2026-06-22 15:54:18,54.4,50000.0,SUCCESSFUL
EVT-2026-02987,CMP-2026-03630,ATM-SO-023,2026-07-16 10:28:37,37.1,17483.63,SUCCESSFUL
EVT-2026-02988,CMP-2026-03631,ATM-EA-031,2026-08-24 21:44:11,56.1,20000.0,SUCCESSFUL
EVT-2026-02989,CMP-2026-03632,ATM-SO-030,2026-05-11 14:03:20,54.1,6819.61,SUCCESSFUL
EVT-2026-02990,CMP-2026-03634,ATM-CE-004,2026-08-01 12:13:19,20.2,20000.0,SUCCESSFUL
EVT-2026-02991,CMP-2026-03635,ATM-EA-037,2026-03-01 16:10:24,27.5,29892.45,SUCCESSFUL
EVT-2026-02992,CMP-2026-03637,ATM-EA-034,2026-03-22 16:09:02,140.6,10000.0,INTERCEPTED
EVT-2026-02993,CMP-2026-03640,ATM-NO-019,2026-05-07 16:56:40,53.0,10000.0,SUCCESSFUL
EVT-2026-02994,CMP-2026-03642,ATM-CE-009,2026-04-27 16:14:23,45.0,8103.81,SUCCESSFUL
EVT-2026-02995,CMP-2026-03643,ATM-WE-048,2026-08-18 14:50:56,129.5,10000.0,SUCCESSFUL
EVT-2026-02996,CMP-2026-03644,ATM-NO-019,2026-04-09 21:11:35,54.3,8073.79,SUCCESSFUL
EVT-2026-02997,CMP-2026-03645,ATM-NO-015,2026-05-19 16:35:54,57.6,10000.0,SUCCESSFUL
EVT-2026-02998,CMP-2026-03646,ATM-NO-015,2026-05-20 15:45:03,156.3,43660.04,SUCCESSFUL
EVT-2026-02999,CMP-2026-03647,ATM-EA-038,2026-06-16 08:19:15,57.2,10000.0,SUCCESSFUL
EVT-2026-03000,CMP-2026-03648,ATM-WE-049,2026-07-13 13:18:35,106.8,35315.48,SUCCESSFUL
EVT-2026-03001,CMP-2026-03649,ATM-SO-023,2026-08-14 15:08:49,58.2,10000.0,SUCCESSFUL
EVT-2026-03002,CMP-2026-03650,ATM-CE-002,2026-07-17 12:43:51,27.8,26152.32,SUCCESSFUL
EVT-2026-03003,CMP-2026-03651,ATM-NO-013,2026-03-13 18:26:38,74.4,20000.0,SUCCESSFUL
EVT-2026-03004,CMP-2026-03652,ATM-SO-026,2026-03-17 15:43:00,154.0,20000.0,INTERCEPTED
EVT-2026-03005,CMP-2026-03653,ATM-SO-021,2026-08-12 19:24:51,59.8,10000.0,SUCCESSFUL
EVT-2026-03006,CMP-2026-03655,ATM-SO-023,2026-08-11 22:27:19,44.2,20000.0,SUCCESSFUL
EVT-2026-03007,CMP-2026-03656,ATM-SO-023,2026-03-01 19:23:16,76.0,20000.0,SUCCESSFUL
EVT-2026-03008,CMP-2026-03657,ATM-SO-027,2026-08-24 15:03:45,43.6,26721.18,SUCCESSFUL
EVT-2026-03009,CMP-2026-03658,ATM-EA-038,2026-05-07 15:01:22,49.2,6460.05,SUCCESSFUL
EVT-2026-03010,CMP-2026-03660,ATM-NO-020,2026-04-28 08:20:07,70.2,10000.0,SUCCESSFUL
EVT-2026-03011,CMP-2026-03662,ATM-EA-033,2026-04-12 20:37:26,83.7,10000.0,SUCCESSFUL
EVT-2026-03012,CMP-2026-03664,ATM-EA-037,2026-07-12 19:27:05,115.4,20000.0,SUCCESSFUL
EVT-2026-03013,CMP-2026-03665,ATM-SO-030,2026-03-14 14:47:11,54.0,50000.0,SUCCESSFUL
EVT-2026-03014,CMP-2026-03667,ATM-CE-001,2026-03-19 15:39:24,27.1,50000.0,SUCCESSFUL
EVT-2026-03015,CMP-2026-03668,ATM-CE-008,2026-03-31 18:19:41,45.3,13640.21,SUCCESSFUL
EVT-2026-03016,CMP-2026-03669,ATM-NO-011,2026-07-20 16:37:05,53.5,38923.39,SUCCESSFUL
EVT-2026-03017,CMP-2026-03670,ATM-SO-024,2026-04-11 15:46:26,53.9,10000.0,SUCCESSFUL
EVT-2026-03018,CMP-2026-03671,ATM-CE-003,2026-07-31 12:37:56,26.4,40000.0,SUCCESSFUL
EVT-2026-03019,CMP-2026-03672,ATM-EA-031,2026-05-13 13:07:31,46.3,50000.0,SUCCESSFUL
EVT-2026-03020,CMP-2026-03673,ATM-NO-014,2026-08-20 16:13:59,132.5,15830.32,SUCCESSFUL
EVT-2026-03021,CMP-2026-03674,ATM-EA-031,2026-08-14 22:49:04,41.6,10000.0,SUCCESSFUL
EVT-2026-03022,CMP-2026-03677,ATM-NO-012,2026-03-03 13:07:09,19.2,20000.0,SUCCESSFUL
EVT-2026-03023,CMP-2026-03678,ATM-CE-001,2026-03-16 19:30:05,36.9,40000.0,SUCCESSFUL
EVT-2026-03024,CMP-2026-03680,ATM-WE-049,2026-07-01 15:03:53,21.5,40000.0,SUCCESSFUL
EVT-2026-03025,CMP-2026-03681,ATM-NO-014,2026-06-06 17:47:26,18.5,40000.0,SUCCESSFUL
EVT-2026-03026,CMP-2026-03682,ATM-SO-026,2026-05-12 22:44:38,34.9,20000.0,SUCCESSFUL
EVT-2026-03027,CMP-2026-03683,ATM-EA-034,2026-03-15 00:21:53,45.8,26899.78,SUCCESSFUL
EVT-2026-03028,CMP-2026-03685,ATM-CE-006,2026-06-09 19:40:34,65.8,20000.0,SUCCESSFUL
EVT-2026-03029,CMP-2026-03686,ATM-CE-006,2026-06-18 10:04:05,105.3,10000.0,SUCCESSFUL
EVT-2026-03030,CMP-2026-03688,ATM-EA-036,2026-07-22 18:50:54,72.2,32077.99,SUCCESSFUL
EVT-2026-03031,CMP-2026-03689,ATM-SO-029,2026-06-16 18:07:20,83.1,13118.74,SUCCESSFUL
EVT-2026-03032,CMP-2026-03690,ATM-WE-048,2026-06-25 13:43:37,23.7,10000.0,SUCCESSFUL
EVT-2026-03033,CMP-2026-03691,ATM-SO-022,2026-06-25 10:40:06,21.7,32126.64,SUCCESSFUL
EVT-2026-03034,CMP-2026-03692,ATM-EA-034,2026-08-21 22:39:38,50.7,50000.0,SUCCESSFUL
EVT-2026-03035,CMP-2026-03693,ATM-WE-047,2026-03-17 17:31:36,32.4,50000.0,SUCCESSFUL
EVT-2026-03036,CMP-2026-03694,ATM-WE-047,2026-05-20 07:58:51,28.7,20000.0,SUCCESSFUL
EVT-2026-03037,CMP-2026-03695,ATM-CE-002,2026-03-05 15:23:18,103.8,10000.0,SUCCESSFUL
EVT-2026-03038,CMP-2026-03697,ATM-SO-025,2026-05-29 11:27:34,53.1,20000.0,SUCCESSFUL
EVT-2026-03039,CMP-2026-03698,ATM-NO-019,2026-08-02 17:30:16,113.3,50000.0,SUCCESSFUL
EVT-2026-03040,CMP-2026-03699,ATM-SO-028,2026-03-28 13:26:08,33.0,17561.69,SUCCESSFUL
EVT-2026-03041,CMP-2026-03700,ATM-SO-025,2026-05-28 09:21:05,34.1,40000.0,SUCCESSFUL
EVT-2026-03042,CMP-2026-03701,ATM-EA-037,2026-07-02 02:23:40,203.3,20000.0,SUCCESSFUL
EVT-2026-03043,CMP-2026-03702,ATM-SO-027,2026-07-04 19:39:26,43.4,14490.59,SUCCESSFUL
EVT-2026-03044,CMP-2026-03703,ATM-CE-007,2026-07-15 08:07:33,103.2,34114.44,SUCCESSFUL
EVT-2026-03045,CMP-2026-03704,ATM-SO-026,2026-06-11 14:44:24,42.7,40000.0,SUCCESSFUL
EVT-2026-03046,CMP-2026-03705,ATM-SO-023,2026-08-09 14:12:26,60.6,36324.72,SUCCESSFUL
EVT-2026-03047,CMP-2026-03706,ATM-SO-030,2026-04-02 15:50:26,17.0,45045.96,SUCCESSFUL
EVT-2026-03048,CMP-2026-03707,ATM-WE-048,2026-04-05 16:28:34,125.7,40000.0,INTERCEPTED
EVT-2026-03049,CMP-2026-03708,ATM-SO-029,2026-04-14 14:23:51,75.1,40000.0,SUCCESSFUL
EVT-2026-03050,CMP-2026-03710,ATM-SO-022,2026-06-07 14:23:58,26.0,10000.0,SUCCESSFUL
EVT-2026-03051,CMP-2026-03711,ATM-WE-049,2026-05-01 19:53:46,103.5,11491.78,SUCCESSFUL
EVT-2026-03052,CMP-2026-03712,ATM-NO-014,2026-04-03 14:33:38,45.3,50000.0,SUCCESSFUL
EVT-2026-03053,CMP-2026-03713,ATM-SO-030,2026-04-02 21:10:12,48.8,20000.0,SUCCESSFUL
EVT-2026-03054,CMP-2026-03714,ATM-WE-042,2026-06-15 12:15:11,19.5,40000.0,SUCCESSFUL
EVT-2026-03055,CMP-2026-03715,ATM-SO-029,2026-03-19 12:14:22,18.8,50000.0,SUCCESSFUL
EVT-2026-03056,CMP-2026-03716,ATM-WE-050,2026-05-06 14:27:53,26.2,26392.88,SUCCESSFUL
EVT-2026-03057,CMP-2026-03717,ATM-SO-029,2026-08-20 14:09:35,15.0,30637.01,SUCCESSFUL
EVT-2026-03058,CMP-2026-03718,ATM-NO-013,2026-07-15 15:15:53,26.2,39094.02,SUCCESSFUL
EVT-2026-03059,CMP-2026-03719,ATM-NO-019,2026-04-10 18:50:10,37.9,10000.0,SUCCESSFUL
EVT-2026-03060,CMP-2026-03722,ATM-EA-038,2026-06-16 15:04:24,54.4,40000.0,SUCCESSFUL
EVT-2026-03061,CMP-2026-03724,ATM-NO-012,2026-04-07 14:39:41,80.6,50000.0,SUCCESSFUL
EVT-2026-03062,CMP-2026-03725,ATM-WE-050,2026-03-20 09:28:36,36.3,20000.0,SUCCESSFUL
EVT-2026-03063,CMP-2026-03728,ATM-WE-042,2026-06-03 14:09:06,53.3,40000.0,SUCCESSFUL
EVT-2026-03064,CMP-2026-03730,ATM-SO-022,2026-03-27 19:17:31,21.8,23692.62,SUCCESSFUL
EVT-2026-03065,CMP-2026-03731,ATM-WE-047,2026-08-19 10:28:52,38.8,38764.81,SUCCESSFUL
EVT-2026-03066,CMP-2026-03732,ATM-WE-048,2026-04-01 15:48:46,24.1,10000.0,SUCCESSFUL
EVT-2026-03067,CMP-2026-03733,ATM-NO-011,2026-07-04 19:58:05,144.6,20000.0,SUCCESSFUL
EVT-2026-03068,CMP-2026-03734,ATM-NO-019,2026-03-02 14:44:26,21.3,26432.86,SUCCESSFUL
EVT-2026-03069,CMP-2026-03736,ATM-WE-048,2026-06-09 18:49:35,50.7,50000.0,INTERCEPTED
EVT-2026-03070,CMP-2026-03737,ATM-CE-006,2026-04-28 15:44:45,55.1,50000.0,SUCCESSFUL
EVT-2026-03071,CMP-2026-03738,ATM-NO-011,2026-04-20 15:54:21,59.2,40000.0,SUCCESSFUL
EVT-2026-03072,CMP-2026-03739,ATM-WE-045,2026-05-31 22:19:56,32.0,40000.0,SUCCESSFUL
EVT-2026-03073,CMP-2026-03740,ATM-WE-044,2026-07-10 16:04:31,37.1,40000.0,SUCCESSFUL
EVT-2026-03074,CMP-2026-03741,ATM-EA-032,2026-07-20 15:33:37,40.0,20000.0,SUCCESSFUL
EVT-2026-03075,CMP-2026-03742,ATM-NO-013,2026-04-24 12:14:53,34.9,10000.0,SUCCESSFUL
EVT-2026-03076,CMP-2026-03743,ATM-CE-005,2026-07-26 02:15:11,167.8,10000.0,SUCCESSFUL
EVT-2026-03077,CMP-2026-03744,ATM-WE-050,2026-03-08 14:50:17,119.0,14529.75,SUCCESSFUL
EVT-2026-03078,CMP-2026-03745,ATM-CE-001,2026-08-06 14:34:17,30.0,10000.0,SUCCESSFUL
EVT-2026-03079,CMP-2026-03746,ATM-CE-006,2026-07-22 11:29:04,33.7,10000.0,SUCCESSFUL
EVT-2026-03080,CMP-2026-03747,ATM-CE-008,2026-04-29 00:18:27,48.4,16469.5,SUCCESSFUL
EVT-2026-03081,CMP-2026-03748,ATM-EA-034,2026-06-08 22:43:46,92.1,40000.0,SUCCESSFUL
EVT-2026-03082,CMP-2026-03749,ATM-CE-007,2026-06-02 19:24:26,45.0,32330.92,SUCCESSFUL
EVT-2026-03083,CMP-2026-03751,ATM-SO-025,2026-04-09 14:19:50,50.9,50000.0,SUCCESSFUL
EVT-2026-03084,CMP-2026-03752,ATM-NO-018,2026-07-08 11:46:10,27.5,10000.0,SUCCESSFUL
EVT-2026-03085,CMP-2026-03754,ATM-NO-016,2026-07-05 06:26:09,27.8,10000.0,SUCCESSFUL
EVT-2026-03086,CMP-2026-03755,ATM-EA-038,2026-06-03 23:57:02,125.2,10000.0,SUCCESSFUL
EVT-2026-03087,CMP-2026-03756,ATM-CE-004,2026-04-04 19:07:08,63.0,20000.0,SUCCESSFUL
EVT-2026-03088,CMP-2026-03757,ATM-WE-043,2026-08-06 16:09:43,88.7,10000.0,INTERCEPTED
EVT-2026-03089,CMP-2026-03758,ATM-SO-027,2026-07-11 16:06:24,70.3,50000.0,SUCCESSFUL
EVT-2026-03090,CMP-2026-03759,ATM-WE-050,2026-04-17 23:47:33,37.3,38229.05,SUCCESSFUL
EVT-2026-03091,CMP-2026-03760,ATM-SO-022,2026-05-02 11:28:24,54.2,36337.23,SUCCESSFUL
EVT-2026-03092,CMP-2026-03761,ATM-EA-038,2026-06-02 16:55:40,110.0,20000.0,SUCCESSFUL
EVT-2026-03093,CMP-2026-03762,ATM-WE-050,2026-05-26 15:52:16,32.0,16533.09,SUCCESSFUL
EVT-2026-03094,CMP-2026-03763,ATM-CE-008,2026-06-10 15:18:25,60.9,20000.0,SUCCESSFUL
EVT-2026-03095,CMP-2026-03764,ATM-CE-001,2026-08-17 06:04:36,44.5,50000.0,SUCCESSFUL
EVT-2026-03096,CMP-2026-03765,ATM-CE-005,2026-06-27 15:42:27,26.7,10000.0,SUCCESSFUL
EVT-2026-03097,CMP-2026-03766,ATM-EA-032,2026-06-07 22:16:56,65.2,10000.0,SUCCESSFUL
EVT-2026-03098,CMP-2026-03767,ATM-NO-020,2026-04-01 13:32:08,62.4,37627.76,SUCCESSFUL
EVT-2026-03099,CMP-2026-03770,ATM-NO-016,2026-04-28 22:26:29,255.3,20000.0,SUCCESSFUL
EVT-2026-03100,CMP-2026-03771,ATM-EA-036,2026-08-06 15:05:01,58.3,40000.0,SUCCESSFUL
EVT-2026-03101,CMP-2026-03772,ATM-CE-006,2026-06-27 19:50:46,73.7,20000.0,SUCCESSFUL
EVT-2026-03102,CMP-2026-03773,ATM-WE-045,2026-03-26 12:16:55,19.8,23189.11,SUCCESSFUL
EVT-2026-03103,CMP-2026-03774,ATM-NO-020,2026-07-05 20:39:02,23.2,20000.0,SUCCESSFUL
EVT-2026-03104,CMP-2026-03775,ATM-NO-016,2026-04-27 11:43:44,24.5,7520.68,SUCCESSFUL
EVT-2026-03105,CMP-2026-03776,ATM-WE-048,2026-07-09 14:33:23,63.6,23867.43,INTERCEPTED
EVT-2026-03106,CMP-2026-03778,ATM-CE-009,2026-06-11 11:43:20,26.4,50000.0,SUCCESSFUL
EVT-2026-03107,CMP-2026-03779,ATM-NO-020,2026-06-19 17:23:12,37.1,50000.0,SUCCESSFUL
EVT-2026-03108,CMP-2026-03780,ATM-NO-020,2026-06-17 14:25:14,30.3,10000.0,SUCCESSFUL
EVT-2026-03109,CMP-2026-03781,ATM-CE-005,2026-04-03 12:14:43,63.3,10000.0,SUCCESSFUL
EVT-2026-03110,CMP-2026-03782,ATM-NO-019,2026-06-30 00:50:42,72.2,50000.0,SUCCESSFUL
EVT-2026-03111,CMP-2026-03783,ATM-CE-004,2026-04-08 05:11:45,25.8,20000.0,SUCCESSFUL
EVT-2026-03112,CMP-2026-03784,ATM-WE-047,2026-06-13 18:01:21,25.4,18482.26,SUCCESSFUL
EVT-2026-03113,CMP-2026-03785,ATM-WE-049,2026-03-27 16:00:41,69.0,10000.0,SUCCESSFUL
EVT-2026-03114,CMP-2026-03786,ATM-EA-037,2026-03-25 17:28:00,184.6,10000.0,SUCCESSFUL
EVT-2026-03115,CMP-2026-03787,ATM-NO-012,2026-04-01 20:15:19,19.3,50000.0,SUCCESSFUL
EVT-2026-03116,CMP-2026-03788,ATM-WE-048,2026-06-18 11:19:55,36.0,47814.57,SUCCESSFUL
EVT-2026-03117,CMP-2026-03789,ATM-WE-048,2026-05-02 11:38:26,84.7,40000.0,SUCCESSFUL
EVT-2026-03118,CMP-2026-03790,ATM-EA-038,2026-06-29 12:10:13,48.0,45993.64,SUCCESSFUL
EVT-2026-03119,CMP-2026-03792,ATM-WE-048,2026-07-21 15:23:07,30.3,10000.0,SUCCESSFUL
EVT-2026-03120,CMP-2026-03795,ATM-CE-006,2026-06-12 13:48:49,41.3,20000.0,SUCCESSFUL
EVT-2026-03121,CMP-2026-03796,ATM-NO-018,2026-08-19 13:56:11,60.4,10000.0,INTERCEPTED
EVT-2026-03122,CMP-2026-03797,ATM-SO-028,2026-03-27 08:04:10,148.0,5037.98,SUCCESSFUL
EVT-2026-03123,CMP-2026-03798,ATM-EA-031,2026-03-17 11:55:08,102.6,20000.0,INTERCEPTED
EVT-2026-03124,CMP-2026-03799,ATM-NO-015,2026-07-27 23:27:29,29.5,50000.0,SUCCESSFUL
EVT-2026-03125,CMP-2026-03800,ATM-SO-029,2026-03-15 14:07:41,24.1,10000.0,SUCCESSFUL
EVT-2026-03126,CMP-2026-03801,ATM-CE-002,2026-03-27 12:56:04,52.4,20000.0,INTERCEPTED
EVT-2026-03127,CMP-2026-03803,ATM-WE-043,2026-08-20 13:43:07,136.6,20000.0,INTERCEPTED
EVT-2026-03128,CMP-2026-03804,ATM-CE-005,2026-06-18 13:38:01,50.3,10000.0,SUCCESSFUL
EVT-2026-03129,CMP-2026-03805,ATM-NO-020,2026-03-19 20:19:47,21.6,10000.0,SUCCESSFUL
EVT-2026-03130,CMP-2026-03806,ATM-EA-036,2026-05-20 19:18:23,32.0,22592.51,SUCCESSFUL
EVT-2026-03131,CMP-2026-03807,ATM-CE-009,2026-08-15 16:53:11,40.2,20000.0,SUCCESSFUL
EVT-2026-03132,CMP-2026-03808,ATM-NO-017,2026-03-07 09:02:12,86.0,28779.0,INTERCEPTED
EVT-2026-03133,CMP-2026-03809,ATM-WE-047,2026-03-03 19:29:21,17.9,40000.0,SUCCESSFUL
EVT-2026-03134,CMP-2026-03810,ATM-NO-017,2026-07-18 15:22:54,76.8,40000.0,INTERCEPTED
EVT-2026-03135,CMP-2026-03811,ATM-WE-041,2026-03-17 15:17:07,135.3,50000.0,SUCCESSFUL
EVT-2026-03136,CMP-2026-03812,ATM-CE-002,2026-03-26 09:04:35,42.7,40000.0,SUCCESSFUL
EVT-2026-03137,CMP-2026-03813,ATM-WE-045,2026-08-24 19:50:40,41.0,15134.6,SUCCESSFUL
EVT-2026-03138,CMP-2026-03814,ATM-SO-026,2026-03-04 17:07:14,74.6,31868.49,SUCCESSFUL
EVT-2026-03139,CMP-2026-03815,ATM-WE-041,2026-05-02 15:04:23,39.5,10000.0,SUCCESSFUL
EVT-2026-03140,CMP-2026-03816,ATM-SO-029,2026-07-23 15:51:55,38.2,40000.0,SUCCESSFUL
EVT-2026-03141,CMP-2026-03817,ATM-CE-006,2026-03-24 21:19:42,35.1,6935.59,SUCCESSFUL
EVT-2026-03142,CMP-2026-03818,ATM-SO-024,2026-07-18 17:37:10,22.7,40000.0,SUCCESSFUL
EVT-2026-03143,CMP-2026-03819,ATM-SO-022,2026-04-04 18:07:33,128.2,40000.0,SUCCESSFUL
EVT-2026-03144,CMP-2026-03821,ATM-SO-027,2026-04-16 13:34:37,29.7,20000.0,SUCCESSFUL
EVT-2026-03145,CMP-2026-03822,ATM-CE-008,2026-03-05 22:38:55,67.9,10000.0,SUCCESSFUL
EVT-2026-03146,CMP-2026-03823,ATM-NO-013,2026-05-05 15:53:18,42.8,50000.0,SUCCESSFUL
EVT-2026-03147,CMP-2026-03824,ATM-CE-004,2026-04-20 18:46:19,95.7,50000.0,SUCCESSFUL
EVT-2026-03148,CMP-2026-03826,ATM-SO-026,2026-03-05 12:08:19,54.2,40000.0,SUCCESSFUL
EVT-2026-03149,CMP-2026-03827,ATM-NO-018,2026-06-04 22:25:36,28.5,24310.08,SUCCESSFUL
EVT-2026-03150,CMP-2026-03829,ATM-EA-034,2026-06-22 15:51:05,50.9,40000.0,SUCCESSFUL
EVT-2026-03151,CMP-2026-03830,ATM-CE-003,2026-03-06 15:27:55,144.8,6246.55,SUCCESSFUL
EVT-2026-03152,CMP-2026-03833,ATM-EA-034,2026-04-25 14:52:24,48.0,40000.0,SUCCESSFUL
EVT-2026-03153,CMP-2026-03834,ATM-SO-028,2026-05-06 17:25:35,237.7,20000.0,SUCCESSFUL
EVT-2026-03154,CMP-2026-03835,ATM-NO-019,2026-07-30 15:02:51,54.0,47045.39,SUCCESSFUL
EVT-2026-03155,CMP-2026-03836,ATM-SO-023,2026-05-18 09:53:29,46.5,10000.0,SUCCESSFUL
EVT-2026-03156,CMP-2026-03837,ATM-SO-029,2026-07-22 11:52:46,20.7,10000.0,SUCCESSFUL
EVT-2026-03157,CMP-2026-03838,ATM-WE-047,2026-07-24 15:13:44,25.9,20000.0,SUCCESSFUL
EVT-2026-03158,CMP-2026-03839,ATM-WE-048,2026-03-19 16:22:04,296.8,5703.39,SUCCESSFUL
EVT-2026-03159,CMP-2026-03840,ATM-EA-038,2026-05-16 20:26:59,24.4,10000.0,SUCCESSFUL
EVT-2026-03160,CMP-2026-03841,ATM-EA-040,2026-07-25 18:27:39,45.3,20000.0,SUCCESSFUL
EVT-2026-03161,CMP-2026-03842,ATM-SO-025,2026-06-15 11:41:19,45.6,40000.0,SUCCESSFUL
EVT-2026-03162,CMP-2026-03843,ATM-NO-020,2026-07-05 23:00:12,31.1,10000.0,SUCCESSFUL
EVT-2026-03163,CMP-2026-03844,ATM-EA-040,2026-05-13 06:21:15,15.0,20000.0,SUCCESSFUL
EVT-2026-03164,CMP-2026-03846,ATM-EA-034,2026-05-05 11:47:56,74.7,20000.0,SUCCESSFUL
EVT-2026-03165,CMP-2026-03847,ATM-WE-042,2026-04-01 14:38:24,113.2,11864.19,INTERCEPTED
EVT-2026-03166,CMP-2026-03848,ATM-NO-016,2026-06-04 16:32:38,58.9,49636.84,SUCCESSFUL
EVT-2026-03167,CMP-2026-03849,ATM-CE-003,2026-07-05 22:28:02,109.8,20000.0,INTERCEPTED
EVT-2026-03168,CMP-2026-03850,ATM-EA-031,2026-03-01 16:46:12,33.5,20000.0,SUCCESSFUL
EVT-2026-03169,CMP-2026-03851,ATM-CE-007,2026-06-18 19:28:57,78.1,13990.89,SUCCESSFUL
EVT-2026-03170,CMP-2026-03853,ATM-CE-005,2026-05-18 11:46:49,37.7,10000.0,SUCCESSFUL
EVT-2026-03171,CMP-2026-03854,ATM-NO-012,2026-06-03 12:40:25,47.3,50000.0,SUCCESSFUL
EVT-2026-03172,CMP-2026-03855,ATM-CE-001,2026-03-04 11:48:07,104.8,13676.02,SUCCESSFUL
EVT-2026-03173,CMP-2026-03856,ATM-WE-047,2026-03-19 15:01:07,39.5,10000.0,SUCCESSFUL
EVT-2026-03174,CMP-2026-03857,ATM-CE-002,2026-07-22 15:07:29,64.0,50000.0,INTERCEPTED
EVT-2026-03175,CMP-2026-03858,ATM-NO-015,2026-04-15 22:45:12,43.4,19478.91,SUCCESSFUL
EVT-2026-03176,CMP-2026-03860,ATM-EA-038,2026-06-10 18:24:45,99.9,40000.0,SUCCESSFUL
EVT-2026-03177,CMP-2026-03861,ATM-EA-038,2026-04-26 15:01:02,138.3,20000.0,INTERCEPTED
EVT-2026-03178,CMP-2026-03862,ATM-CE-009,2026-06-18 08:47:02,15.0,35044.61,SUCCESSFUL
EVT-2026-03179,CMP-2026-03863,ATM-CE-003,2026-06-25 21:37:58,59.1,50000.0,SUCCESSFUL
EVT-2026-03180,CMP-2026-03864,ATM-NO-014,2026-06-04 09:31:55,120.3,10000.0,INTERCEPTED
EVT-2026-03181,CMP-2026-03865,ATM-NO-011,2026-06-15 16:12:35,89.5,21415.95,SUCCESSFUL
EVT-2026-03182,CMP-2026-03867,ATM-EA-034,2026-08-19 03:35:36,26.4,10000.0,SUCCESSFUL
EVT-2026-03183,CMP-2026-03868,ATM-WE-045,2026-05-27 14:19:11,42.9,20000.0,SUCCESSFUL
EVT-2026-03184,CMP-2026-03869,ATM-WE-041,2026-07-16 13:44:57,17.8,27692.94,SUCCESSFUL
EVT-2026-03185,CMP-2026-03871,ATM-SO-023,2026-05-20 14:36:07,36.1,40000.0,SUCCESSFUL
EVT-2026-03186,CMP-2026-03873,ATM-SO-026,2026-06-27 23:18:20,257.1,37926.89,SUCCESSFUL
EVT-2026-03187,CMP-2026-03874,ATM-SO-026,2026-06-06 20:37:12,27.1,10000.0,SUCCESSFUL
EVT-2026-03188,CMP-2026-03875,ATM-EA-036,2026-07-30 19:02:00,79.3,10261.06,SUCCESSFUL
EVT-2026-03189,CMP-2026-03877,ATM-CE-006,2026-08-17 17:59:48,68.7,50000.0,SUCCESSFUL
EVT-2026-03190,CMP-2026-03879,ATM-CE-002,2026-07-10 18:43:16,128.7,39654.42,SUCCESSFUL
EVT-2026-03191,CMP-2026-03880,ATM-WE-048,2026-08-15 12:19:42,47.7,10000.0,SUCCESSFUL
EVT-2026-03192,CMP-2026-03882,ATM-NO-012,2026-04-24 18:44:45,36.6,48274.42,SUCCESSFUL
EVT-2026-03193,CMP-2026-03883,ATM-SO-023,2026-08-19 00:21:23,25.0,20000.0,SUCCESSFUL
EVT-2026-03194,CMP-2026-03884,ATM-EA-034,2026-06-11 13:50:47,22.3,10000.0,SUCCESSFUL
EVT-2026-03195,CMP-2026-03885,ATM-CE-008,2026-06-06 20:05:45,61.9,10000.0,SUCCESSFUL
EVT-2026-03196,CMP-2026-03886,ATM-WE-043,2026-05-15 09:55:24,34.9,20000.0,SUCCESSFUL
EVT-2026-03197,CMP-2026-03887,ATM-NO-014,2026-07-30 23:17:13,232.6,38603.68,INTERCEPTED
EVT-2026-03198,CMP-2026-03888,ATM-CE-002,2026-06-25 23:50:15,44.3,50000.0,SUCCESSFUL
EVT-2026-03199,CMP-2026-03889,ATM-SO-027,2026-06-30 12:34:26,57.2,50000.0,SUCCESSFUL
EVT-2026-03200,CMP-2026-03890,ATM-NO-020,2026-06-09 18:57:23,25.2,46969.51,SUCCESSFUL
EVT-2026-03201,CMP-2026-03892,ATM-CE-001,2026-06-28 20:24:22,21.1,40000.0,SUCCESSFUL
EVT-2026-03202,CMP-2026-03894,ATM-EA-038,2026-03-16 09:02:57,25.5,50000.0,SUCCESSFUL
EVT-2026-03203,CMP-2026-03895,ATM-WE-050,2026-03-08 22:32:35,35.0,20000.0,SUCCESSFUL
EVT-2026-03204,CMP-2026-03896,ATM-NO-016,2026-05-27 20:46:03,62.1,20000.0,SUCCESSFUL
EVT-2026-03205,CMP-2026-03897,ATM-WE-044,2026-04-29 19:14:17,49.9,49863.05,SUCCESSFUL
EVT-2026-03206,CMP-2026-03898,ATM-EA-031,2026-06-13 12:09:51,15.0,50000.0,SUCCESSFUL
EVT-2026-03207,CMP-2026-03900,ATM-CE-002,2026-08-14 12:18:41,34.0,50000.0,SUCCESSFUL
EVT-2026-03208,CMP-2026-03901,ATM-CE-007,2026-05-09 12:22:36,66.8,50000.0,INTERCEPTED
EVT-2026-03209,CMP-2026-03902,ATM-WE-049,2026-05-21 18:18:13,119.1,10000.0,INTERCEPTED
EVT-2026-03210,CMP-2026-03903,ATM-NO-011,2026-04-30 10:58:40,94.5,40000.0,SUCCESSFUL
EVT-2026-03211,CMP-2026-03904,ATM-WE-048,2026-04-13 23:05:41,25.3,14640.25,SUCCESSFUL
EVT-2026-03212,CMP-2026-03905,ATM-NO-017,2026-03-01 14:28:23,171.6,40000.0,SUCCESSFUL
EVT-2026-03213,CMP-2026-03906,ATM-EA-038,2026-06-04 16:18:47,46.6,50000.0,SUCCESSFUL
EVT-2026-03214,CMP-2026-03907,ATM-NO-018,2026-03-25 12:35:18,18.9,34215.58,SUCCESSFUL
EVT-2026-03215,CMP-2026-03908,ATM-EA-037,2026-06-17 15:07:58,183.5,10000.0,INTERCEPTED
EVT-2026-03216,CMP-2026-03909,ATM-CE-004,2026-03-14 09:41:07,48.0,20000.0,SUCCESSFUL
EVT-2026-03217,CMP-2026-03910,ATM-CE-002,2026-05-04 16:06:51,18.2,20000.0,SUCCESSFUL
EVT-2026-03218,CMP-2026-03911,ATM-SO-029,2026-08-27 18:29:52,94.7,10000.0,INTERCEPTED
EVT-2026-03219,CMP-2026-03912,ATM-CE-002,2026-05-25 18:08:36,41.7,17733.11,SUCCESSFUL
EVT-2026-03220,CMP-2026-03913,ATM-WE-045,2026-08-24 08:41:30,38.5,10000.0,SUCCESSFUL
EVT-2026-03221,CMP-2026-03914,ATM-EA-032,2026-05-12 13:40:09,50.3,20000.0,SUCCESSFUL
EVT-2026-03222,CMP-2026-03915,ATM-SO-025,2026-05-04 10:49:12,31.4,20000.0,SUCCESSFUL
EVT-2026-03223,CMP-2026-03916,ATM-EA-031,2026-04-17 18:17:37,38.5,10000.0,SUCCESSFUL
EVT-2026-03224,CMP-2026-03917,ATM-CE-005,2026-08-05 14:16:21,32.1,48130.12,SUCCESSFUL
EVT-2026-03225,CMP-2026-03918,ATM-WE-047,2026-05-12 18:24:42,80.2,28154.0,SUCCESSFUL
EVT-2026-03226,CMP-2026-03919,ATM-EA-032,2026-08-10 00:43:28,43.7,20000.0,SUCCESSFUL
EVT-2026-03227,CMP-2026-03920,ATM-CE-008,2026-07-05 16:49:28,130.9,10000.0,SUCCESSFUL
EVT-2026-03228,CMP-2026-03922,ATM-EA-038,2026-05-23 19:11:16,36.1,10000.0,SUCCESSFUL
EVT-2026-03229,CMP-2026-03924,ATM-EA-034,2026-03-19 12:59:42,44.8,20000.0,SUCCESSFUL
EVT-2026-03230,CMP-2026-03926,ATM-NO-019,2026-06-07 14:55:31,75.8,20000.0,SUCCESSFUL
EVT-2026-03231,CMP-2026-03927,ATM-NO-019,2026-06-13 12:58:30,73.9,23118.11,SUCCESSFUL
EVT-2026-03232,CMP-2026-03929,ATM-NO-018,2026-03-17 15:11:42,50.1,24866.71,SUCCESSFUL
EVT-2026-03233,CMP-2026-03930,ATM-SO-029,2026-07-23 13:44:45,41.6,20000.0,SUCCESSFUL
EVT-2026-03234,CMP-2026-03931,ATM-CE-005,2026-07-09 11:41:45,58.6,13090.17,SUCCESSFUL
EVT-2026-03235,CMP-2026-03933,ATM-EA-031,2026-03-09 06:38:43,31.7,9140.03,SUCCESSFUL
EVT-2026-03236,CMP-2026-03935,ATM-EA-040,2026-06-05 20:58:20,128.8,20000.0,SUCCESSFUL
EVT-2026-03237,CMP-2026-03936,ATM-SO-023,2026-04-15 00:47:02,61.4,40000.0,SUCCESSFUL
EVT-2026-03238,CMP-2026-03937,ATM-EA-038,2026-04-28 23:26:34,48.5,10000.0,SUCCESSFUL
EVT-2026-03239,CMP-2026-03938,ATM-WE-043,2026-03-09 22:05:13,86.5,40000.0,SUCCESSFUL
EVT-2026-03240,CMP-2026-03939,ATM-EA-036,2026-04-23 12:31:09,53.9,40000.0,SUCCESSFUL
EVT-2026-03241,CMP-2026-03941,ATM-NO-011,2026-07-20 13:16:36,28.7,50000.0,SUCCESSFUL
EVT-2026-03242,CMP-2026-03942,ATM-SO-024,2026-05-17 13:46:39,20.6,50000.0,SUCCESSFUL
EVT-2026-03243,CMP-2026-03943,ATM-SO-030,2026-04-17 19:09:49,69.0,40000.0,SUCCESSFUL
EVT-2026-03244,CMP-2026-03944,ATM-NO-019,2026-08-03 15:05:51,34.1,10000.0,SUCCESSFUL
EVT-2026-03245,CMP-2026-03945,ATM-NO-012,2026-06-11 18:49:50,59.5,20000.0,SUCCESSFUL
EVT-2026-03246,CMP-2026-03946,ATM-SO-022,2026-04-04 14:36:31,63.7,50000.0,SUCCESSFUL
EVT-2026-03247,CMP-2026-03947,ATM-WE-048,2026-03-24 12:17:08,22.3,50000.0,SUCCESSFUL
EVT-2026-03248,CMP-2026-03949,ATM-WE-048,2026-04-03 12:12:21,46.0,10000.0,SUCCESSFUL
EVT-2026-03249,CMP-2026-03950,ATM-CE-003,2026-03-20 11:40:27,60.1,40000.0,INTERCEPTED
EVT-2026-03250,CMP-2026-03951,ATM-CE-008,2026-03-10 12:47:55,62.9,20000.0,SUCCESSFUL
EVT-2026-03251,CMP-2026-03952,ATM-NO-012,2026-08-02 20:47:59,40.8,20000.0,SUCCESSFUL
EVT-2026-03252,CMP-2026-03953,ATM-SO-023,2026-08-21 18:41:43,50.3,50000.0,SUCCESSFUL
EVT-2026-03253,CMP-2026-03954,ATM-EA-037,2026-07-03 20:37:19,187.0,29194.91,SUCCESSFUL
EVT-2026-03254,CMP-2026-03955,ATM-CE-001,2026-05-10 11:37:19,91.2,10000.0,INTERCEPTED
EVT-2026-03255,CMP-2026-03956,ATM-WE-041,2026-08-11 16:39:58,105.4,40000.0,SUCCESSFUL
EVT-2026-03256,CMP-2026-03957,ATM-SO-021,2026-06-02 08:50:40,86.6,10000.0,INTERCEPTED
EVT-2026-03257,CMP-2026-03958,ATM-EA-031,2026-06-14 13:02:33,37.1,20000.0,SUCCESSFUL
EVT-2026-03258,CMP-2026-03959,ATM-WE-048,2026-04-05 07:27:13,22.0,26039.22,SUCCESSFUL
EVT-2026-03259,CMP-2026-03960,ATM-CE-006,2026-05-19 16:15:20,24.4,40000.0,SUCCESSFUL
EVT-2026-03260,CMP-2026-03961,ATM-WE-048,2026-05-20 11:13:44,28.3,20000.0,SUCCESSFUL
EVT-2026-03261,CMP-2026-03962,ATM-EA-038,2026-06-23 18:18:32,51.5,10000.0,SUCCESSFUL
EVT-2026-03262,CMP-2026-03963,ATM-SO-022,2026-03-10 06:32:53,59.6,50000.0,SUCCESSFUL
EVT-2026-03263,CMP-2026-03964,ATM-CE-001,2026-05-01 18:13:53,46.5,50000.0,SUCCESSFUL
EVT-2026-03264,CMP-2026-03965,ATM-SO-030,2026-08-03 15:42:53,68.8,40000.0,SUCCESSFUL
EVT-2026-03265,CMP-2026-03966,ATM-WE-048,2026-08-23 08:00:04,19.9,9606.2,SUCCESSFUL
EVT-2026-03266,CMP-2026-03967,ATM-WE-041,2026-08-18 14:40:07,28.8,20000.0,SUCCESSFUL
EVT-2026-03267,CMP-2026-03968,ATM-SO-029,2026-05-30 16:33:47,37.5,40000.0,SUCCESSFUL
EVT-2026-03268,CMP-2026-03969,ATM-EA-034,2026-03-09 16:17:40,34.2,33309.96,SUCCESSFUL
EVT-2026-03269,CMP-2026-03970,ATM-NO-019,2026-04-21 18:01:08,31.8,15440.95,SUCCESSFUL
EVT-2026-03270,CMP-2026-03971,ATM-SO-027,2026-07-31 12:24:30,20.4,20000.0,SUCCESSFUL
EVT-2026-03271,CMP-2026-03972,ATM-SO-026,2026-03-28 14:56:52,71.4,50000.0,SUCCESSFUL
EVT-2026-03272,CMP-2026-03973,ATM-CE-001,2026-06-20 12:19:31,87.4,50000.0,SUCCESSFUL
EVT-2026-03273,CMP-2026-03974,ATM-NO-020,2026-04-13 10:35:07,136.4,20000.0,SUCCESSFUL
EVT-2026-03274,CMP-2026-03975,ATM-CE-001,2026-03-06 16:27:28,31.6,16632.47,SUCCESSFUL
EVT-2026-03275,CMP-2026-03977,ATM-CE-002,2026-05-03 20:07:31,66.8,10000.0,SUCCESSFUL
EVT-2026-03276,CMP-2026-03979,ATM-SO-023,2026-04-15 20:56:59,71.3,50000.0,SUCCESSFUL
EVT-2026-03277,CMP-2026-03980,ATM-NO-014,2026-07-21 14:29:20,15.0,15185.71,SUCCESSFUL
EVT-2026-03278,CMP-2026-03981,ATM-SO-024,2026-04-18 19:40:40,43.4,20000.0,SUCCESSFUL
EVT-2026-03279,CMP-2026-03983,ATM-CE-009,2026-08-03 23:18:03,147.4,10000.0,SUCCESSFUL
EVT-2026-03280,CMP-2026-03984,ATM-WE-048,2026-05-11 14:15:18,44.8,10000.0,SUCCESSFUL
EVT-2026-03281,CMP-2026-03985,ATM-WE-048,2026-07-30 17:00:24,38.2,35647.41,SUCCESSFUL
EVT-2026-03282,CMP-2026-03986,ATM-CE-005,2026-08-13 20:06:11,42.9,10000.0,SUCCESSFUL
EVT-2026-03283,CMP-2026-03987,ATM-CE-009,2026-07-27 15:37:22,23.5,23934.96,SUCCESSFUL
EVT-2026-03284,CMP-2026-03988,ATM-WE-043,2026-07-02 23:00:07,89.5,50000.0,SUCCESSFUL
EVT-2026-03285,CMP-2026-03989,ATM-NO-017,2026-06-08 23:38:57,38.3,10973.15,SUCCESSFUL
EVT-2026-03286,CMP-2026-03990,ATM-WE-047,2026-04-13 11:05:34,27.5,50000.0,SUCCESSFUL
EVT-2026-03287,CMP-2026-03991,ATM-NO-019,2026-08-20 12:55:08,22.4,23095.57,SUCCESSFUL
EVT-2026-03288,CMP-2026-03992,ATM-EA-034,2026-07-23 16:09:47,153.2,20000.0,SUCCESSFUL
EVT-2026-03289,CMP-2026-03993,ATM-EA-038,2026-07-16 19:31:25,53.4,40000.0,SUCCESSFUL
EVT-2026-03290,CMP-2026-03995,ATM-EA-038,2026-03-19 08:11:04,17.6,40000.0,SUCCESSFUL
EVT-2026-03291,CMP-2026-03996,ATM-CE-006,2026-05-07 14:28:42,25.9,50000.0,SUCCESSFUL
EVT-2026-03292,CMP-2026-03997,ATM-EA-040,2026-07-06 16:52:50,41.6,20000.0,SUCCESSFUL
EVT-2026-03293,CMP-2026-03998,ATM-CE-009,2026-07-28 10:27:03,45.8,20000.0,SUCCESSFUL
EVT-2026-03294,CMP-2026-03999,ATM-CE-007,2026-06-02 23:06:49,51.2,20000.0,SUCCESSFUL
EVT-2026-03295,CMP-2026-04000,ATM-SO-023,2026-08-23 11:16:45,35.1,10000.0,SUCCESSFUL
