complaint_id,incident_timestamp,complaint_timestamp,reporting_delay_mins,crime_category,reported_amount,payment_channel,mule_bank_code,mule_account_tier,mule_branch_zone,incident_hour,incident_day_of_week,complaint_status
CMP-2026-00001,2026-06-24 16:01:47,2026-06-24 16:50:35,48.8,TASK_FRAUD,27826.73,UPI,BANK_HDFC_SYNTH,NEW_DIGITAL,ZONE_WEST,16,2,REGISTERED
CMP-2026-00002,2026-03-26 20:06:43,2026-03-26 21:26:49,80.1,INVESTMENT_FRAUD,96811.08,IMPS,BANK_HDFC_SYNTH,RURAL_REGIONAL,ZONE_WEST,20,3,REGISTERED
CMP-2026-00003,2026-06-15 20:02:01,2026-06-15 20:28:13,26.2,PHISHING_UPI,36535.19,UPI,BANK_PNB_SYNTH,RURAL_REGIONAL,ZONE_EAST,20,0,REGISTERED
CMP-2026-00004,2026-05-30 12:01:35,2026-05-30 14:25:41,144.1,INVESTMENT_FRAUD,87630.98,IMPS,BANK_SBI_SYNTH,STANDARD,ZONE_CENTRAL,12,5,REGISTERED
CMP-2026-00005,2026-04-09 17:37:17,2026-04-09 17:56:35,19.3,PHISHING_UPI,28290.9,IMPS,BANK_HDFC_SYNTH,STANDARD,ZONE_EAST,17,3,REGISTERED
CMP-2026-00006,2026-07-15 20:10:44,2026-07-15 21:48:14,97.5,LOAN_SCAM,35044.45,UPI,BANK_ICIC_SYNTH,STANDARD,ZONE_CENTRAL,20,2,REGISTERED
CMP-2026-00007,2026-03-28 08:48:21,2026-03-28 09:15:21,27.0,INVESTMENT_FRAUD,43825.07,NEFT,BANK_PNB_SYNTH,NEW_DIGITAL,ZONE_EAST,8,5,REGISTERED
CMP-2026-00008,2026-07-31 17:38:16,2026-07-31 18:27:58,49.7,PHISHING_UPI,29664.5,UPI,BANK_SBI_SYNTH,STANDARD,ZONE_EAST,17,4,REGISTERED
CMP-2026-00009,2026-06-05 19:59:24,2026-06-05 20:41:48,42.4,EXTORTION,43539.23,UPI,BANK_SBI_SYNTH,NEW_DIGITAL,ZONE_SOUTH,19,4,REGISTERED
CMP-2026-00010,2026-07-28 12:39:56,2026-07-28 15:21:50,161.9,LOAN_SCAM,39510.04,IMPS,BANK_HDFC_SYNTH,NEW_DIGITAL,ZONE_WEST,12,1,REGISTERED
CMP-2026-00011,2026-06-12 11:45:04,2026-06-12 12:59:34,74.5,INVESTMENT_FRAUD,89491.67,UPI,BANK_SBI_SYNTH,NEW_DIGITAL,ZONE_NORTH,11,4,REGISTERED
CMP-2026-00012,2026-07-18 18:05:54,2026-07-18 19:34:06,88.2,INVESTMENT_FRAUD,101036.78,UPI,BANK_SBI_SYNTH,STANDARD,ZONE_WEST,18,5,REGISTERED
CMP-2026-00013,2026-05-08 15:29:40,2026-05-08 17:01:34,91.9,INVESTMENT_FRAUD,126385.96,NEFT,BANK_HDFC_SYNTH,STANDARD,ZONE_CENTRAL,15,4,REGISTERED
CMP-2026-00014,2026-03-30 23:22:13,2026-03-31 00:17:37,55.4,LOAN_SCAM,6590.62,UPI,BANK_AXIS_SYNTH,RURAL_REGIONAL,ZONE_EAST,23,0,REGISTERED
CMP-2026-00015,2026-06-18 09:10:34,2026-06-18 11:06:34,116.0,INVESTMENT_FRAUD,78879.76,UPI,BANK_SBI_SYNTH,NEW_DIGITAL,ZONE_CENTRAL,9,3,REGISTERED
CMP-2026-00016,2026-05-23 08:17:59,2026-05-23 08:38:11,20.2,INVESTMENT_FRAUD,56975.55,UPI,BANK_AXIS_SYNTH,NEW_DIGITAL,ZONE_WEST,8,5,REGISTERED
CMP-2026-00017,2026-07-30 14:49:03,2026-07-30 15:13:39,24.6,EXTORTION,49491.05,UPI,BANK_HDFC_SYNTH,NEW_DIGITAL,ZONE_SOUTH,14,3,REGISTERED
CMP-2026-00018,2026-07-23 20:25:17,2026-07-23 20:58:29,33.2,TASK_FRAUD,41872.57,UPI,BANK_PNB_SYNTH,STANDARD,ZONE_WEST,20,3,REGISTERED
CMP-2026-00019,2026-04-08 13:31:25,2026-04-08 13:48:31,17.1,INVESTMENT_FRAUD,192418.42,IMPS,BANK_SBI_SYNTH,STANDARD,ZONE_NORTH,13,2,REGISTERED
CMP-2026-00020,2026-06-24 11:09:16,2026-06-24 11:26:34,17.3,PHISHING_UPI,33616.92,IMPS,BANK_HDFC_SYNTH,RURAL_REGIONAL,ZONE_EAST,11,2,REGISTERED
CMP-2026-00021,2026-05-17 19:37:25,2026-05-17 20:28:49,51.4,INVESTMENT_FRAUD,39749.14,IMPS,BANK_ICIC_SYNTH,STANDARD,ZONE_SOUTH,19,6,REGISTERED
CMP-2026-00022,2026-05-31 22:05:48,2026-05-31 22:43:48,38.0,PHISHING_UPI,10005.12,IMPS,BANK_HDFC_SYNTH,NEW_DIGITAL,ZONE_EAST,22,6,REGISTERED
CMP-2026-00023,2026-03-29 16:43:27,2026-03-29 17:13:15,29.8,EXTORTION,28373.87,IMPS,BANK_ICIC_SYNTH,NEW_DIGITAL,ZONE_WEST,16,6,REGISTERED
CMP-2026-00024,2026-08-27 09:33:16,2026-08-27 10:40:04,66.8,INVESTMENT_FRAUD,56265.15,UPI,BANK_SBI_SYNTH,NEW_DIGITAL,ZONE_EAST,9,3,REGISTERED
CMP-2026-00025,2026-08-02 12:00:43,2026-08-02 12:15:01,14.3,EXTORTION,28958.47,IMPS,BANK_SBI_SYNTH,NEW_DIGITAL,ZONE_SOUTH,12,6,REGISTERED
CMP-2026-00026,2026-07-17 09:21:07,2026-07-17 11:46:25,145.3,INVESTMENT_FRAUD,125538.03,UPI,BANK_HDFC_SYNTH,RURAL_REGIONAL,ZONE_CENTRAL,9,4,REGISTERED
CMP-2026-00027,2026-05-21 17:46:56,2026-05-21 19:19:02,92.1,INVESTMENT_FRAUD,179140.47,NEFT,BANK_SBI_SYNTH,NEW_DIGITAL,ZONE_CENTRAL,17,3,REGISTERED
CMP-2026-00028,2026-03-20 15:40:19,2026-03-20 16:11:01,30.7,PHISHING_UPI,55822.3,UPI,BANK_ICIC_SYNTH,STANDARD,ZONE_NORTH,15,4,REGISTERED
CMP-2026-00029,2026-05-31 10:12:09,2026-05-31 10:28:27,16.3,EXTORTION,30467.1,UPI,BANK_SBI_SYNTH,NEW_DIGITAL,ZONE_SOUTH,10,6,REGISTERED
CMP-2026-00030,2026-06-06 16:49:59,2026-06-06 17:02:05,12.1,EXTORTION,13568.17,UPI,BANK_SBI_SYNTH,NEW_DIGITAL,ZONE_CENTRAL,16,5,REGISTERED
CMP-2026-00031,2026-06-16 21:31:01,2026-06-16 21:48:55,17.9,INVESTMENT_FRAUD,123622.58,IMPS,BANK_ICIC_SYNTH,NEW_DIGITAL,ZONE_SOUTH,21,1,REGISTERED
CMP-2026-00032,2026-08-06 08:53:51,2026-08-06 09:38:27,44.6,TASK_FRAUD,46427.88,NEFT,BANK_SBI_SYNTH,NEW_DIGITAL,ZONE_EAST,8,3,REGISTERED
CMP-2026-00033,2026-06-11 19:05:05,2026-06-11 20:24:17,79.2,LOAN_SCAM,5185.5,NEFT,BANK_HDFC_SYNTH,STANDARD,ZONE_CENTRAL,19,3,REGISTERED
CMP-2026-00034,2026-06-04 13:08:08,2026-06-04 14:37:50,89.7,LOAN_SCAM,29883.34,UPI,BANK_ICIC_SYNTH,STANDARD,ZONE_CENTRAL,13,3,REGISTERED
CMP-2026-00035,2026-04-17 07:55:38,2026-04-17 10:23:44,148.1,INVESTMENT_FRAUD,114388.12,UPI,BANK_SBI_SYNTH,NEW_DIGITAL,ZONE_NORTH,7,4,REGISTERED
CMP-2026-00036,2026-08-15 12:48:46,2026-08-15 13:41:04,52.3,INVESTMENT_FRAUD,35447.3,UPI,BANK_HDFC_SYNTH,STANDARD,ZONE_SOUTH,12,5,REGISTERED
CMP-2026-00037,2026-05-11 15:42:41,2026-05-11 16:13:59,31.3,INVESTMENT_FRAUD,45971.88,IMPS,BANK_HDFC_SYNTH,RURAL_REGIONAL,ZONE_SOUTH,15,0,REGISTERED
CMP-2026-00038,2026-04-10 16:21:01,2026-04-10 16:37:19,16.3,PHISHING_UPI,33768.6,UPI,BANK_PNB_SYNTH,NEW_DIGITAL,ZONE_SOUTH,16,4,REGISTERED
CMP-2026-00039,2026-06-14 21:00:04,2026-06-14 21:12:04,12.0,PHISHING_UPI,24544.93,UPI,BANK_HDFC_SYNTH,NEW_DIGITAL,ZONE_SOUTH,21,6,REGISTERED
CMP-2026-00040,2026-08-10 19:55:21,2026-08-10 21:21:21,86.0,INVESTMENT_FRAUD,179973.8,UPI,BANK_ICIC_SYNTH,STANDARD,ZONE_WEST,19,0,REGISTERED
CMP-2026-00041,2026-04-20 11:31:13,2026-04-20 11:52:13,21.0,PHISHING_UPI,6844.28,IMPS,BANK_ICIC_SYNTH,RURAL_REGIONAL,ZONE_CENTRAL,11,0,REGISTERED
CMP-2026-00042,2026-04-13 23:30:51,2026-04-13 23:51:39,20.8,TASK_FRAUD,63188.85,UPI,BANK_HDFC_SYNTH,STANDARD,ZONE_SOUTH,23,0,REGISTERED
CMP-2026-00043,2026-03-18 23:27:22,2026-03-19 00:17:10,49.8,INVESTMENT_FRAUD,92039.84,UPI,BANK_PNB_SYNTH,STANDARD,ZONE_NORTH,23,2,REGISTERED
CMP-2026-00044,2026-03-10 15:41:41,2026-03-10 16:10:35,28.9,PHISHING_UPI,55737.47,IMPS,BANK_SBI_SYNTH,STANDARD,ZONE_NORTH,15,1,REGISTERED
CMP-2026-00045,2026-07-10 12:51:55,2026-07-10 13:08:07,16.2,INVESTMENT_FRAUD,65742.95,IMPS,BANK_SBI_SYNTH,NEW_DIGITAL,ZONE_SOUTH,12,4,REGISTERED
CMP-2026-00046,2026-05-20 19:27:11,2026-05-20 19:58:41,31.5,INVESTMENT_FRAUD,90027.36,UPI,BANK_HDFC_SYNTH,RURAL_REGIONAL,ZONE_NORTH,19,2,REGISTERED
CMP-2026-00047,2026-08-05 14:04:28,2026-08-05 14:34:28,30.0,PHISHING_UPI,6806.57,NEFT,BANK_SBI_SYNTH,STANDARD,ZONE_EAST,14,2,REGISTERED
CMP-2026-00048,2026-08-27 23:53:00,2026-08-28 01:20:54,87.9,INVESTMENT_FRAUD,144483.67,UPI,BANK_AXIS_SYNTH,NEW_DIGITAL,ZONE_EAST,23,3,REGISTERED
CMP-2026-00049,2026-08-14 08:54:15,2026-08-14 09:29:57,35.7,TASK_FRAUD,44794.95,UPI,BANK_HDFC_SYNTH,STANDARD,ZONE_WEST,8,4,REGISTERED
CMP-2026-00050,2026-05-26 13:55:25,2026-05-26 14:32:55,37.5,PHISHING_UPI,21172.46,IMPS,BANK_HDFC_SYNTH,STANDARD,ZONE_CENTRAL,13,1,REGISTERED
CMP-2026-00051,2026-03-30 05:00:24,2026-03-30 05:46:48,46.4,INVESTMENT_FRAUD,65018.14,NEFT,BANK_AXIS_SYNTH,NEW_DIGITAL,ZONE_NORTH,5,0,REGISTERED
CMP-2026-00052,2026-07-04 13:46:50,2026-07-04 14:20:20,33.5,PHISHING_UPI,18963.87,UPI,BANK_HDFC_SYNTH,STANDARD,ZONE_CENTRAL,13,5,REGISTERED
CMP-2026-00053,2026-03-28 10:18:13,2026-03-28 10:56:07,37.9,INVESTMENT_FRAUD,51407.83,UPI,BANK_ICIC_SYNTH,RURAL_REGIONAL,ZONE_SOUTH,10,5,REGISTERED
CMP-2026-00054,2026-06-13 10:34:03,2026-06-13 11:13:09,39.1,TASK_FRAUD,26954.0,IMPS,BANK_ICIC_SYNTH,RURAL_REGIONAL,ZONE_WEST,10,5,REGISTERED
CMP-2026-00055,2026-05-25 16:58:54,2026-05-25 17:47:00,48.1,TASK_FRAUD,86008.59,UPI,BANK_SBI_SYNTH,RURAL_REGIONAL,ZONE_WEST,16,0,REGISTERED
CMP-2026-00056,2026-08-20 22:05:54,2026-08-20 22:41:00,35.1,TASK_FRAUD,95876.26,IMPS,BANK_SBI_SYNTH,RURAL_REGIONAL,ZONE_SOUTH,22,3,REGISTERED
CMP-2026-00057,2026-06-30 23:15:25,2026-07-01 00:22:19,66.9,INVESTMENT_FRAUD,57993.75,IMPS,BANK_AXIS_SYNTH,STANDARD,ZONE_WEST,23,1,REGISTERED
CMP-2026-00058,2026-06-13 17:02:39,2026-06-13 17:17:51,15.2,PHISHING_UPI,49827.99,UPI,BANK_SBI_SYNTH,NEW_DIGITAL,ZONE_NORTH,17,5,REGISTERED
CMP-2026-00059,2026-08-16 10:13:42,2026-08-16 10:26:24,12.7,PHISHING_UPI,18790.19,IMPS,BANK_HDFC_SYNTH,STANDARD,ZONE_CENTRAL,10,6,REGISTERED
CMP-2026-00060,2026-03-24 04:41:19,2026-03-24 05:54:37,73.3,INVESTMENT_FRAUD,62436.76,IMPS,BANK_SBI_SYNTH,STANDARD,ZONE_NORTH,4,1,REGISTERED
CMP-2026-00061,2026-03-02 17:39:36,2026-03-02 18:15:00,35.4,TASK_FRAUD,96326.95,UPI,BANK_HDFC_SYNTH,NEW_DIGITAL,ZONE_EAST,17,0,REGISTERED
CMP-2026-00062,2026-03-14 16:13:32,2026-03-14 16:38:08,24.6,EXTORTION,48209.45,UPI,BANK_ICIC_SYNTH,NEW_DIGITAL,ZONE_CENTRAL,16,5,REGISTERED
CMP-2026-00063,2026-08-06 22:56:15,2026-08-06 23:13:27,17.2,PHISHING_UPI,28915.5,UPI,BANK_PNB_SYNTH,STANDARD,ZONE_EAST,22,3,REGISTERED
CMP-2026-00064,2026-05-18 15:34:45,2026-05-18 17:58:27,143.7,INVESTMENT_FRAUD,193098.18,IMPS,BANK_ICIC_SYNTH,STANDARD,ZONE_WEST,15,0,REGISTERED
CMP-2026-00065,2026-06-29 17:35:19,2026-06-29 17:53:01,17.7,TASK_FRAUD,37696.76,NEFT,BANK_AXIS_SYNTH,NEW_DIGITAL,ZONE_NORTH,17,0,REGISTERED
CMP-2026-00066,2026-03-19 23:56:08,2026-03-20 00:28:38,32.5,TASK_FRAUD,29641.81,IMPS,BANK_SBI_SYNTH,NEW_DIGITAL,ZONE_SOUTH,23,3,REGISTERED
CMP-2026-00067,2026-03-28 12:18:38,2026-03-28 13:14:20,55.7,EXTORTION,11480.31,IMPS,BANK_SBI_SYNTH,NEW_DIGITAL,ZONE_NORTH,12,5,REGISTERED
CMP-2026-00068,2026-04-06 20:40:54,2026-04-06 21:32:00,51.1,TASK_FRAUD,65794.22,IMPS,BANK_HDFC_SYNTH,STANDARD,ZONE_WEST,20,0,REGISTERED
CMP-2026-00069,2026-04-15 15:58:54,2026-04-15 18:05:18,126.4,LOAN_SCAM,32957.41,NEFT,BANK_HDFC_SYNTH,STANDARD,ZONE_WEST,15,2,REGISTERED
CMP-2026-00070,2026-03-08 12:21:49,2026-03-08 12:56:31,34.7,INVESTMENT_FRAUD,100717.42,UPI,BANK_SBI_SYNTH,STANDARD,ZONE_CENTRAL,12,6,REGISTERED
CMP-2026-00071,2026-03-30 10:28:35,2026-03-30 10:52:23,23.8,INVESTMENT_FRAUD,41945.38,UPI,BANK_AXIS_SYNTH,NEW_DIGITAL,ZONE_CENTRAL,10,0,REGISTERED
CMP-2026-00072,2026-03-21 18:56:44,2026-03-21 19:32:44,36.0,PHISHING_UPI,59028.18,NEFT,BANK_ICIC_SYNTH,RURAL_REGIONAL,ZONE_NORTH,18,5,REGISTERED
CMP-2026-00073,2026-06-07 22:53:23,2026-06-07 23:35:17,41.9,TASK_FRAUD,38453.58,UPI,BANK_SBI_SYNTH,NEW_DIGITAL,ZONE_SOUTH,22,6,REGISTERED
CMP-2026-00074,2026-05-17 15:02:19,2026-05-17 15:14:19,12.0,PHISHING_UPI,33876.73,UPI,BANK_HDFC_SYNTH,NEW_DIGITAL,ZONE_CENTRAL,15,6,REGISTERED
CMP-2026-00075,2026-08-09 17:13:43,2026-08-09 17:31:55,18.2,INVESTMENT_FRAUD,123600.78,IMPS,BANK_HDFC_SYNTH,NEW_DIGITAL,ZONE_CENTRAL,17,6,REGISTERED
CMP-2026-00076,2026-05-03 14:35:56,2026-05-03 15:35:32,59.6,LOAN_SCAM,30732.44,UPI,BANK_SBI_SYNTH,NEW_DIGITAL,ZONE_SOUTH,14,6,REGISTERED
CMP-2026-00077,2026-08-23 14:47:09,2026-08-23 16:58:21,131.2,INVESTMENT_FRAUD,71330.23,IMPS,BANK_SBI_SYNTH,RURAL_REGIONAL,ZONE_WEST,14,6,REGISTERED
CMP-2026-00078,2026-04-12 23:10:51,2026-04-12 23:31:33,20.7,EXTORTION,23912.37,IMPS,BANK_HDFC_SYNTH,NEW_DIGITAL,ZONE_SOUTH,23,6,REGISTERED
CMP-2026-00079,2026-03-05 12:47:59,2026-03-05 13:18:17,30.3,INVESTMENT_FRAUD,90111.46,UPI,BANK_AXIS_SYNTH,NEW_DIGITAL,ZONE_SOUTH,12,3,REGISTERED
CMP-2026-00080,2026-07-23 14:55:47,2026-07-23 15:31:23,35.6,TASK_FRAUD,79480.66,UPI,BANK_PNB_SYNTH,RURAL_REGIONAL,ZONE_WEST,14,3,REGISTERED
CMP-2026-00081,2026-03-29 06:44:06,2026-03-29 07:36:00,51.9,INVESTMENT_FRAUD,97154.73,UPI,BANK_PNB_SYNTH,NEW_DIGITAL,ZONE_SOUTH,6,6,REGISTERED
CMP-2026-00082,2026-08-02 20:14:12,2026-08-02 20:42:18,28.1,LOAN_SCAM,8587.84,NEFT,BANK_ICIC_SYNTH,NEW_DIGITAL,ZONE_SOUTH,20,6,REGISTERED
CMP-2026-00083,2026-07-26 19:55:14,2026-07-26 21:26:08,90.9,TASK_FRAUD,24633.64,UPI,BANK_PNB_SYNTH,RURAL_REGIONAL,ZONE_WEST,19,6,REGISTERED
CMP-2026-00084,2026-05-11 12:17:55,2026-05-11 12:44:31,26.6,EXTORTION,24873.34,IMPS,BANK_SBI_SYNTH,NEW_DIGITAL,ZONE_NORTH,12,0,REGISTERED
CMP-2026-00085,2026-05-03 14:32:25,2026-05-03 14:58:01,25.6,EXTORTION,37747.29,UPI,BANK_SBI_SYNTH,STANDARD,ZONE_SOUTH,14,6,REGISTERED
CMP-2026-00086,2026-08-17 23:07:56,2026-08-17 23:27:20,19.4,TASK_FRAUD,41937.22,NEFT,BANK_HDFC_SYNTH,RURAL_REGIONAL,ZONE_NORTH,23,0,REGISTERED
CMP-2026-00087,2026-04-02 09:16:02,2026-04-02 10:38:20,82.3,EXTORTION,28928.4,NEFT,BANK_SBI_SYNTH,RURAL_REGIONAL,ZONE_WEST,9,3,REGISTERED
CMP-2026-00088,2026-07-20 03:27:38,2026-07-20 04:10:02,42.4,INVESTMENT_FRAUD,166471.64,UPI,BANK_PNB_SYNTH,RURAL_REGIONAL,ZONE_EAST,3,0,REGISTERED
CMP-2026-00089,2026-03-21 21:57:36,2026-03-21 22:56:00,58.4,INVESTMENT_FRAUD,55655.66,IMPS,BANK_HDFC_SYNTH,NEW_DIGITAL,ZONE_CENTRAL,21,5,REGISTERED
CMP-2026-00090,2026-07-06 08:00:33,2026-07-06 11:37:21,216.8,LOAN_SCAM,10235.32,UPI,BANK_ICIC_SYNTH,NEW_DIGITAL,ZONE_SOUTH,8,0,REGISTERED
CMP-2026-00091,2026-06-05 18:46:47,2026-06-05 19:11:35,24.8,PHISHING_UPI,7179.04,UPI,BANK_SBI_SYNTH,NEW_DIGITAL,ZONE_CENTRAL,18,4,REGISTERED
CMP-2026-00092,2026-05-05 13:04:42,2026-05-05 13:43:12,38.5,INVESTMENT_FRAUD,92092.73,IMPS,BANK_AXIS_SYNTH,NEW_DIGITAL,ZONE_CENTRAL,13,1,REGISTERED
CMP-2026-00093,2026-06-21 11:42:54,2026-06-21 12:14:36,31.7,INVESTMENT_FRAUD,47965.45,UPI,BANK_SBI_SYNTH,STANDARD,ZONE_NORTH,11,6,REGISTERED
CMP-2026-00094,2026-05-31 16:42:26,2026-05-31 16:55:56,13.5,PHISHING_UPI,6737.24,NEFT,BANK_SBI_SYNTH,STANDARD,ZONE_NORTH,16,6,REGISTERED
CMP-2026-00095,2026-04-04 17:42:24,2026-04-04 18:10:18,27.9,EXTORTION,34490.32,UPI,BANK_ICIC_SYNTH,STANDARD,ZONE_NORTH,17,5,REGISTERED
CMP-2026-00096,2026-04-24 14:35:53,2026-04-24 14:47:53,12.0,PHISHING_UPI,37630.33,IMPS,BANK_HDFC_SYNTH,STANDARD,ZONE_SOUTH,14,4,REGISTERED
CMP-2026-00097,2026-04-07 12:50:37,2026-04-07 13:04:13,13.6,EXTORTION,36348.31,UPI,BANK_HDFC_SYNTH,STANDARD,ZONE_WEST,12,1,REGISTERED
CMP-2026-00098,2026-05-19 13:13:32,2026-05-19 13:25:32,12.0,EXTORTION,39086.76,IMPS,BANK_HDFC_SYNTH,NEW_DIGITAL,ZONE_EAST,13,1,REGISTERED
CMP-2026-00099,2026-04-21 16:42:40,2026-04-21 17:27:22,44.7,TASK_FRAUD,67044.67,UPI,BANK_HDFC_SYNTH,STANDARD,ZONE_NORTH,16,1,REGISTERED
CMP-2026-00100,2026-07-26 11:48:15,2026-07-26 12:05:03,16.8,TASK_FRAUD,57265.02,IMPS,BANK_SBI_SYNTH,STANDARD,ZONE_EAST,11,6,REGISTERED
CMP-2026-00101,2026-07-24 11:09:01,2026-07-24 14:04:13,175.2,LOAN_SCAM,11334.19,NEFT,BANK_HDFC_SYNTH,NEW_DIGITAL,ZONE_EAST,11,4,REGISTERED
CMP-2026-00102,2026-06-19 11:49:04,2026-06-19 12:12:10,23.1,PHISHING_UPI,22168.14,UPI,BANK_PNB_SYNTH,NEW_DIGITAL,ZONE_CENTRAL,11,4,REGISTERED
CMP-2026-00103,2026-07-08 13:24:31,2026-07-08 16:10:49,166.3,INVESTMENT_FRAUD,63010.05,UPI,BANK_SBI_SYNTH,RURAL_REGIONAL,ZONE_CENTRAL,13,2,REGISTERED
CMP-2026-00104,2026-06-27 11:00:57,2026-06-27 11:18:09,17.2,TASK_FRAUD,68443.05,UPI,BANK_HDFC_SYNTH,STANDARD,ZONE_EAST,11,5,REGISTERED
CMP-2026-00105,2026-07-19 19:14:11,2026-07-19 19:43:11,29.0,PHISHING_UPI,6880.33,NEFT,BANK_SBI_SYNTH,NEW_DIGITAL,ZONE_NORTH,19,6,REGISTERED
CMP-2026-00106,2026-04-14 12:54:07,2026-04-14 13:39:07,45.0,INVESTMENT_FRAUD,197793.97,NEFT,BANK_SBI_SYNTH,RURAL_REGIONAL,ZONE_NORTH,12,1,REGISTERED
CMP-2026-00107,2026-06-29 17:35:38,2026-06-29 17:48:14,12.6,PHISHING_UPI,23845.94,UPI,BANK_SBI_SYNTH,NEW_DIGITAL,ZONE_EAST,17,0,REGISTERED
CMP-2026-00108,2026-07-08 12:32:27,2026-07-08 14:26:51,114.4,EXTORTION,17085.99,IMPS,BANK_PNB_SYNTH,RURAL_REGIONAL,ZONE_NORTH,12,2,REGISTERED
CMP-2026-00109,2026-06-07 15:57:10,2026-06-07 16:18:58,21.8,PHISHING_UPI,11221.04,IMPS,BANK_PNB_SYNTH,STANDARD,ZONE_WEST,15,6,REGISTERED
CMP-2026-00110,2026-05-21 19:48:15,2026-05-21 20:43:03,54.8,INVESTMENT_FRAUD,134817.4,UPI,BANK_PNB_SYNTH,RURAL_REGIONAL,ZONE_WEST,19,3,REGISTERED
CMP-2026-00111,2026-04-19 21:49:33,2026-04-19 22:18:21,28.8,PHISHING_UPI,53318.36,UPI,BANK_SBI_SYNTH,STANDARD,ZONE_NORTH,21,6,REGISTERED
CMP-2026-00112,2026-04-19 14:04:45,2026-04-19 14:26:09,21.4,PHISHING_UPI,5316.73,UPI,BANK_HDFC_SYNTH,NEW_DIGITAL,ZONE_WEST,14,6,REGISTERED
CMP-2026-00113,2026-08-08 20:05:08,2026-08-08 20:25:14,20.1,PHISHING_UPI,29443.07,UPI,BANK_HDFC_SYNTH,NEW_DIGITAL,ZONE_NORTH,20,5,REGISTERED
CMP-2026-00114,2026-07-06 07:04:26,2026-07-06 07:40:32,36.1,TASK_FRAUD,51549.23,UPI,BANK_ICIC_SYNTH,STANDARD,ZONE_SOUTH,7,0,REGISTERED
CMP-2026-00115,2026-05-14 16:13:53,2026-05-14 17:10:23,56.5,INVESTMENT_FRAUD,187960.7,UPI,BANK_AXIS_SYNTH,NEW_DIGITAL,ZONE_NORTH,16,3,REGISTERED
CMP-2026-00116,2026-08-02 17:48:36,2026-08-02 18:10:54,22.3,PHISHING_UPI,36951.26,UPI,BANK_ICIC_SYNTH,NEW_DIGITAL,ZONE_WEST,17,6,REGISTERED
CMP-2026-00117,2026-08-17 14:19:48,2026-08-17 14:33:06,13.3,PHISHING_UPI,14979.11,UPI,BANK_ICIC_SYNTH,NEW_DIGITAL,ZONE_NORTH,14,0,REGISTERED
CMP-2026-00118,2026-06-05 17:47:34,2026-06-05 17:59:34,12.0,INVESTMENT_FRAUD,35426.36,IMPS,BANK_HDFC_SYNTH,STANDARD,ZONE_NORTH,17,4,REGISTERED
CMP-2026-00119,2026-05-27 22:17:27,2026-05-27 23:06:09,48.7,EXTORTION,46000.92,UPI,BANK_SBI_SYNTH,STANDARD,ZONE_NORTH,22,2,REGISTERED
CMP-2026-00120,2026-04-30 17:43:51,2026-04-30 18:51:09,67.3,INVESTMENT_FRAUD,104950.89,UPI,BANK_SBI_SYNTH,RURAL_REGIONAL,ZONE_CENTRAL,17,3,REGISTERED
CMP-2026-00121,2026-07-30 22:58:08,2026-07-30 23:26:08,28.0,PHISHING_UPI,17757.09,UPI,BANK_HDFC_SYNTH,NEW_DIGITAL,ZONE_NORTH,22,3,REGISTERED
CMP-2026-00122,2026-06-05 08:58:25,2026-06-05 09:22:49,24.4,PHISHING_UPI,29349.43,UPI,BANK_ICIC_SYNTH,NEW_DIGITAL,ZONE_EAST,8,4,REGISTERED
CMP-2026-00123,2026-05-17 15:55:29,2026-05-17 16:47:29,52.0,INVESTMENT_FRAUD,141472.82,IMPS,BANK_HDFC_SYNTH,NEW_DIGITAL,ZONE_CENTRAL,15,6,REGISTERED
CMP-2026-00124,2026-04-08 14:20:21,2026-04-08 14:32:21,12.0,PHISHING_UPI,8846.24,IMPS,BANK_SBI_SYNTH,STANDARD,ZONE_SOUTH,14,2,REGISTERED
CMP-2026-00125,2026-08-19 18:26:16,2026-08-19 19:19:28,53.2,PHISHING_UPI,30586.31,UPI,BANK_HDFC_SYNTH,RURAL_REGIONAL,ZONE_WEST,18,2,REGISTERED
CMP-2026-00126,2026-05-24 20:47:34,2026-05-24 21:55:22,67.8,INVESTMENT_FRAUD,102563.85,UPI,BANK_PNB_SYNTH,NEW_DIGITAL,ZONE_EAST,20,6,REGISTERED
CMP-2026-00127,2026-04-10 12:04:49,2026-04-10 12:51:37,46.8,INVESTMENT_FRAUD,195737.16,UPI,BANK_ICIC_SYNTH,STANDARD,ZONE_CENTRAL,12,4,REGISTERED
CMP-2026-00128,2026-03-08 20:01:15,2026-03-08 20:13:15,12.0,PHISHING_UPI,9901.84,IMPS,BANK_SBI_SYNTH,RURAL_REGIONAL,ZONE_EAST,20,6,REGISTERED
CMP-2026-00129,2026-06-20 06:15:08,2026-06-20 06:57:50,42.7,TASK_FRAUD,55776.2,IMPS,BANK_HDFC_SYNTH,RURAL_REGIONAL,ZONE_SOUTH,6,5,REGISTERED
CMP-2026-00130,2026-06-10 20:13:29,2026-06-10 20:51:23,37.9,TASK_FRAUD,51774.3,UPI,BANK_ICIC_SYNTH,STANDARD,ZONE_NORTH,20,2,REGISTERED
CMP-2026-00131,2026-03-31 12:38:47,2026-03-31 13:08:11,29.4,TASK_FRAUD,33881.96,IMPS,BANK_SBI_SYNTH,RURAL_REGIONAL,ZONE_NORTH,12,1,REGISTERED
CMP-2026-00132,2026-08-21 18:06:37,2026-08-21 18:20:07,13.5,PHISHING_UPI,47064.54,UPI,BANK_HDFC_SYNTH,NEW_DIGITAL,ZONE_CENTRAL,18,4,REGISTERED
CMP-2026-00133,2026-06-12 07:58:24,2026-06-12 08:44:06,45.7,INVESTMENT_FRAUD,163159.4,UPI,BANK_HDFC_SYNTH,RURAL_REGIONAL,ZONE_EAST,7,4,REGISTERED
CMP-2026-00134,2026-03-14 11:44:53,2026-03-14 12:16:47,31.9,INVESTMENT_FRAUD,137232.01,IMPS,BANK_SBI_SYNTH,NEW_DIGITAL,ZONE_SOUTH,11,5,REGISTERED
CMP-2026-00135,2026-07-04 17:19:54,2026-07-04 18:25:42,65.8,TASK_FRAUD,54426.97,UPI,BANK_SBI_SYNTH,STANDARD,ZONE_SOUTH,17,5,REGISTERED
CMP-2026-00136,2026-07-22 21:36:50,2026-07-22 21:48:50,12.0,PHISHING_UPI,17589.2,UPI,BANK_SBI_SYNTH,NEW_DIGITAL,ZONE_EAST,21,2,REGISTERED
CMP-2026-00137,2026-03-13 14:41:21,2026-03-13 16:02:15,80.9,INVESTMENT_FRAUD,95680.29,UPI,BANK_PNB_SYNTH,STANDARD,ZONE_WEST,14,4,REGISTERED
CMP-2026-00138,2026-07-27 03:06:27,2026-07-27 04:24:45,78.3,INVESTMENT_FRAUD,77869.18,IMPS,BANK_SBI_SYNTH,STANDARD,ZONE_CENTRAL,3,0,REGISTERED
CMP-2026-00139,2026-06-23 12:53:29,2026-06-23 13:05:29,12.0,PHISHING_UPI,15937.1,UPI,BANK_SBI_SYNTH,NEW_DIGITAL,ZONE_CENTRAL,12,1,REGISTERED
CMP-2026-00140,2026-06-02 14:41:17,2026-06-02 15:06:47,25.5,INVESTMENT_FRAUD,88571.53,IMPS,BANK_HDFC_SYNTH,NEW_DIGITAL,ZONE_EAST,14,1,REGISTERED
CMP-2026-00141,2026-07-27 14:37:17,2026-07-27 15:31:35,54.3,INVESTMENT_FRAUD,51854.67,IMPS,BANK_AXIS_SYNTH,STANDARD,ZONE_WEST,14,0,REGISTERED
CMP-2026-00142,2026-07-28 17:05:17,2026-07-28 17:47:59,42.7,TASK_FRAUD,50907.91,UPI,BANK_SBI_SYNTH,RURAL_REGIONAL,ZONE_WEST,17,1,REGISTERED
CMP-2026-00143,2026-04-13 17:29:36,2026-04-13 17:53:12,23.6,TASK_FRAUD,74418.22,UPI,BANK_SBI_SYNTH,STANDARD,ZONE_WEST,17,0,REGISTERED
CMP-2026-00144,2026-04-30 15:31:54,2026-04-30 16:31:48,59.9,TASK_FRAUD,99327.07,NEFT,BANK_AXIS_SYNTH,STANDARD,ZONE_SOUTH,15,3,REGISTERED
CMP-2026-00145,2026-07-22 17:21:17,2026-07-22 18:25:05,63.8,TASK_FRAUD,36454.98,UPI,BANK_ICIC_SYNTH,STANDARD,ZONE_CENTRAL,17,2,REGISTERED
CMP-2026-00146,2026-07-05 14:17:35,2026-07-05 15:02:23,44.8,EXTORTION,22888.62,UPI,BANK_HDFC_SYNTH,NEW_DIGITAL,ZONE_WEST,14,6,REGISTERED
CMP-2026-00147,2026-03-16 17:46:26,2026-03-16 18:17:20,30.9,PHISHING_UPI,12045.27,UPI,BANK_AXIS_SYNTH,NEW_DIGITAL,ZONE_CENTRAL,17,0,REGISTERED
CMP-2026-00148,2026-07-03 12:41:45,2026-07-03 13:24:03,42.3,LOAN_SCAM,28659.38,UPI,BANK_SBI_SYNTH,RURAL_REGIONAL,ZONE_NORTH,12,4,REGISTERED
CMP-2026-00149,2026-03-17 16:14:25,2026-03-17 16:33:07,18.7,PHISHING_UPI,30329.67,IMPS,BANK_ICIC_SYNTH,STANDARD,ZONE_EAST,16,1,REGISTERED
CMP-2026-00150,2026-06-28 16:23:30,2026-06-28 16:35:30,12.0,PHISHING_UPI,10936.9,IMPS,BANK_SBI_SYNTH,RURAL_REGIONAL,ZONE_SOUTH,16,6,REGISTERED
CMP-2026-00151,2026-05-16 07:47:35,2026-05-16 08:25:53,38.3,PHISHING_UPI,45888.31,IMPS,BANK_SBI_SYNTH,NEW_DIGITAL,ZONE_EAST,7,5,REGISTERED
CMP-2026-00152,2026-04-15 13:07:46,2026-04-15 13:51:58,44.2,INVESTMENT_FRAUD,154866.18,NEFT,BANK_SBI_SYNTH,NEW_DIGITAL,ZONE_NORTH,13,2,REGISTERED
CMP-2026-00153,2026-08-19 11:44:11,2026-08-19 11:56:11,12.0,EXTORTION,34599.13,IMPS,BANK_HDFC_SYNTH,STANDARD,ZONE_EAST,11,2,REGISTERED
CMP-2026-00154,2026-04-19 18:37:48,2026-04-19 19:31:06,53.3,LOAN_SCAM,17890.83,UPI,BANK_ICIC_SYNTH,RURAL_REGIONAL,ZONE_SOUTH,18,6,REGISTERED
CMP-2026-00155,2026-08-24 13:53:12,2026-08-24 15:04:48,71.6,TASK_FRAUD,52186.17,NEFT,BANK_HDFC_SYNTH,STANDARD,ZONE_WEST,13,0,REGISTERED
CMP-2026-00156,2026-03-03 22:34:08,2026-03-03 23:32:38,58.5,EXTORTION,20792.83,IMPS,BANK_HDFC_SYNTH,NEW_DIGITAL,ZONE_WEST,22,1,REGISTERED
CMP-2026-00157,2026-06-08 20:44:08,2026-06-08 21:54:44,70.6,TASK_FRAUD,29790.14,IMPS,BANK_SBI_SYNTH,NEW_DIGITAL,ZONE_CENTRAL,20,0,REGISTERED
CMP-2026-00158,2026-03-19 15:00:36,2026-03-19 15:44:48,44.2,TASK_FRAUD,70894.19,IMPS,BANK_SBI_SYNTH,NEW_DIGITAL,ZONE_EAST,15,3,REGISTERED
CMP-2026-00159,2026-04-03 21:03:16,2026-04-03 22:01:04,57.8,INVESTMENT_FRAUD,94768.85,UPI,BANK_SBI_SYNTH,NEW_DIGITAL,ZONE_WEST,21,4,REGISTERED
CMP-2026-00160,2026-05-25 15:52:04,2026-05-25 16:04:04,12.0,EXTORTION,12245.44,NEFT,BANK_SBI_SYNTH,NEW_DIGITAL,ZONE_WEST,15,0,REGISTERED
CMP-2026-00161,2026-07-02 19:09:09,2026-07-02 20:54:27,105.3,INVESTMENT_FRAUD,184145.7,NEFT,BANK_ICIC_SYNTH,NEW_DIGITAL,ZONE_CENTRAL,19,3,REGISTERED
CMP-2026-00162,2026-03-16 16:15:07,2026-03-16 16:27:37,12.5,PHISHING_UPI,41132.53,NEFT,BANK_SBI_SYNTH,NEW_DIGITAL,ZONE_EAST,16,0,REGISTERED
CMP-2026-00163,2026-07-21 14:14:49,2026-07-21 14:52:13,37.4,TASK_FRAUD,87583.15,UPI,BANK_SBI_SYNTH,RURAL_REGIONAL,ZONE_SOUTH,14,1,REGISTERED
CMP-2026-00164,2026-08-11 18:19:55,2026-08-11 18:51:19,31.4,TASK_FRAUD,91986.67,UPI,BANK_ICIC_SYNTH,RURAL_REGIONAL,ZONE_WEST,18,1,REGISTERED
CMP-2026-00165,2026-04-24 18:39:03,2026-04-24 19:00:09,21.1,INVESTMENT_FRAUD,128279.49,UPI,BANK_AXIS_SYNTH,STANDARD,ZONE_CENTRAL,18,4,REGISTERED
CMP-2026-00166,2026-08-18 14:13:40,2026-08-18 14:35:34,21.9,PHISHING_UPI,34980.8,NEFT,BANK_SBI_SYNTH,NEW_DIGITAL,ZONE_SOUTH,14,1,REGISTERED
CMP-2026-00167,2026-04-01 14:04:10,2026-04-01 14:26:04,21.9,TASK_FRAUD,33261.96,NEFT,BANK_PNB_SYNTH,STANDARD,ZONE_NORTH,14,2,REGISTERED
CMP-2026-00168,2026-05-24 13:02:14,2026-05-24 13:26:26,24.2,TASK_FRAUD,82957.61,UPI,BANK_HDFC_SYNTH,RURAL_REGIONAL,ZONE_SOUTH,13,6,REGISTERED
CMP-2026-00169,2026-07-05 12:29:04,2026-07-05 12:41:34,12.5,PHISHING_UPI,33566.22,UPI,BANK_PNB_SYNTH,RURAL_REGIONAL,ZONE_EAST,12,6,REGISTERED
CMP-2026-00170,2026-07-20 17:40:37,2026-07-20 17:59:01,18.4,PHISHING_UPI,35688.94,IMPS,BANK_SBI_SYNTH,NEW_DIGITAL,ZONE_EAST,17,0,REGISTERED
CMP-2026-00171,2026-06-07 19:41:09,2026-06-07 20:23:45,42.6,TASK_FRAUD,82048.95,NEFT,BANK_SBI_SYNTH,STANDARD,ZONE_EAST,19,6,REGISTERED
CMP-2026-00172,2026-07-27 16:04:03,2026-07-27 16:43:51,39.8,PHISHING_UPI,48885.28,UPI,BANK_PNB_SYNTH,STANDARD,ZONE_NORTH,16,0,REGISTERED
CMP-2026-00173,2026-06-16 15:52:36,2026-06-16 16:07:54,15.3,PHISHING_UPI,24970.54,NEFT,BANK_SBI_SYNTH,STANDARD,ZONE_EAST,15,1,REGISTERED
CMP-2026-00174,2026-05-19 12:29:44,2026-05-19 13:04:02,34.3,EXTORTION,36171.7,UPI,BANK_HDFC_SYNTH,STANDARD,ZONE_SOUTH,12,1,REGISTERED
CMP-2026-00175,2026-08-17 14:32:34,2026-08-17 16:00:04,87.5,LOAN_SCAM,28377.2,IMPS,BANK_SBI_SYNTH,RURAL_REGIONAL,ZONE_SOUTH,14,0,REGISTERED
CMP-2026-00176,2026-06-16 13:56:27,2026-06-16 14:08:27,12.0,PHISHING_UPI,44564.45,NEFT,BANK_SBI_SYNTH,STANDARD,ZONE_WEST,13,1,REGISTERED
CMP-2026-00177,2026-04-11 16:43:53,2026-04-11 17:35:29,51.6,LOAN_SCAM,36545.36,IMPS,BANK_SBI_SYNTH,NEW_DIGITAL,ZONE_SOUTH,16,5,REGISTERED
CMP-2026-00178,2026-06-14 15:01:48,2026-06-14 16:25:18,83.5,INVESTMENT_FRAUD,53635.63,UPI,BANK_ICIC_SYNTH,NEW_DIGITAL,ZONE_NORTH,15,6,REGISTERED
CMP-2026-00179,2026-06-12 13:48:48,2026-06-12 14:01:36,12.8,PHISHING_UPI,39151.07,UPI,BANK_PNB_SYNTH,NEW_DIGITAL,ZONE_SOUTH,13,4,REGISTERED
CMP-2026-00180,2026-08-12 20:11:37,2026-08-12 20:34:25,22.8,INVESTMENT_FRAUD,63855.44,NEFT,BANK_SBI_SYNTH,RURAL_REGIONAL,ZONE_SOUTH,20,2,REGISTERED
CMP-2026-00181,2026-05-24 15:26:21,2026-05-24 16:33:45,67.4,INVESTMENT_FRAUD,40476.24,UPI,BANK_ICIC_SYNTH,RURAL_REGIONAL,ZONE_EAST,15,6,REGISTERED
CMP-2026-00182,2026-08-02 16:21:26,2026-08-02 17:11:56,50.5,EXTORTION,10007.54,UPI,BANK_HDFC_SYNTH,NEW_DIGITAL,ZONE_EAST,16,6,REGISTERED
CMP-2026-00183,2026-06-28 10:25:52,2026-06-28 11:08:46,42.9,EXTORTION,29162.8,UPI,BANK_HDFC_SYNTH,NEW_DIGITAL,ZONE_CENTRAL,10,6,REGISTERED
CMP-2026-00184,2026-05-21 18:20:16,2026-05-21 18:45:40,25.4,TASK_FRAUD,89820.31,UPI,BANK_ICIC_SYNTH,STANDARD,ZONE_CENTRAL,18,3,REGISTERED
CMP-2026-00185,2026-08-03 13:52:00,2026-08-03 14:19:42,27.7,TASK_FRAUD,67868.6,UPI,BANK_SBI_SYNTH,STANDARD,ZONE_EAST,13,0,REGISTERED
CMP-2026-00186,2026-05-14 20:12:33,2026-05-14 20:47:39,35.1,TASK_FRAUD,54334.61,UPI,BANK_ICIC_SYNTH,STANDARD,ZONE_WEST,20,3,REGISTERED
CMP-2026-00187,2026-06-21 20:48:03,2026-06-21 21:10:51,22.8,INVESTMENT_FRAUD,50486.45,NEFT,BANK_ICIC_SYNTH,RURAL_REGIONAL,ZONE_CENTRAL,20,6,REGISTERED
CMP-2026-00188,2026-05-18 13:44:31,2026-05-18 14:38:25,53.9,LOAN_SCAM,20583.61,IMPS,BANK_ICIC_SYNTH,STANDARD,ZONE_EAST,13,0,REGISTERED
CMP-2026-00189,2026-07-06 04:19:35,2026-07-06 04:49:41,30.1,PHISHING_UPI,57279.21,IMPS,BANK_ICIC_SYNTH,STANDARD,ZONE_CENTRAL,4,0,REGISTERED
CMP-2026-00190,2026-03-17 03:53:58,2026-03-17 04:09:22,15.4,TASK_FRAUD,69801.58,UPI,BANK_HDFC_SYNTH,NEW_DIGITAL,ZONE_CENTRAL,3,1,REGISTERED
CMP-2026-00191,2026-06-25 11:09:31,2026-06-25 11:29:31,20.0,EXTORTION,32881.95,UPI,BANK_SBI_SYNTH,RURAL_REGIONAL,ZONE_CENTRAL,11,3,REGISTERED
CMP-2026-00192,2026-04-22 18:45:17,2026-04-22 19:13:53,28.6,EXTORTION,31263.98,NEFT,BANK_HDFC_SYNTH,NEW_DIGITAL,ZONE_SOUTH,18,2,REGISTERED
CMP-2026-00193,2026-04-13 13:35:09,2026-04-13 13:47:09,12.0,PHISHING_UPI,53524.22,IMPS,BANK_SBI_SYNTH,STANDARD,ZONE_CENTRAL,13,0,REGISTERED
CMP-2026-00194,2026-04-19 12:50:54,2026-04-19 13:26:18,35.4,PHISHING_UPI,11296.82,UPI,BANK_HDFC_SYNTH,NEW_DIGITAL,ZONE_SOUTH,12,6,REGISTERED
CMP-2026-00195,2026-04-20 07:19:53,2026-04-20 07:32:41,12.8,PHISHING_UPI,27697.14,IMPS,BANK_ICIC_SYNTH,RURAL_REGIONAL,ZONE_WEST,7,0,REGISTERED
CMP-2026-00196,2026-05-20 16:30:22,2026-05-20 16:42:22,12.0,PHISHING_UPI,53053.42,IMPS,BANK_SBI_SYNTH,RURAL_REGIONAL,ZONE_SOUTH,16,2,REGISTERED
CMP-2026-00197,2026-04-27 07:12:44,2026-04-27 07:36:44,24.0,TASK_FRAUD,66175.99,UPI,BANK_SBI_SYNTH,STANDARD,ZONE_CENTRAL,7,0,REGISTERED
CMP-2026-00198,2026-07-18 16:02:20,2026-07-18 16:14:20,12.0,PHISHING_UPI,28646.21,IMPS,BANK_SBI_SYNTH,NEW_DIGITAL,ZONE_NORTH,16,5,REGISTERED
CMP-2026-00199,2026-06-28 23:52:41,2026-06-29 00:04:41,12.0,PHISHING_UPI,10438.05,NEFT,BANK_SBI_SYNTH,NEW_DIGITAL,ZONE_EAST,23,6,REGISTERED
CMP-2026-00200,2026-05-29 17:02:08,2026-05-29 17:14:08,12.0,TASK_FRAUD,33250.27,IMPS,BANK_SBI_SYNTH,STANDARD,ZONE_EAST,17,4,REGISTERED
CMP-2026-00201,2026-08-04 16:55:54,2026-08-04 18:29:00,93.1,INVESTMENT_FRAUD,98669.29,IMPS,BANK_HDFC_SYNTH,NEW_DIGITAL,ZONE_WEST,16,1,REGISTERED
CMP-2026-00202,2026-03-03 10:09:26,2026-03-03 10:58:08,48.7,INVESTMENT_FRAUD,195384.17,UPI,BANK_AXIS_SYNTH,STANDARD,ZONE_WEST,10,1,REGISTERED
CMP-2026-00203,2026-08-22 13:04:30,2026-08-22 13:46:24,41.9,INVESTMENT_FRAUD,99017.82,UPI,BANK_SBI_SYNTH,STANDARD,ZONE_WEST,13,5,REGISTERED
CMP-2026-00204,2026-04-30 16:44:25,2026-04-30 19:53:37,189.2,EXTORTION,34117.72,IMPS,BANK_AXIS_SYNTH,NEW_DIGITAL,ZONE_EAST,16,3,REGISTERED
CMP-2026-00205,2026-08-01 17:54:34,2026-08-01 18:20:28,25.9,TASK_FRAUD,86145.2,IMPS,BANK_SBI_SYNTH,STANDARD,ZONE_EAST,17,5,REGISTERED
CMP-2026-00206,2026-08-07 20:31:55,2026-08-07 21:25:13,53.3,INVESTMENT_FRAUD,131192.43,NEFT,BANK_SBI_SYNTH,STANDARD,ZONE_EAST,20,4,REGISTERED
CMP-2026-00207,2026-07-02 09:18:14,2026-07-02 10:00:44,42.5,TASK_FRAUD,23156.76,UPI,BANK_HDFC_SYNTH,NEW_DIGITAL,ZONE_SOUTH,9,3,REGISTERED
CMP-2026-00208,2026-08-24 22:48:40,2026-08-24 23:09:28,20.8,EXTORTION,15226.09,IMPS,BANK_SBI_SYNTH,STANDARD,ZONE_EAST,22,0,REGISTERED
CMP-2026-00209,2026-07-03 15:57:01,2026-07-03 17:03:13,66.2,INVESTMENT_FRAUD,159512.5,UPI,BANK_SBI_SYNTH,NEW_DIGITAL,ZONE_SOUTH,15,4,REGISTERED
CMP-2026-00210,2026-04-22 21:23:27,2026-04-22 22:58:33,95.1,TASK_FRAUD,59386.04,IMPS,BANK_PNB_SYNTH,RURAL_REGIONAL,ZONE_NORTH,21,2,REGISTERED
CMP-2026-00211,2026-06-10 14:50:11,2026-06-10 17:23:47,153.6,LOAN_SCAM,7081.5,UPI,BANK_ICIC_SYNTH,NEW_DIGITAL,ZONE_SOUTH,14,2,REGISTERED
CMP-2026-00212,2026-06-18 18:24:39,2026-06-18 20:37:15,132.6,LOAN_SCAM,6069.23,NEFT,BANK_HDFC_SYNTH,STANDARD,ZONE_WEST,18,3,REGISTERED
CMP-2026-00213,2026-08-12 19:09:14,2026-08-12 19:52:02,42.8,TASK_FRAUD,21145.22,IMPS,BANK_PNB_SYNTH,STANDARD,ZONE_WEST,19,2,REGISTERED
CMP-2026-00214,2026-05-22 15:42:00,2026-05-22 15:56:18,14.3,PHISHING_UPI,10742.23,UPI,BANK_ICIC_SYNTH,NEW_DIGITAL,ZONE_EAST,15,4,REGISTERED
CMP-2026-00215,2026-05-23 14:18:43,2026-05-23 14:41:55,23.2,TASK_FRAUD,28879.85,IMPS,BANK_AXIS_SYNTH,NEW_DIGITAL,ZONE_WEST,14,5,REGISTERED
CMP-2026-00216,2026-05-02 14:37:19,2026-05-02 14:54:13,16.9,INVESTMENT_FRAUD,152168.16,IMPS,BANK_SBI_SYNTH,RURAL_REGIONAL,ZONE_SOUTH,14,5,REGISTERED
CMP-2026-00217,2026-05-22 18:19:12,2026-05-22 21:01:24,162.2,LOAN_SCAM,16252.35,UPI,BANK_SBI_SYNTH,STANDARD,ZONE_WEST,18,4,REGISTERED
CMP-2026-00218,2026-08-01 12:06:15,2026-08-01 13:03:57,57.7,INVESTMENT_FRAUD,153765.59,NEFT,BANK_HDFC_SYNTH,RURAL_REGIONAL,ZONE_EAST,12,5,REGISTERED
CMP-2026-00219,2026-08-26 11:18:01,2026-08-26 11:37:43,19.7,TASK_FRAUD,65063.11,UPI,BANK_PNB_SYNTH,STANDARD,ZONE_EAST,11,2,REGISTERED
CMP-2026-00220,2026-06-27 06:17:00,2026-06-27 07:01:00,44.0,INVESTMENT_FRAUD,138877.02,UPI,BANK_ICIC_SYNTH,NEW_DIGITAL,ZONE_CENTRAL,6,5,REGISTERED
CMP-2026-00221,2026-08-11 15:47:31,2026-08-11 16:14:07,26.6,EXTORTION,10152.8,UPI,BANK_ICIC_SYNTH,NEW_DIGITAL,ZONE_SOUTH,15,1,REGISTERED
CMP-2026-00222,2026-08-10 15:49:51,2026-08-10 16:07:45,17.9,PHISHING_UPI,52660.14,IMPS,BANK_PNB_SYNTH,RURAL_REGIONAL,ZONE_SOUTH,15,0,REGISTERED
CMP-2026-00223,2026-04-04 16:16:43,2026-04-04 16:41:25,24.7,TASK_FRAUD,51011.9,IMPS,BANK_ICIC_SYNTH,NEW_DIGITAL,ZONE_WEST,16,5,REGISTERED
CMP-2026-00224,2026-08-10 15:41:02,2026-08-10 16:01:08,20.1,PHISHING_UPI,57292.5,IMPS,BANK_SBI_SYNTH,NEW_DIGITAL,ZONE_SOUTH,15,0,REGISTERED
CMP-2026-00225,2026-03-07 14:23:46,2026-03-07 15:50:52,87.1,INVESTMENT_FRAUD,139679.98,IMPS,BANK_SBI_SYNTH,RURAL_REGIONAL,ZONE_WEST,14,5,REGISTERED
CMP-2026-00226,2026-04-28 16:26:11,2026-04-28 17:33:05,66.9,INVESTMENT_FRAUD,143463.32,UPI,BANK_PNB_SYNTH,NEW_DIGITAL,ZONE_WEST,16,1,REGISTERED
CMP-2026-00227,2026-06-04 15:58:17,2026-06-04 16:26:11,27.9,TASK_FRAUD,66334.02,UPI,BANK_SBI_SYNTH,STANDARD,ZONE_CENTRAL,15,3,REGISTERED
CMP-2026-00228,2026-04-16 15:52:30,2026-04-16 16:17:00,24.5,INVESTMENT_FRAUD,172854.24,UPI,BANK_HDFC_SYNTH,NEW_DIGITAL,ZONE_CENTRAL,15,3,REGISTERED
CMP-2026-00229,2026-04-23 13:55:21,2026-04-23 14:15:27,20.1,TASK_FRAUD,52343.18,UPI,BANK_HDFC_SYNTH,NEW_DIGITAL,ZONE_SOUTH,13,3,REGISTERED
CMP-2026-00230,2026-08-21 12:09:48,2026-08-21 12:37:54,28.1,PHISHING_UPI,30020.54,UPI,BANK_SBI_SYNTH,NEW_DIGITAL,ZONE_EAST,12,4,REGISTERED
CMP-2026-00231,2026-08-02 17:46:43,2026-08-02 18:51:55,65.2,INVESTMENT_FRAUD,78821.17,UPI,BANK_SBI_SYNTH,STANDARD,ZONE_NORTH,17,6,REGISTERED
CMP-2026-00232,2026-08-22 09:51:35,2026-08-22 10:19:41,28.1,PHISHING_UPI,36245.09,IMPS,BANK_HDFC_SYNTH,RURAL_REGIONAL,ZONE_SOUTH,9,5,REGISTERED
CMP-2026-00233,2026-06-05 07:29:23,2026-06-05 07:56:35,27.2,INVESTMENT_FRAUD,72658.83,UPI,BANK_HDFC_SYNTH,STANDARD,ZONE_EAST,7,4,REGISTERED
CMP-2026-00234,2026-06-14 15:52:40,2026-06-14 16:26:34,33.9,INVESTMENT_FRAUD,95337.32,UPI,BANK_SBI_SYNTH,NEW_DIGITAL,ZONE_NORTH,15,6,REGISTERED
CMP-2026-00235,2026-03-20 18:14:30,2026-03-20 18:42:00,27.5,INVESTMENT_FRAUD,196972.8,UPI,BANK_PNB_SYNTH,NEW_DIGITAL,ZONE_SOUTH,18,4,REGISTERED
CMP-2026-00236,2026-08-12 13:14:41,2026-08-12 13:26:41,12.0,EXTORTION,38308.85,UPI,BANK_SBI_SYNTH,NEW_DIGITAL,ZONE_EAST,13,2,REGISTERED
CMP-2026-00237,2026-08-11 12:19:41,2026-08-11 12:36:53,17.2,TASK_FRAUD,80887.06,UPI,BANK_AXIS_SYNTH,RURAL_REGIONAL,ZONE_NORTH,12,1,REGISTERED
CMP-2026-00238,2026-03-09 19:02:19,2026-03-09 19:38:37,36.3,TASK_FRAUD,91813.97,IMPS,BANK_SBI_SYNTH,RURAL_REGIONAL,ZONE_NORTH,19,0,REGISTERED
CMP-2026-00239,2026-03-21 13:15:56,2026-03-21 14:50:50,94.9,LOAN_SCAM,11892.4,NEFT,BANK_AXIS_SYNTH,STANDARD,ZONE_NORTH,13,5,REGISTERED
CMP-2026-00240,2026-05-21 08:42:47,2026-05-21 10:08:53,86.1,LOAN_SCAM,11163.34,UPI,BANK_SBI_SYNTH,NEW_DIGITAL,ZONE_EAST,8,3,REGISTERED
CMP-2026-00241,2026-06-14 14:46:09,2026-06-14 14:58:09,12.0,PHISHING_UPI,18603.72,IMPS,BANK_ICIC_SYNTH,NEW_DIGITAL,ZONE_NORTH,14,6,REGISTERED
CMP-2026-00242,2026-06-26 14:53:31,2026-06-26 16:47:37,114.1,INVESTMENT_FRAUD,36491.35,UPI,BANK_AXIS_SYNTH,NEW_DIGITAL,ZONE_SOUTH,14,4,REGISTERED
CMP-2026-00243,2026-03-06 17:23:13,2026-03-06 17:45:25,22.2,TASK_FRAUD,84662.04,UPI,BANK_SBI_SYNTH,NEW_DIGITAL,ZONE_EAST,17,4,REGISTERED
CMP-2026-00244,2026-08-01 18:06:43,2026-08-01 19:06:31,59.8,LOAN_SCAM,6571.9,IMPS,BANK_HDFC_SYNTH,NEW_DIGITAL,ZONE_WEST,18,5,REGISTERED
CMP-2026-00245,2026-03-11 11:17:12,2026-03-11 11:38:48,21.6,INVESTMENT_FRAUD,137636.53,NEFT,BANK_HDFC_SYNTH,STANDARD,ZONE_NORTH,11,2,REGISTERED
CMP-2026-00246,2026-08-18 18:52:29,2026-08-18 19:50:47,58.3,INVESTMENT_FRAUD,186509.45,UPI,BANK_HDFC_SYNTH,NEW_DIGITAL,ZONE_CENTRAL,18,1,REGISTERED
CMP-2026-00247,2026-06-24 22:38:01,2026-06-24 22:53:25,15.4,PHISHING_UPI,28512.6,UPI,BANK_PNB_SYNTH,NEW_DIGITAL,ZONE_NORTH,22,2,REGISTERED
CMP-2026-00248,2026-03-23 13:36:13,2026-03-23 14:02:55,26.7,TASK_FRAUD,59803.19,UPI,BANK_HDFC_SYNTH,NEW_DIGITAL,ZONE_SOUTH,13,0,REGISTERED
CMP-2026-00249,2026-06-14 08:52:55,2026-06-14 09:08:31,15.6,EXTORTION,28400.1,UPI,BANK_PNB_SYNTH,NEW_DIGITAL,ZONE_EAST,8,6,REGISTERED
CMP-2026-00250,2026-06-16 20:17:54,2026-06-16 21:37:06,79.2,INVESTMENT_FRAUD,179520.71,UPI,BANK_SBI_SYNTH,NEW_DIGITAL,ZONE_WEST,20,1,REGISTERED
CMP-2026-00251,2026-08-25 05:34:16,2026-08-25 05:46:16,12.0,PHISHING_UPI,37473.71,UPI,BANK_HDFC_SYNTH,STANDARD,ZONE_WEST,5,1,REGISTERED
CMP-2026-00252,2026-06-27 18:01:08,2026-06-27 18:13:08,12.0,PHISHING_UPI,51663.4,UPI,BANK_SBI_SYNTH,NEW_DIGITAL,ZONE_CENTRAL,18,5,REGISTERED
CMP-2026-00253,2026-06-14 13:01:11,2026-06-14 13:28:59,27.8,TASK_FRAUD,99963.51,UPI,BANK_SBI_SYNTH,STANDARD,ZONE_WEST,13,6,REGISTERED
CMP-2026-00254,2026-07-12 15:33:07,2026-07-12 15:48:43,15.6,INVESTMENT_FRAUD,138691.62,UPI,BANK_HDFC_SYNTH,RURAL_REGIONAL,ZONE_CENTRAL,15,6,REGISTERED
CMP-2026-00255,2026-05-05 16:37:06,2026-05-05 16:54:36,17.5,PHISHING_UPI,14464.91,NEFT,BANK_HDFC_SYNTH,NEW_DIGITAL,ZONE_SOUTH,16,1,REGISTERED
CMP-2026-00256,2026-03-08 13:50:58,2026-03-08 15:09:40,78.7,INVESTMENT_FRAUD,43562.72,UPI,BANK_SBI_SYNTH,STANDARD,ZONE_WEST,13,6,REGISTERED
CMP-2026-00257,2026-06-02 16:29:41,2026-06-02 16:59:23,29.7,PHISHING_UPI,35914.0,NEFT,BANK_HDFC_SYNTH,NEW_DIGITAL,ZONE_EAST,16,1,REGISTERED
CMP-2026-00258,2026-03-11 18:30:54,2026-03-11 19:21:30,50.6,TASK_FRAUD,22015.47,IMPS,BANK_SBI_SYNTH,STANDARD,ZONE_NORTH,18,2,REGISTERED
CMP-2026-00259,2026-05-28 10:58:28,2026-05-28 11:12:58,14.5,EXTORTION,31857.21,NEFT,BANK_SBI_SYNTH,STANDARD,ZONE_SOUTH,10,3,REGISTERED
CMP-2026-00260,2026-03-27 16:08:17,2026-03-27 16:32:29,24.2,EXTORTION,37086.1,IMPS,BANK_SBI_SYNTH,STANDARD,ZONE_CENTRAL,16,4,REGISTERED
CMP-2026-00261,2026-06-16 08:18:29,2026-06-16 08:30:29,12.0,PHISHING_UPI,50805.67,NEFT,BANK_SBI_SYNTH,STANDARD,ZONE_EAST,8,1,REGISTERED
CMP-2026-00262,2026-07-05 14:54:41,2026-07-05 15:43:41,49.0,EXTORTION,34220.19,UPI,BANK_HDFC_SYNTH,NEW_DIGITAL,ZONE_CENTRAL,14,6,REGISTERED
CMP-2026-00263,2026-05-17 14:56:14,2026-05-17 15:38:14,42.0,TASK_FRAUD,95555.89,IMPS,BANK_ICIC_SYNTH,STANDARD,ZONE_SOUTH,14,6,REGISTERED
CMP-2026-00264,2026-07-10 16:20:27,2026-07-10 17:20:45,60.3,LOAN_SCAM,5401.82,UPI,BANK_AXIS_SYNTH,NEW_DIGITAL,ZONE_NORTH,16,4,REGISTERED
CMP-2026-00265,2026-05-07 12:09:43,2026-05-07 12:56:49,47.1,PHISHING_UPI,28250.08,UPI,BANK_HDFC_SYNTH,NEW_DIGITAL,ZONE_NORTH,12,3,REGISTERED
CMP-2026-00266,2026-03-13 15:53:05,2026-03-13 16:08:23,15.3,PHISHING_UPI,35228.34,IMPS,BANK_SBI_SYNTH,STANDARD,ZONE_SOUTH,15,4,REGISTERED
CMP-2026-00267,2026-05-07 21:08:35,2026-05-07 22:43:05,94.5,INVESTMENT_FRAUD,37493.26,NEFT,BANK_SBI_SYNTH,STANDARD,ZONE_CENTRAL,21,3,REGISTERED
CMP-2026-00268,2026-05-13 23:55:42,2026-05-14 00:35:00,39.3,INVESTMENT_FRAUD,35333.06,UPI,BANK_SBI_SYNTH,NEW_DIGITAL,ZONE_WEST,23,2,REGISTERED
CMP-2026-00269,2026-05-16 16:58:46,2026-05-16 17:19:34,20.8,PHISHING_UPI,43562.68,IMPS,BANK_HDFC_SYNTH,NEW_DIGITAL,ZONE_EAST,16,5,REGISTERED
CMP-2026-00270,2026-05-03 18:36:32,2026-05-03 18:49:20,12.8,PHISHING_UPI,45667.45,UPI,BANK_ICIC_SYNTH,NEW_DIGITAL,ZONE_SOUTH,18,6,REGISTERED
CMP-2026-00271,2026-04-10 13:06:22,2026-04-10 16:43:10,216.8,LOAN_SCAM,20190.73,UPI,BANK_HDFC_SYNTH,STANDARD,ZONE_NORTH,13,4,REGISTERED
CMP-2026-00272,2026-05-06 17:48:17,2026-05-06 18:02:29,14.2,PHISHING_UPI,16221.36,IMPS,BANK_PNB_SYNTH,NEW_DIGITAL,ZONE_EAST,17,2,REGISTERED
CMP-2026-00273,2026-07-31 14:49:52,2026-07-31 15:03:52,14.0,PHISHING_UPI,38370.24,IMPS,BANK_SBI_SYNTH,RURAL_REGIONAL,ZONE_NORTH,14,4,REGISTERED
CMP-2026-00274,2026-06-27 04:44:17,2026-06-27 05:06:53,22.6,TASK_FRAUD,82941.56,UPI,BANK_HDFC_SYNTH,NEW_DIGITAL,ZONE_SOUTH,4,5,REGISTERED
CMP-2026-00275,2026-07-05 15:19:58,2026-07-05 15:49:28,29.5,PHISHING_UPI,19786.94,UPI,BANK_PNB_SYNTH,STANDARD,ZONE_SOUTH,15,6,REGISTERED
CMP-2026-00276,2026-04-02 18:09:36,2026-04-02 18:29:42,20.1,PHISHING_UPI,28518.07,UPI,BANK_ICIC_SYNTH,RURAL_REGIONAL,ZONE_EAST,18,3,REGISTERED
CMP-2026-00277,2026-03-26 09:40:01,2026-03-26 10:04:55,24.9,PHISHING_UPI,27419.81,UPI,BANK_SBI_SYNTH,NEW_DIGITAL,ZONE_CENTRAL,9,3,REGISTERED
CMP-2026-00278,2026-05-21 10:10:23,2026-05-21 11:25:05,74.7,INVESTMENT_FRAUD,61316.22,UPI,BANK_SBI_SYNTH,NEW_DIGITAL,ZONE_WEST,10,3,REGISTERED
CMP-2026-00279,2026-07-18 21:36:38,2026-07-18 22:15:20,38.7,INVESTMENT_FRAUD,187552.57,UPI,BANK_HDFC_SYNTH,NEW_DIGITAL,ZONE_WEST,21,5,REGISTERED
CMP-2026-00280,2026-03-29 17:48:39,2026-03-29 18:09:45,21.1,TASK_FRAUD,93103.08,NEFT,BANK_SBI_SYNTH,NEW_DIGITAL,ZONE_NORTH,17,6,REGISTERED
CMP-2026-00281,2026-06-28 12:31:38,2026-06-28 13:05:20,33.7,PHISHING_UPI,48696.71,NEFT,BANK_SBI_SYNTH,NEW_DIGITAL,ZONE_CENTRAL,12,6,REGISTERED
CMP-2026-00282,2026-06-01 06:22:27,2026-06-01 07:16:21,53.9,TASK_FRAUD,77754.34,UPI,BANK_HDFC_SYNTH,NEW_DIGITAL,ZONE_WEST,6,0,REGISTERED
CMP-2026-00283,2026-06-03 13:19:02,2026-06-03 14:00:02,41.0,TASK_FRAUD,28427.64,UPI,BANK_HDFC_SYNTH,STANDARD,ZONE_SOUTH,13,2,REGISTERED
CMP-2026-00284,2026-03-02 22:19:13,2026-03-02 23:25:55,66.7,LOAN_SCAM,19515.75,IMPS,BANK_PNB_SYNTH,STANDARD,ZONE_NORTH,22,0,REGISTERED
CMP-2026-00285,2026-04-22 16:07:00,2026-04-22 16:38:54,31.9,PHISHING_UPI,11346.71,IMPS,BANK_SBI_SYNTH,NEW_DIGITAL,ZONE_NORTH,16,2,REGISTERED
CMP-2026-00286,2026-04-01 13:24:34,2026-04-01 13:44:10,19.6,PHISHING_UPI,47514.27,NEFT,BANK_ICIC_SYNTH,STANDARD,ZONE_SOUTH,13,2,REGISTERED
CMP-2026-00287,2026-08-03 21:02:27,2026-08-03 22:23:45,81.3,INVESTMENT_FRAUD,36646.5,IMPS,BANK_HDFC_SYNTH,RURAL_REGIONAL,ZONE_CENTRAL,21,0,REGISTERED
CMP-2026-00288,2026-08-03 13:36:27,2026-08-03 14:08:57,32.5,TASK_FRAUD,62526.19,UPI,BANK_PNB_SYNTH,NEW_DIGITAL,ZONE_SOUTH,13,0,REGISTERED
CMP-2026-00289,2026-04-22 08:25:01,2026-04-22 08:44:13,19.2,PHISHING_UPI,51636.03,UPI,BANK_AXIS_SYNTH,NEW_DIGITAL,ZONE_WEST,8,2,REGISTERED
CMP-2026-00290,2026-03-31 13:39:29,2026-03-31 16:09:05,149.6,LOAN_SCAM,24567.07,UPI,BANK_SBI_SYNTH,NEW_DIGITAL,ZONE_SOUTH,13,1,REGISTERED
CMP-2026-00291,2026-08-13 11:05:27,2026-08-13 12:14:03,68.6,TASK_FRAUD,23625.54,UPI,BANK_AXIS_SYNTH,NEW_DIGITAL,ZONE_NORTH,11,3,REGISTERED
CMP-2026-00292,2026-04-13 14:37:25,2026-04-13 17:16:01,158.6,INVESTMENT_FRAUD,167741.62,IMPS,BANK_HDFC_SYNTH,NEW_DIGITAL,ZONE_CENTRAL,14,0,REGISTERED
CMP-2026-00293,2026-08-04 18:47:21,2026-08-04 20:17:45,90.4,EXTORTION,30720.32,UPI,BANK_ICIC_SYNTH,STANDARD,ZONE_WEST,18,1,REGISTERED
CMP-2026-00294,2026-03-14 10:40:07,2026-03-14 11:16:19,36.2,INVESTMENT_FRAUD,134892.94,UPI,BANK_ICIC_SYNTH,RURAL_REGIONAL,ZONE_WEST,10,5,REGISTERED
CMP-2026-00295,2026-08-11 09:22:22,2026-08-11 09:54:34,32.2,PHISHING_UPI,19901.85,UPI,BANK_SBI_SYNTH,NEW_DIGITAL,ZONE_SOUTH,9,1,REGISTERED
CMP-2026-00296,2026-04-12 10:09:16,2026-04-12 10:46:34,37.3,TASK_FRAUD,56062.1,NEFT,BANK_HDFC_SYNTH,STANDARD,ZONE_CENTRAL,10,6,REGISTERED
CMP-2026-00297,2026-06-26 17:11:49,2026-06-26 17:56:49,45.0,TASK_FRAUD,41560.95,UPI,BANK_ICIC_SYNTH,NEW_DIGITAL,ZONE_EAST,17,4,REGISTERED
CMP-2026-00298,2026-07-14 18:48:37,2026-07-14 20:01:37,73.0,INVESTMENT_FRAUD,70843.1,UPI,BANK_SBI_SYNTH,NEW_DIGITAL,ZONE_SOUTH,18,1,REGISTERED
CMP-2026-00299,2026-08-03 16:40:20,2026-08-03 17:18:14,37.9,EXTORTION,27159.4,UPI,BANK_HDFC_SYNTH,STANDARD,ZONE_WEST,16,0,REGISTERED
CMP-2026-00300,2026-05-24 11:40:19,2026-05-24 12:28:31,48.2,INVESTMENT_FRAUD,199817.28,UPI,BANK_ICIC_SYNTH,STANDARD,ZONE_NORTH,11,6,REGISTERED
CMP-2026-00301,2026-03-14 09:29:28,2026-03-14 09:49:16,19.8,TASK_FRAUD,45448.36,NEFT,BANK_PNB_SYNTH,RURAL_REGIONAL,ZONE_SOUTH,9,5,REGISTERED
CMP-2026-00302,2026-03-14 14:55:54,2026-03-14 16:02:48,66.9,LOAN_SCAM,19518.53,UPI,BANK_HDFC_SYNTH,NEW_DIGITAL,ZONE_WEST,14,5,REGISTERED
CMP-2026-00303,2026-05-23 12:35:50,2026-05-23 12:51:44,15.9,TASK_FRAUD,38310.04,IMPS,BANK_AXIS_SYNTH,RURAL_REGIONAL,ZONE_EAST,12,5,REGISTERED
CMP-2026-00304,2026-07-24 17:41:12,2026-07-24 18:12:30,31.3,PHISHING_UPI,7934.14,UPI,BANK_ICIC_SYNTH,STANDARD,ZONE_NORTH,17,4,REGISTERED
CMP-2026-00305,2026-05-30 17:03:28,2026-05-30 18:37:04,93.6,INVESTMENT_FRAUD,141302.36,NEFT,BANK_SBI_SYNTH,STANDARD,ZONE_CENTRAL,17,5,REGISTERED
CMP-2026-00306,2026-03-16 13:41:11,2026-03-16 14:31:05,49.9,PHISHING_UPI,51055.19,UPI,BANK_SBI_SYNTH,STANDARD,ZONE_SOUTH,13,0,REGISTERED
CMP-2026-00307,2026-08-26 17:33:33,2026-08-26 19:00:39,87.1,LOAN_SCAM,23757.73,UPI,BANK_HDFC_SYNTH,NEW_DIGITAL,ZONE_WEST,17,2,REGISTERED
CMP-2026-00308,2026-05-07 13:18:24,2026-05-07 13:41:06,22.7,PHISHING_UPI,43645.21,UPI,BANK_SBI_SYNTH,RURAL_REGIONAL,ZONE_EAST,13,3,REGISTERED
CMP-2026-00309,2026-07-01 18:03:50,2026-07-01 18:55:50,52.0,INVESTMENT_FRAUD,177394.48,NEFT,BANK_SBI_SYNTH,STANDARD,ZONE_CENTRAL,18,2,REGISTERED
CMP-2026-00310,2026-03-18 20:43:24,2026-03-18 21:25:00,41.6,INVESTMENT_FRAUD,90321.04,UPI,BANK_AXIS_SYNTH,STANDARD,ZONE_NORTH,20,2,REGISTERED
CMP-2026-00311,2026-04-30 11:37:42,2026-04-30 12:19:30,41.8,INVESTMENT_FRAUD,69780.86,UPI,BANK_HDFC_SYNTH,NEW_DIGITAL,ZONE_NORTH,11,3,REGISTERED
CMP-2026-00312,2026-04-25 13:41:44,2026-04-25 13:57:32,15.8,PHISHING_UPI,17083.87,UPI,BANK_PNB_SYNTH,NEW_DIGITAL,ZONE_EAST,13,5,REGISTERED
CMP-2026-00313,2026-06-16 16:05:19,2026-06-16 17:10:25,65.1,TASK_FRAUD,89172.71,UPI,BANK_SBI_SYNTH,NEW_DIGITAL,ZONE_SOUTH,16,1,REGISTERED
CMP-2026-00314,2026-07-25 15:42:44,2026-07-25 19:27:38,224.9,INVESTMENT_FRAUD,137959.75,UPI,BANK_HDFC_SYNTH,NEW_DIGITAL,ZONE_NORTH,15,5,REGISTERED
CMP-2026-00315,2026-07-11 09:43:58,2026-07-11 09:55:58,12.0,PHISHING_UPI,36585.82,IMPS,BANK_ICIC_SYNTH,RURAL_REGIONAL,ZONE_WEST,9,5,REGISTERED
CMP-2026-00316,2026-03-04 18:19:11,2026-03-04 18:46:47,27.6,INVESTMENT_FRAUD,115749.77,IMPS,BANK_HDFC_SYNTH,NEW_DIGITAL,ZONE_SOUTH,18,2,REGISTERED
CMP-2026-00317,2026-05-01 16:49:31,2026-05-01 18:30:01,100.5,EXTORTION,14929.3,IMPS,BANK_HDFC_SYNTH,STANDARD,ZONE_WEST,16,4,REGISTERED
CMP-2026-00318,2026-03-28 13:18:54,2026-03-28 15:20:36,121.7,LOAN_SCAM,37631.3,IMPS,BANK_SBI_SYNTH,NEW_DIGITAL,ZONE_EAST,13,5,REGISTERED
CMP-2026-00319,2026-06-28 20:56:49,2026-06-28 21:20:13,23.4,TASK_FRAUD,92255.26,IMPS,BANK_HDFC_SYNTH,STANDARD,ZONE_CENTRAL,20,6,REGISTERED
CMP-2026-00320,2026-04-02 13:44:49,2026-04-02 14:13:55,29.1,PHISHING_UPI,36527.28,UPI,BANK_AXIS_SYNTH,NEW_DIGITAL,ZONE_WEST,13,3,REGISTERED
CMP-2026-00321,2026-07-08 11:02:26,2026-07-08 11:15:14,12.8,INVESTMENT_FRAUD,178660.39,IMPS,BANK_ICIC_SYNTH,STANDARD,ZONE_EAST,11,2,REGISTERED
CMP-2026-00322,2026-06-18 18:48:47,2026-06-18 19:32:47,44.0,INVESTMENT_FRAUD,83091.05,UPI,BANK_SBI_SYNTH,RURAL_REGIONAL,ZONE_WEST,18,3,REGISTERED
CMP-2026-00323,2026-06-05 17:19:51,2026-06-05 17:49:33,29.7,TASK_FRAUD,54398.82,IMPS,BANK_AXIS_SYNTH,STANDARD,ZONE_WEST,17,4,REGISTERED
CMP-2026-00324,2026-08-18 09:28:29,2026-08-18 09:56:17,27.8,PHISHING_UPI,30758.16,IMPS,BANK_SBI_SYNTH,STANDARD,ZONE_CENTRAL,9,1,REGISTERED
CMP-2026-00325,2026-05-15 18:10:52,2026-05-15 18:45:40,34.8,INVESTMENT_FRAUD,90441.16,UPI,BANK_ICIC_SYNTH,RURAL_REGIONAL,ZONE_SOUTH,18,4,REGISTERED
CMP-2026-00326,2026-08-05 21:03:41,2026-08-05 21:34:35,30.9,INVESTMENT_FRAUD,162507.28,UPI,BANK_ICIC_SYNTH,STANDARD,ZONE_NORTH,21,2,REGISTERED
CMP-2026-00327,2026-06-08 22:06:45,2026-06-08 23:07:15,60.5,INVESTMENT_FRAUD,81662.19,UPI,BANK_SBI_SYNTH,NEW_DIGITAL,ZONE_NORTH,22,0,REGISTERED
CMP-2026-00328,2026-08-01 15:18:05,2026-08-01 16:12:35,54.5,INVESTMENT_FRAUD,135891.5,IMPS,BANK_SBI_SYNTH,RURAL_REGIONAL,ZONE_WEST,15,5,REGISTERED
CMP-2026-00329,2026-05-20 18:32:09,2026-05-20 21:13:33,161.4,LOAN_SCAM,15915.78,UPI,BANK_SBI_SYNTH,NEW_DIGITAL,ZONE_CENTRAL,18,2,REGISTERED
CMP-2026-00330,2026-03-17 16:58:14,2026-03-17 18:06:02,67.8,LOAN_SCAM,20848.48,UPI,BANK_SBI_SYNTH,NEW_DIGITAL,ZONE_EAST,16,1,REGISTERED
CMP-2026-00331,2026-08-15 06:26:03,2026-08-15 07:54:15,88.2,LOAN_SCAM,11628.77,UPI,BANK_SBI_SYNTH,RURAL_REGIONAL,ZONE_EAST,6,5,REGISTERED
CMP-2026-00332,2026-04-12 17:05:23,2026-04-12 18:13:23,68.0,INVESTMENT_FRAUD,36134.86,UPI,BANK_ICIC_SYNTH,NEW_DIGITAL,ZONE_NORTH,17,6,REGISTERED
CMP-2026-00333,2026-08-15 11:53:45,2026-08-15 12:15:33,21.8,TASK_FRAUD,43908.57,UPI,BANK_HDFC_SYNTH,STANDARD,ZONE_SOUTH,11,5,REGISTERED
CMP-2026-00334,2026-03-25 16:18:58,2026-03-25 16:34:04,15.1,PHISHING_UPI,20836.99,UPI,BANK_SBI_SYNTH,STANDARD,ZONE_CENTRAL,16,2,REGISTERED
CMP-2026-00335,2026-07-04 19:08:48,2026-07-04 19:43:42,34.9,TASK_FRAUD,78640.01,IMPS,BANK_AXIS_SYNTH,RURAL_REGIONAL,ZONE_SOUTH,19,5,REGISTERED
CMP-2026-00336,2026-08-11 15:01:16,2026-08-11 16:52:16,111.0,INVESTMENT_FRAUD,76899.73,IMPS,BANK_SBI_SYNTH,NEW_DIGITAL,ZONE_WEST,15,1,REGISTERED
CMP-2026-00337,2026-06-07 16:46:38,2026-06-07 19:22:26,155.8,INVESTMENT_FRAUD,63466.44,IMPS,BANK_SBI_SYNTH,RURAL_REGIONAL,ZONE_EAST,16,6,REGISTERED
CMP-2026-00338,2026-07-18 11:15:19,2026-07-18 12:15:07,59.8,INVESTMENT_FRAUD,43706.27,IMPS,BANK_HDFC_SYNTH,NEW_DIGITAL,ZONE_CENTRAL,11,5,REGISTERED
CMP-2026-00339,2026-05-15 16:50:39,2026-05-15 17:31:45,41.1,TASK_FRAUD,48065.53,UPI,BANK_PNB_SYNTH,NEW_DIGITAL,ZONE_NORTH,16,4,REGISTERED
CMP-2026-00340,2026-07-29 19:31:38,2026-07-29 20:13:08,41.5,LOAN_SCAM,24799.09,UPI,BANK_SBI_SYNTH,STANDARD,ZONE_WEST,19,2,REGISTERED
CMP-2026-00341,2026-07-08 15:18:27,2026-07-08 15:43:33,25.1,PHISHING_UPI,6796.25,UPI,BANK_HDFC_SYNTH,NEW_DIGITAL,ZONE_NORTH,15,2,REGISTERED
CMP-2026-00342,2026-05-14 17:42:42,2026-05-14 19:05:42,83.0,INVESTMENT_FRAUD,103915.05,UPI,BANK_ICIC_SYNTH,RURAL_REGIONAL,ZONE_EAST,17,3,REGISTERED
CMP-2026-00343,2026-03-13 16:33:34,2026-03-13 17:23:04,49.5,INVESTMENT_FRAUD,87742.59,UPI,BANK_PNB_SYNTH,RURAL_REGIONAL,ZONE_SOUTH,16,4,REGISTERED
CMP-2026-00344,2026-05-24 11:40:24,2026-05-24 12:01:30,21.1,PHISHING_UPI,8855.95,UPI,BANK_SBI_SYNTH,NEW_DIGITAL,ZONE_EAST,11,6,REGISTERED
CMP-2026-00345,2026-04-15 08:01:22,2026-04-15 08:13:22,12.0,PHISHING_UPI,10265.1,UPI,BANK_AXIS_SYNTH,NEW_DIGITAL,ZONE_WEST,8,2,REGISTERED
CMP-2026-00346,2026-04-13 12:42:40,2026-04-13 13:11:40,29.0,TASK_FRAUD,23444.19,IMPS,BANK_HDFC_SYNTH,NEW_DIGITAL,ZONE_WEST,12,0,REGISTERED
CMP-2026-00347,2026-03-25 13:22:34,2026-03-25 13:50:40,28.1,PHISHING_UPI,32526.25,UPI,BANK_SBI_SYNTH,STANDARD,ZONE_CENTRAL,13,2,REGISTERED
CMP-2026-00348,2026-07-28 14:43:29,2026-07-28 15:08:17,24.8,PHISHING_UPI,24019.34,IMPS,BANK_PNB_SYNTH,RURAL_REGIONAL,ZONE_EAST,14,1,REGISTERED
CMP-2026-00349,2026-05-26 21:11:51,2026-05-26 21:27:45,15.9,TASK_FRAUD,82415.14,NEFT,BANK_SBI_SYNTH,NEW_DIGITAL,ZONE_NORTH,21,1,REGISTERED
CMP-2026-00350,2026-04-06 17:50:12,2026-04-06 18:36:06,45.9,TASK_FRAUD,63716.68,UPI,BANK_SBI_SYNTH,NEW_DIGITAL,ZONE_CENTRAL,17,0,REGISTERED
CMP-2026-00351,2026-04-26 18:19:32,2026-04-26 18:39:14,19.7,PHISHING_UPI,23729.97,IMPS,BANK_SBI_SYNTH,NEW_DIGITAL,ZONE_NORTH,18,6,REGISTERED
CMP-2026-00352,2026-07-14 14:12:18,2026-07-14 15:05:00,52.7,INVESTMENT_FRAUD,81182.29,UPI,BANK_SBI_SYNTH,RURAL_REGIONAL,ZONE_SOUTH,14,1,REGISTERED
CMP-2026-00353,2026-08-03 20:21:17,2026-08-03 20:37:05,15.8,INVESTMENT_FRAUD,131236.64,UPI,BANK_ICIC_SYNTH,NEW_DIGITAL,ZONE_NORTH,20,0,REGISTERED
CMP-2026-00354,2026-05-12 07:28:57,2026-05-12 07:52:45,23.8,PHISHING_UPI,19932.06,NEFT,BANK_HDFC_SYNTH,STANDARD,ZONE_EAST,7,1,REGISTERED
CMP-2026-00355,2026-05-01 20:11:31,2026-05-01 20:36:19,24.8,EXTORTION,18972.74,UPI,BANK_PNB_SYNTH,RURAL_REGIONAL,ZONE_EAST,20,4,REGISTERED
CMP-2026-00356,2026-08-14 13:33:17,2026-08-14 14:14:53,41.6,INVESTMENT_FRAUD,69835.78,IMPS,BANK_SBI_SYNTH,NEW_DIGITAL,ZONE_WEST,13,4,REGISTERED
CMP-2026-00357,2026-06-17 08:52:11,2026-06-17 09:44:47,52.6,INVESTMENT_FRAUD,83904.68,NEFT,BANK_HDFC_SYNTH,STANDARD,ZONE_EAST,8,2,REGISTERED
CMP-2026-00358,2026-04-29 14:18:19,2026-04-29 14:30:25,12.1,EXTORTION,33393.55,UPI,BANK_PNB_SYNTH,NEW_DIGITAL,ZONE_WEST,14,2,REGISTERED
CMP-2026-00359,2026-03-30 18:28:22,2026-03-30 19:06:22,38.0,EXTORTION,15644.3,UPI,BANK_SBI_SYNTH,NEW_DIGITAL,ZONE_SOUTH,18,0,REGISTERED
CMP-2026-00360,2026-06-19 19:27:17,2026-06-19 20:51:23,84.1,INVESTMENT_FRAUD,198776.0,UPI,BANK_AXIS_SYNTH,RURAL_REGIONAL,ZONE_SOUTH,19,4,REGISTERED
CMP-2026-00361,2026-03-14 23:40:25,2026-03-15 00:04:43,24.3,TASK_FRAUD,54198.92,UPI,BANK_HDFC_SYNTH,RURAL_REGIONAL,ZONE_WEST,23,5,REGISTERED
CMP-2026-00362,2026-08-19 13:09:54,2026-08-19 14:16:30,66.6,INVESTMENT_FRAUD,134526.71,UPI,BANK_SBI_SYNTH,NEW_DIGITAL,ZONE_SOUTH,13,2,REGISTERED
CMP-2026-00363,2026-03-07 19:04:15,2026-03-07 19:45:45,41.5,TASK_FRAUD,74118.7,IMPS,BANK_ICIC_SYNTH,STANDARD,ZONE_EAST,19,5,REGISTERED
CMP-2026-00364,2026-05-05 13:36:02,2026-05-05 14:46:38,70.6,INVESTMENT_FRAUD,111571.0,NEFT,BANK_SBI_SYNTH,STANDARD,ZONE_NORTH,13,1,REGISTERED
CMP-2026-00365,2026-08-18 16:23:28,2026-08-18 16:52:58,29.5,INVESTMENT_FRAUD,199490.02,UPI,BANK_HDFC_SYNTH,NEW_DIGITAL,ZONE_CENTRAL,16,1,REGISTERED
CMP-2026-00366,2026-06-04 23:25:20,2026-06-04 23:49:44,24.4,PHISHING_UPI,14605.6,UPI,BANK_ICIC_SYNTH,RURAL_REGIONAL,ZONE_WEST,23,3,REGISTERED
CMP-2026-00367,2026-03-05 14:11:31,2026-03-05 14:29:43,18.2,PHISHING_UPI,51190.12,UPI,BANK_PNB_SYNTH,RURAL_REGIONAL,ZONE_EAST,14,3,REGISTERED
CMP-2026-00368,2026-04-16 18:28:13,2026-04-16 20:18:43,110.5,LOAN_SCAM,26191.84,UPI,BANK_PNB_SYNTH,STANDARD,ZONE_SOUTH,18,3,REGISTERED
CMP-2026-00369,2026-04-21 11:58:31,2026-04-21 13:28:25,89.9,INVESTMENT_FRAUD,187507.37,UPI,BANK_SBI_SYNTH,NEW_DIGITAL,ZONE_EAST,11,1,REGISTERED
CMP-2026-00370,2026-08-01 11:28:11,2026-08-01 12:03:47,35.6,INVESTMENT_FRAUD,172200.52,NEFT,BANK_ICIC_SYNTH,NEW_DIGITAL,ZONE_EAST,11,5,REGISTERED
CMP-2026-00371,2026-05-20 08:05:51,2026-05-20 08:58:21,52.5,TASK_FRAUD,91296.01,UPI,BANK_SBI_SYNTH,STANDARD,ZONE_WEST,8,2,REGISTERED
CMP-2026-00372,2026-06-29 23:45:04,2026-06-30 00:19:28,34.4,INVESTMENT_FRAUD,125564.01,UPI,BANK_ICIC_SYNTH,NEW_DIGITAL,ZONE_CENTRAL,23,0,REGISTERED
CMP-2026-00373,2026-08-08 14:54:10,2026-08-08 15:48:34,54.4,INVESTMENT_FRAUD,45858.94,NEFT,BANK_HDFC_SYNTH,NEW_DIGITAL,ZONE_WEST,14,5,REGISTERED
CMP-2026-00374,2026-05-31 10:07:12,2026-05-31 10:29:18,22.1,PHISHING_UPI,22338.17,UPI,BANK_ICIC_SYNTH,NEW_DIGITAL,ZONE_SOUTH,10,6,REGISTERED
CMP-2026-00375,2026-07-21 13:01:23,2026-07-21 15:29:29,148.1,LOAN_SCAM,8237.52,IMPS,BANK_ICIC_SYNTH,STANDARD,ZONE_EAST,13,1,REGISTERED
CMP-2026-00376,2026-05-24 16:35:08,2026-05-24 17:52:50,77.7,INVESTMENT_FRAUD,55715.72,NEFT,BANK_SBI_SYNTH,NEW_DIGITAL,ZONE_SOUTH,16,6,REGISTERED
CMP-2026-00377,2026-03-12 11:25:45,2026-03-12 12:09:15,43.5,INVESTMENT_FRAUD,83784.73,NEFT,BANK_HDFC_SYNTH,NEW_DIGITAL,ZONE_EAST,11,3,REGISTERED
CMP-2026-00378,2026-07-27 16:04:08,2026-07-27 16:22:32,18.4,EXTORTION,33325.21,IMPS,BANK_HDFC_SYNTH,STANDARD,ZONE_WEST,16,0,REGISTERED
CMP-2026-00379,2026-06-24 20:28:29,2026-06-24 21:04:29,36.0,LOAN_SCAM,23539.99,IMPS,BANK_AXIS_SYNTH,RURAL_REGIONAL,ZONE_WEST,20,2,REGISTERED
CMP-2026-00380,2026-07-28 21:35:40,2026-07-28 22:00:28,24.8,TASK_FRAUD,52982.38,NEFT,BANK_SBI_SYNTH,NEW_DIGITAL,ZONE_EAST,21,1,REGISTERED
CMP-2026-00381,2026-08-11 12:03:53,2026-08-11 12:15:53,12.0,TASK_FRAUD,26137.83,UPI,BANK_SBI_SYNTH,NEW_DIGITAL,ZONE_SOUTH,12,1,REGISTERED
CMP-2026-00382,2026-04-24 06:10:20,2026-04-24 06:22:20,12.0,PHISHING_UPI,29311.84,IMPS,BANK_SBI_SYNTH,STANDARD,ZONE_NORTH,6,4,REGISTERED
CMP-2026-00383,2026-04-10 12:33:57,2026-04-10 13:31:09,57.2,INVESTMENT_FRAUD,64785.51,UPI,BANK_HDFC_SYNTH,NEW_DIGITAL,ZONE_SOUTH,12,4,REGISTERED
CMP-2026-00384,2026-04-15 10:40:35,2026-04-15 11:31:23,50.8,INVESTMENT_FRAUD,156170.34,UPI,BANK_SBI_SYNTH,STANDARD,ZONE_NORTH,10,2,REGISTERED
CMP-2026-00385,2026-06-19 15:05:32,2026-06-19 16:48:32,103.0,INVESTMENT_FRAUD,128365.34,NEFT,BANK_HDFC_SYNTH,NEW_DIGITAL,ZONE_SOUTH,15,4,REGISTERED
CMP-2026-00386,2026-06-21 08:57:38,2026-06-21 09:17:02,19.4,INVESTMENT_FRAUD,190028.82,IMPS,BANK_HDFC_SYNTH,RURAL_REGIONAL,ZONE_SOUTH,8,6,REGISTERED
CMP-2026-00387,2026-07-27 09:01:05,2026-07-27 11:16:17,135.2,LOAN_SCAM,16398.97,UPI,BANK_ICIC_SYNTH,STANDARD,ZONE_SOUTH,9,0,REGISTERED
CMP-2026-00388,2026-06-26 15:49:36,2026-06-26 16:13:42,24.1,PHISHING_UPI,31470.29,IMPS,BANK_AXIS_SYNTH,NEW_DIGITAL,ZONE_CENTRAL,15,4,REGISTERED
CMP-2026-00389,2026-05-29 13:40:34,2026-05-29 14:27:10,46.6,INVESTMENT_FRAUD,55970.88,UPI,BANK_HDFC_SYNTH,STANDARD,ZONE_NORTH,13,4,REGISTERED
CMP-2026-00390,2026-05-26 20:51:51,2026-05-26 21:20:21,28.5,TASK_FRAUD,83982.67,IMPS,BANK_PNB_SYNTH,STANDARD,ZONE_CENTRAL,20,1,REGISTERED
CMP-2026-00391,2026-05-21 14:44:03,2026-05-21 15:19:15,35.2,TASK_FRAUD,21146.47,UPI,BANK_SBI_SYNTH,STANDARD,ZONE_WEST,14,3,REGISTERED
CMP-2026-00392,2026-05-27 22:13:21,2026-05-27 22:40:03,26.7,INVESTMENT_FRAUD,144976.13,UPI,BANK_HDFC_SYNTH,NEW_DIGITAL,ZONE_SOUTH,22,2,REGISTERED
CMP-2026-00393,2026-08-03 19:20:46,2026-08-03 20:15:22,54.6,LOAN_SCAM,35924.77,UPI,BANK_SBI_SYNTH,NEW_DIGITAL,ZONE_SOUTH,19,0,REGISTERED
CMP-2026-00394,2026-05-02 22:25:08,2026-05-03 00:18:14,113.1,EXTORTION,32314.95,NEFT,BANK_SBI_SYNTH,NEW_DIGITAL,ZONE_NORTH,22,5,REGISTERED
CMP-2026-00395,2026-05-23 17:17:28,2026-05-23 18:29:04,71.6,INVESTMENT_FRAUD,191085.2,IMPS,BANK_SBI_SYNTH,NEW_DIGITAL,ZONE_EAST,17,5,REGISTERED
CMP-2026-00396,2026-03-10 15:24:55,2026-03-10 15:41:37,16.7,PHISHING_UPI,7583.51,NEFT,BANK_SBI_SYNTH,NEW_DIGITAL,ZONE_SOUTH,15,1,REGISTERED
CMP-2026-00397,2026-08-10 21:52:20,2026-08-10 23:03:32,71.2,TASK_FRAUD,59171.53,UPI,BANK_SBI_SYNTH,NEW_DIGITAL,ZONE_CENTRAL,21,0,REGISTERED
CMP-2026-00398,2026-07-08 17:12:48,2026-07-08 17:55:36,42.8,TASK_FRAUD,51451.77,UPI,BANK_SBI_SYNTH,NEW_DIGITAL,ZONE_NORTH,17,2,REGISTERED
CMP-2026-00399,2026-04-25 10:01:05,2026-04-25 10:13:05,12.0,EXTORTION,49700.58,UPI,BANK_PNB_SYNTH,RURAL_REGIONAL,ZONE_EAST,10,5,REGISTERED
CMP-2026-00400,2026-05-30 23:15:13,2026-05-30 23:33:37,18.4,PHISHING_UPI,38675.17,UPI,BANK_SBI_SYNTH,STANDARD,ZONE_EAST,23,5,REGISTERED
CMP-2026-00401,2026-05-29 16:56:53,2026-05-29 18:55:47,118.9,EXTORTION,44656.93,UPI,BANK_ICIC_SYNTH,NEW_DIGITAL,ZONE_SOUTH,16,4,REGISTERED
CMP-2026-00402,2026-04-21 11:00:54,2026-04-21 11:22:06,21.2,PHISHING_UPI,47290.6,NEFT,BANK_SBI_SYNTH,STANDARD,ZONE_WEST,11,1,REGISTERED
CMP-2026-00403,2026-07-09 10:48:25,2026-07-09 11:58:25,70.0,TASK_FRAUD,44226.39,IMPS,BANK_ICIC_SYNTH,STANDARD,ZONE_WEST,10,3,REGISTERED
CMP-2026-00404,2026-06-10 23:23:35,2026-06-10 23:35:35,12.0,PHISHING_UPI,16555.9,IMPS,BANK_SBI_SYNTH,NEW_DIGITAL,ZONE_NORTH,23,2,REGISTERED
CMP-2026-00405,2026-05-30 20:48:35,2026-05-30 21:05:05,16.5,PHISHING_UPI,27682.17,UPI,BANK_HDFC_SYNTH,NEW_DIGITAL,ZONE_CENTRAL,20,5,REGISTERED
CMP-2026-00406,2026-03-24 16:06:25,2026-03-24 18:02:43,116.3,TASK_FRAUD,20517.15,UPI,BANK_SBI_SYNTH,STANDARD,ZONE_WEST,16,1,REGISTERED
CMP-2026-00407,2026-06-09 15:23:48,2026-06-09 16:15:06,51.3,INVESTMENT_FRAUD,152878.33,UPI,BANK_SBI_SYNTH,NEW_DIGITAL,ZONE_CENTRAL,15,1,REGISTERED
CMP-2026-00408,2026-05-30 20:02:02,2026-05-30 20:42:20,40.3,TASK_FRAUD,79988.79,NEFT,BANK_HDFC_SYNTH,NEW_DIGITAL,ZONE_NORTH,20,5,REGISTERED
CMP-2026-00409,2026-06-02 20:09:38,2026-06-02 20:25:20,15.7,TASK_FRAUD,67523.96,IMPS,BANK_SBI_SYNTH,RURAL_REGIONAL,ZONE_SOUTH,20,1,REGISTERED
CMP-2026-00410,2026-03-26 15:59:39,2026-03-26 16:18:39,19.0,TASK_FRAUD,52025.03,IMPS,BANK_SBI_SYNTH,STANDARD,ZONE_CENTRAL,15,3,REGISTERED
CMP-2026-00411,2026-08-26 17:47:53,2026-08-26 17:59:53,12.0,PHISHING_UPI,41441.24,IMPS,BANK_PNB_SYNTH,STANDARD,ZONE_EAST,17,2,REGISTERED
CMP-2026-00412,2026-05-31 19:32:34,2026-05-31 19:55:22,22.8,EXTORTION,11968.84,UPI,BANK_PNB_SYNTH,NEW_DIGITAL,ZONE_SOUTH,19,6,REGISTERED
CMP-2026-00413,2026-05-25 23:01:23,2026-05-26 00:13:47,72.4,LOAN_SCAM,26712.99,IMPS,BANK_SBI_SYNTH,NEW_DIGITAL,ZONE_NORTH,23,0,REGISTERED
CMP-2026-00414,2026-08-24 19:37:19,2026-08-24 20:44:55,67.6,LOAN_SCAM,18774.44,UPI,BANK_ICIC_SYNTH,STANDARD,ZONE_EAST,19,0,REGISTERED
CMP-2026-00415,2026-06-16 23:16:41,2026-06-16 23:29:11,12.5,PHISHING_UPI,17772.36,UPI,BANK_SBI_SYNTH,NEW_DIGITAL,ZONE_CENTRAL,23,1,REGISTERED
CMP-2026-00416,2026-06-14 16:10:33,2026-06-14 16:35:27,24.9,EXTORTION,17312.54,NEFT,BANK_HDFC_SYNTH,NEW_DIGITAL,ZONE_CENTRAL,16,6,REGISTERED
CMP-2026-00417,2026-07-01 15:02:36,2026-07-01 15:25:18,22.7,TASK_FRAUD,63673.88,NEFT,BANK_PNB_SYNTH,STANDARD,ZONE_EAST,15,2,REGISTERED
CMP-2026-00418,2026-03-20 17:01:28,2026-03-20 17:42:04,40.6,LOAN_SCAM,28888.92,UPI,BANK_HDFC_SYNTH,STANDARD,ZONE_NORTH,17,4,REGISTERED
CMP-2026-00419,2026-05-14 14:13:26,2026-05-14 15:26:26,73.0,INVESTMENT_FRAUD,35848.04,UPI,BANK_SBI_SYNTH,STANDARD,ZONE_SOUTH,14,3,REGISTERED
CMP-2026-00420,2026-08-05 19:47:46,2026-08-05 20:18:52,31.1,PHISHING_UPI,18877.31,NEFT,BANK_SBI_SYNTH,NEW_DIGITAL,ZONE_SOUTH,19,2,REGISTERED
CMP-2026-00421,2026-06-09 14:42:30,2026-06-09 18:01:06,198.6,INVESTMENT_FRAUD,170391.1,IMPS,BANK_ICIC_SYNTH,NEW_DIGITAL,ZONE_WEST,14,1,REGISTERED
CMP-2026-00422,2026-08-20 16:29:58,2026-08-20 16:54:16,24.3,PHISHING_UPI,10797.08,IMPS,BANK_ICIC_SYNTH,STANDARD,ZONE_CENTRAL,16,3,REGISTERED
CMP-2026-00423,2026-08-04 10:43:41,2026-08-04 11:37:11,53.5,TASK_FRAUD,46088.63,UPI,BANK_SBI_SYNTH,RURAL_REGIONAL,ZONE_SOUTH,10,1,REGISTERED
CMP-2026-00424,2026-06-18 15:12:15,2026-06-18 16:34:27,82.2,LOAN_SCAM,36903.02,UPI,BANK_SBI_SYNTH,NEW_DIGITAL,ZONE_CENTRAL,15,3,REGISTERED
CMP-2026-00425,2026-04-10 09:19:49,2026-04-10 10:10:43,50.9,INVESTMENT_FRAUD,55111.53,UPI,BANK_SBI_SYNTH,NEW_DIGITAL,ZONE_NORTH,9,4,REGISTERED
CMP-2026-00426,2026-07-03 07:31:20,2026-07-03 07:43:20,12.0,EXTORTION,17828.51,IMPS,BANK_ICIC_SYNTH,NEW_DIGITAL,ZONE_CENTRAL,7,4,REGISTERED
CMP-2026-00427,2026-06-12 18:34:24,2026-06-12 19:01:54,27.5,TASK_FRAUD,87652.28,UPI,BANK_SBI_SYNTH,NEW_DIGITAL,ZONE_WEST,18,4,REGISTERED
CMP-2026-00428,2026-05-11 08:22:49,2026-05-11 09:17:01,54.2,INVESTMENT_FRAUD,35037.46,NEFT,BANK_PNB_SYNTH,STANDARD,ZONE_WEST,8,0,REGISTERED
CMP-2026-00429,2026-08-19 15:05:22,2026-08-19 15:25:04,19.7,TASK_FRAUD,49985.99,IMPS,BANK_ICIC_SYNTH,NEW_DIGITAL,ZONE_EAST,15,2,REGISTERED
CMP-2026-00430,2026-06-27 18:47:30,2026-06-27 19:14:54,27.4,INVESTMENT_FRAUD,138069.56,UPI,BANK_HDFC_SYNTH,STANDARD,ZONE_SOUTH,18,5,REGISTERED
CMP-2026-00431,2026-07-04 15:08:06,2026-07-04 15:43:48,35.7,EXTORTION,10396.43,IMPS,BANK_HDFC_SYNTH,RURAL_REGIONAL,ZONE_NORTH,15,5,REGISTERED
CMP-2026-00432,2026-04-13 10:42:57,2026-04-13 12:20:39,97.7,INVESTMENT_FRAUD,101574.36,UPI,BANK_PNB_SYNTH,NEW_DIGITAL,ZONE_SOUTH,10,0,REGISTERED
CMP-2026-00433,2026-03-10 11:26:21,2026-03-10 11:52:27,26.1,INVESTMENT_FRAUD,46250.79,UPI,BANK_HDFC_SYNTH,NEW_DIGITAL,ZONE_SOUTH,11,1,REGISTERED
CMP-2026-00434,2026-07-01 17:08:00,2026-07-01 17:37:54,29.9,PHISHING_UPI,51199.88,UPI,BANK_ICIC_SYNTH,RURAL_REGIONAL,ZONE_CENTRAL,17,2,REGISTERED
CMP-2026-00435,2026-08-24 10:10:26,2026-08-24 11:04:44,54.3,TASK_FRAUD,21660.64,IMPS,BANK_SBI_SYNTH,RURAL_REGIONAL,ZONE_WEST,10,0,REGISTERED
CMP-2026-00436,2026-04-05 14:18:20,2026-04-05 14:48:50,30.5,INVESTMENT_FRAUD,107611.73,UPI,BANK_SBI_SYNTH,NEW_DIGITAL,ZONE_EAST,14,6,REGISTERED
CMP-2026-00437,2026-08-11 08:05:41,2026-08-11 08:17:41,12.0,PHISHING_UPI,13793.39,IMPS,BANK_SBI_SYNTH,NEW_DIGITAL,ZONE_WEST,8,1,REGISTERED
CMP-2026-00438,2026-08-12 22:11:26,2026-08-12 22:28:02,16.6,PHISHING_UPI,11502.23,UPI,BANK_ICIC_SYNTH,NEW_DIGITAL,ZONE_CENTRAL,22,2,REGISTERED
CMP-2026-00439,2026-04-01 14:58:02,2026-04-01 18:04:26,186.4,INVESTMENT_FRAUD,99715.94,NEFT,BANK_SBI_SYNTH,STANDARD,ZONE_CENTRAL,14,2,REGISTERED
CMP-2026-00440,2026-05-11 15:31:11,2026-05-11 16:09:17,38.1,TASK_FRAUD,58252.71,IMPS,BANK_ICIC_SYNTH,STANDARD,ZONE_CENTRAL,15,0,REGISTERED
CMP-2026-00441,2026-08-21 18:59:18,2026-08-21 19:36:12,36.9,EXTORTION,12761.48,UPI,BANK_SBI_SYNTH,STANDARD,ZONE_NORTH,18,4,REGISTERED
CMP-2026-00442,2026-03-02 10:36:38,2026-03-02 11:26:20,49.7,EXTORTION,25284.94,UPI,BANK_SBI_SYNTH,NEW_DIGITAL,ZONE_NORTH,10,0,REGISTERED
CMP-2026-00443,2026-04-21 22:41:34,2026-04-21 23:03:22,21.8,PHISHING_UPI,15623.8,UPI,BANK_HDFC_SYNTH,NEW_DIGITAL,ZONE_NORTH,22,1,REGISTERED
CMP-2026-00444,2026-05-24 10:12:51,2026-05-24 10:31:51,19.0,INVESTMENT_FRAUD,148857.74,UPI,BANK_SBI_SYNTH,STANDARD,ZONE_SOUTH,10,6,REGISTERED
CMP-2026-00445,2026-07-10 17:41:16,2026-07-10 18:07:52,26.6,TASK_FRAUD,39644.05,IMPS,BANK_SBI_SYNTH,NEW_DIGITAL,ZONE_NORTH,17,4,REGISTERED
CMP-2026-00446,2026-07-21 11:36:43,2026-07-21 11:54:31,17.8,PHISHING_UPI,53646.33,IMPS,BANK_HDFC_SYNTH,NEW_DIGITAL,ZONE_EAST,11,1,REGISTERED
CMP-2026-00447,2026-06-23 11:25:52,2026-06-23 13:42:10,136.3,LOAN_SCAM,30827.47,IMPS,BANK_PNB_SYNTH,NEW_DIGITAL,ZONE_SOUTH,11,1,REGISTERED
CMP-2026-00448,2026-03-16 11:42:06,2026-03-16 12:04:36,22.5,LOAN_SCAM,19831.95,UPI,BANK_AXIS_SYNTH,NEW_DIGITAL,ZONE_WEST,11,0,REGISTERED
CMP-2026-00449,2026-05-25 20:59:15,2026-05-25 21:14:51,15.6,EXTORTION,43317.5,NEFT,BANK_ICIC_SYNTH,STANDARD,ZONE_EAST,20,0,REGISTERED
CMP-2026-00450,2026-07-14 19:21:19,2026-07-14 19:56:43,35.4,INVESTMENT_FRAUD,101309.58,IMPS,BANK_HDFC_SYNTH,STANDARD,ZONE_EAST,19,1,REGISTERED
CMP-2026-00451,2026-05-04 13:15:03,2026-05-04 13:32:45,17.7,PHISHING_UPI,31657.92,UPI,BANK_HDFC_SYNTH,NEW_DIGITAL,ZONE_EAST,13,0,REGISTERED
CMP-2026-00452,2026-04-25 17:25:43,2026-04-25 18:01:13,35.5,TASK_FRAUD,91836.42,UPI,BANK_ICIC_SYNTH,NEW_DIGITAL,ZONE_NORTH,17,5,REGISTERED
CMP-2026-00453,2026-06-23 08:18:23,2026-06-23 08:36:41,18.3,TASK_FRAUD,31069.46,IMPS,BANK_PNB_SYNTH,RURAL_REGIONAL,ZONE_EAST,8,1,REGISTERED
CMP-2026-00454,2026-05-26 19:29:47,2026-05-26 20:24:35,54.8,TASK_FRAUD,94937.96,UPI,BANK_HDFC_SYNTH,NEW_DIGITAL,ZONE_NORTH,19,1,REGISTERED
CMP-2026-00455,2026-05-07 12:44:35,2026-05-07 13:24:29,39.9,PHISHING_UPI,26649.95,UPI,BANK_PNB_SYNTH,NEW_DIGITAL,ZONE_SOUTH,12,3,REGISTERED
CMP-2026-00456,2026-07-15 10:51:42,2026-07-15 11:23:18,31.6,INVESTMENT_FRAUD,171566.41,IMPS,BANK_ICIC_SYNTH,NEW_DIGITAL,ZONE_SOUTH,10,2,REGISTERED
CMP-2026-00457,2026-07-16 12:43:48,2026-07-16 13:07:06,23.3,INVESTMENT_FRAUD,88141.14,IMPS,BANK_PNB_SYNTH,STANDARD,ZONE_SOUTH,12,3,REGISTERED
CMP-2026-00458,2026-06-03 20:33:45,2026-06-03 21:22:09,48.4,INVESTMENT_FRAUD,165662.07,IMPS,BANK_HDFC_SYNTH,NEW_DIGITAL,ZONE_NORTH,20,2,REGISTERED
CMP-2026-00459,2026-06-07 08:32:12,2026-06-07 10:42:30,130.3,LOAN_SCAM,30467.09,NEFT,BANK_ICIC_SYNTH,STANDARD,ZONE_WEST,8,6,REGISTERED
CMP-2026-00460,2026-08-01 23:28:07,2026-08-01 23:47:01,18.9,TASK_FRAUD,61545.02,UPI,BANK_PNB_SYNTH,NEW_DIGITAL,ZONE_WEST,23,5,REGISTERED
CMP-2026-00461,2026-05-31 15:51:03,2026-05-31 16:27:21,36.3,PHISHING_UPI,49281.43,UPI,BANK_SBI_SYNTH,RURAL_REGIONAL,ZONE_CENTRAL,15,6,REGISTERED
CMP-2026-00462,2026-05-22 05:03:35,2026-05-22 05:58:35,55.0,LOAN_SCAM,5420.11,IMPS,BANK_ICIC_SYNTH,NEW_DIGITAL,ZONE_NORTH,5,4,REGISTERED
CMP-2026-00463,2026-07-09 12:25:16,2026-07-09 12:51:10,25.9,TASK_FRAUD,56606.03,UPI,BANK_ICIC_SYNTH,STANDARD,ZONE_EAST,12,3,REGISTERED
CMP-2026-00464,2026-06-13 22:02:27,2026-06-13 22:47:57,45.5,INVESTMENT_FRAUD,130173.31,UPI,BANK_SBI_SYNTH,NEW_DIGITAL,ZONE_WEST,22,5,REGISTERED
CMP-2026-00465,2026-06-06 15:03:59,2026-06-06 15:18:41,14.7,INVESTMENT_FRAUD,51592.85,UPI,BANK_ICIC_SYNTH,RURAL_REGIONAL,ZONE_WEST,15,5,REGISTERED
CMP-2026-00466,2026-08-25 18:30:02,2026-08-25 19:06:20,36.3,TASK_FRAUD,28529.89,UPI,BANK_SBI_SYNTH,STANDARD,ZONE_SOUTH,18,1,REGISTERED
CMP-2026-00467,2026-07-17 15:49:41,2026-07-17 16:01:41,12.0,EXTORTION,37406.98,UPI,BANK_SBI_SYNTH,NEW_DIGITAL,ZONE_CENTRAL,15,4,REGISTERED
CMP-2026-00468,2026-06-25 14:26:23,2026-06-25 14:53:05,26.7,INVESTMENT_FRAUD,63365.57,UPI,BANK_SBI_SYNTH,NEW_DIGITAL,ZONE_SOUTH,14,3,REGISTERED
CMP-2026-00469,2026-05-08 19:55:58,2026-05-08 20:12:16,16.3,PHISHING_UPI,33310.82,UPI,BANK_SBI_SYNTH,RURAL_REGIONAL,ZONE_WEST,19,4,REGISTERED
CMP-2026-00470,2026-05-07 16:43:42,2026-05-07 17:55:12,71.5,INVESTMENT_FRAUD,100024.88,NEFT,BANK_SBI_SYNTH,NEW_DIGITAL,ZONE_EAST,16,3,REGISTERED
CMP-2026-00471,2026-03-24 12:55:22,2026-03-24 13:20:04,24.7,PHISHING_UPI,15557.55,IMPS,BANK_SBI_SYNTH,NEW_DIGITAL,ZONE_NORTH,12,1,REGISTERED
CMP-2026-00472,2026-06-04 22:46:14,2026-06-04 23:12:44,26.5,TASK_FRAUD,70038.24,UPI,BANK_HDFC_SYNTH,NEW_DIGITAL,ZONE_EAST,22,3,REGISTERED
CMP-2026-00473,2026-07-15 15:19:29,2026-07-15 16:04:59,45.5,TASK_FRAUD,57484.56,UPI,BANK_AXIS_SYNTH,NEW_DIGITAL,ZONE_SOUTH,15,2,REGISTERED
CMP-2026-00474,2026-06-04 13:52:14,2026-06-04 14:38:20,46.1,INVESTMENT_FRAUD,108561.22,IMPS,BANK_PNB_SYNTH,NEW_DIGITAL,ZONE_EAST,13,3,REGISTERED
CMP-2026-00475,2026-04-03 21:56:46,2026-04-03 22:59:16,62.5,INVESTMENT_FRAUD,196199.32,UPI,BANK_HDFC_SYNTH,NEW_DIGITAL,ZONE_NORTH,21,4,REGISTERED
CMP-2026-00476,2026-07-24 20:26:39,2026-07-24 20:38:39,12.0,PHISHING_UPI,56117.19,UPI,BANK_ICIC_SYNTH,STANDARD,ZONE_WEST,20,4,REGISTERED
CMP-2026-00477,2026-04-13 12:04:06,2026-04-13 13:00:00,55.9,LOAN_SCAM,37148.26,UPI,BANK_SBI_SYNTH,NEW_DIGITAL,ZONE_NORTH,12,0,REGISTERED
CMP-2026-00478,2026-06-16 11:45:55,2026-06-16 11:57:55,12.0,PHISHING_UPI,26656.53,IMPS,BANK_HDFC_SYNTH,STANDARD,ZONE_NORTH,11,1,REGISTERED
CMP-2026-00479,2026-05-12 10:14:34,2026-05-12 11:12:04,57.5,TASK_FRAUD,73099.42,UPI,BANK_AXIS_SYNTH,RURAL_REGIONAL,ZONE_NORTH,10,1,REGISTERED
CMP-2026-00480,2026-03-26 17:18:14,2026-03-26 17:35:08,16.9,INVESTMENT_FRAUD,189106.37,UPI,BANK_ICIC_SYNTH,STANDARD,ZONE_SOUTH,17,3,REGISTERED
CMP-2026-00481,2026-06-12 20:49:43,2026-06-12 22:04:07,74.4,TASK_FRAUD,62892.43,IMPS,BANK_HDFC_SYNTH,RURAL_REGIONAL,ZONE_EAST,20,4,REGISTERED
CMP-2026-00482,2026-04-24 10:09:42,2026-04-24 10:49:54,40.2,INVESTMENT_FRAUD,154934.69,NEFT,BANK_SBI_SYNTH,NEW_DIGITAL,ZONE_EAST,10,4,REGISTERED
CMP-2026-00483,2026-03-11 17:37:56,2026-03-11 18:32:08,54.2,TASK_FRAUD,57552.55,NEFT,BANK_SBI_SYNTH,NEW_DIGITAL,ZONE_EAST,17,2,REGISTERED
CMP-2026-00484,2026-05-16 12:31:03,2026-05-16 12:56:57,25.9,TASK_FRAUD,95193.95,UPI,BANK_AXIS_SYNTH,NEW_DIGITAL,ZONE_WEST,12,5,REGISTERED
CMP-2026-00485,2026-08-17 14:42:24,2026-08-17 15:12:48,30.4,INVESTMENT_FRAUD,93061.0,IMPS,BANK_HDFC_SYNTH,NEW_DIGITAL,ZONE_CENTRAL,14,0,REGISTERED
CMP-2026-00486,2026-07-04 10:26:09,2026-07-04 11:06:27,40.3,PHISHING_UPI,28559.35,UPI,BANK_ICIC_SYNTH,NEW_DIGITAL,ZONE_CENTRAL,10,5,REGISTERED
CMP-2026-00487,2026-07-14 15:30:15,2026-07-14 15:54:45,24.5,LOAN_SCAM,32481.65,UPI,BANK_AXIS_SYNTH,NEW_DIGITAL,ZONE_EAST,15,1,REGISTERED
CMP-2026-00488,2026-04-24 07:45:09,2026-04-24 08:38:33,53.4,LOAN_SCAM,9998.5,IMPS,BANK_SBI_SYNTH,NEW_DIGITAL,ZONE_CENTRAL,7,4,REGISTERED
CMP-2026-00489,2026-06-10 12:26:35,2026-06-10 14:40:05,133.5,INVESTMENT_FRAUD,60495.94,UPI,BANK_HDFC_SYNTH,NEW_DIGITAL,ZONE_EAST,12,2,REGISTERED
CMP-2026-00490,2026-04-13 11:13:21,2026-04-13 11:25:45,12.4,EXTORTION,35008.65,NEFT,BANK_ICIC_SYNTH,STANDARD,ZONE_NORTH,11,0,REGISTERED
CMP-2026-00491,2026-03-17 15:46:53,2026-03-17 16:29:35,42.7,INVESTMENT_FRAUD,109240.71,IMPS,BANK_ICIC_SYNTH,RURAL_REGIONAL,ZONE_WEST,15,1,REGISTERED
CMP-2026-00492,2026-05-07 12:38:38,2026-05-07 12:56:14,17.6,PHISHING_UPI,12332.97,NEFT,BANK_PNB_SYNTH,NEW_DIGITAL,ZONE_CENTRAL,12,3,REGISTERED
CMP-2026-00493,2026-07-16 13:46:42,2026-07-16 14:31:12,44.5,TASK_FRAUD,83521.16,IMPS,BANK_SBI_SYNTH,STANDARD,ZONE_CENTRAL,13,3,REGISTERED
CMP-2026-00494,2026-04-07 13:58:21,2026-04-07 14:34:51,36.5,INVESTMENT_FRAUD,119622.38,IMPS,BANK_SBI_SYNTH,STANDARD,ZONE_SOUTH,13,1,REGISTERED
CMP-2026-00495,2026-04-04 15:47:07,2026-04-04 16:03:43,16.6,PHISHING_UPI,44490.78,UPI,BANK_SBI_SYNTH,NEW_DIGITAL,ZONE_CENTRAL,15,5,REGISTERED
CMP-2026-00496,2026-07-04 18:45:13,2026-07-04 19:41:13,56.0,LOAN_SCAM,20520.37,UPI,BANK_HDFC_SYNTH,STANDARD,ZONE_EAST,18,5,REGISTERED
CMP-2026-00497,2026-06-08 12:49:18,2026-06-08 13:37:24,48.1,INVESTMENT_FRAUD,191505.85,IMPS,BANK_SBI_SYNTH,STANDARD,ZONE_NORTH,12,0,REGISTERED
CMP-2026-00498,2026-05-04 12:56:31,2026-05-04 14:37:01,100.5,INVESTMENT_FRAUD,175241.17,UPI,BANK_HDFC_SYNTH,NEW_DIGITAL,ZONE_NORTH,12,0,REGISTERED
CMP-2026-00499,2026-07-16 18:20:58,2026-07-16 18:32:58,12.0,EXTORTION,11214.15,IMPS,BANK_HDFC_SYNTH,NEW_DIGITAL,ZONE_NORTH,18,3,REGISTERED
CMP-2026-00500,2026-06-10 10:14:47,2026-06-10 10:46:47,32.0,PHISHING_UPI,44732.63,UPI,BANK_HDFC_SYNTH,NEW_DIGITAL,ZONE_EAST,10,2,REGISTERED
CMP-2026-00501,2026-06-08 05:37:37,2026-06-08 06:12:25,34.8,TASK_FRAUD,77328.5,UPI,BANK_SBI_SYNTH,NEW_DIGITAL,ZONE_WEST,5,0,REGISTERED
CMP-2026-00502,2026-03-28 09:21:14,2026-03-28 10:49:08,87.9,INVESTMENT_FRAUD,150758.27,UPI,BANK_HDFC_SYNTH,NEW_DIGITAL,ZONE_SOUTH,9,5,REGISTERED
CMP-2026-00503,2026-05-29 14:41:43,2026-05-29 15:30:01,48.3,EXTORTION,42643.69,NEFT,BANK_PNB_SYNTH,RURAL_REGIONAL,ZONE_WEST,14,4,REGISTERED
CMP-2026-00504,2026-06-24 16:31:29,2026-06-24 18:25:17,113.8,INVESTMENT_FRAUD,113281.76,UPI,BANK_HDFC_SYNTH,RURAL_REGIONAL,ZONE_NORTH,16,2,REGISTERED
CMP-2026-00505,2026-03-31 15:46:34,2026-03-31 16:29:16,42.7,INVESTMENT_FRAUD,116180.29,UPI,BANK_SBI_SYNTH,STANDARD,ZONE_CENTRAL,15,1,REGISTERED
CMP-2026-00506,2026-06-03 13:53:54,2026-06-03 14:08:48,14.9,INVESTMENT_FRAUD,85180.44,IMPS,BANK_SBI_SYNTH,RURAL_REGIONAL,ZONE_EAST,13,2,REGISTERED
CMP-2026-00507,2026-05-14 17:53:40,2026-05-14 18:13:46,20.1,PHISHING_UPI,40552.41,UPI,BANK_HDFC_SYNTH,NEW_DIGITAL,ZONE_WEST,17,3,REGISTERED
CMP-2026-00508,2026-05-31 12:23:03,2026-05-31 12:48:15,25.2,LOAN_SCAM,12711.46,UPI,BANK_HDFC_SYNTH,NEW_DIGITAL,ZONE_NORTH,12,6,REGISTERED
CMP-2026-00509,2026-06-27 14:01:00,2026-06-27 14:13:00,12.0,PHISHING_UPI,52739.98,IMPS,BANK_ICIC_SYNTH,NEW_DIGITAL,ZONE_NORTH,14,5,REGISTERED
CMP-2026-00510,2026-06-04 20:17:34,2026-06-04 21:09:40,52.1,LOAN_SCAM,20887.41,UPI,BANK_HDFC_SYNTH,RURAL_REGIONAL,ZONE_WEST,20,3,REGISTERED
CMP-2026-00511,2026-03-04 13:52:44,2026-03-04 14:10:32,17.8,TASK_FRAUD,83127.69,IMPS,BANK_ICIC_SYNTH,RURAL_REGIONAL,ZONE_SOUTH,13,2,REGISTERED
CMP-2026-00512,2026-03-18 19:09:15,2026-03-18 19:28:15,19.0,PHISHING_UPI,12059.25,IMPS,BANK_AXIS_SYNTH,RURAL_REGIONAL,ZONE_EAST,19,2,REGISTERED
CMP-2026-00513,2026-07-25 13:17:50,2026-07-25 15:33:20,135.5,INVESTMENT_FRAUD,105437.63,UPI,BANK_AXIS_SYNTH,STANDARD,ZONE_EAST,13,5,REGISTERED
CMP-2026-00514,2026-08-20 17:29:36,2026-08-20 18:06:24,36.8,LOAN_SCAM,39336.57,IMPS,BANK_PNB_SYNTH,STANDARD,ZONE_NORTH,17,3,REGISTERED
CMP-2026-00515,2026-07-28 16:05:41,2026-07-28 16:32:35,26.9,INVESTMENT_FRAUD,133617.59,NEFT,BANK_PNB_SYNTH,NEW_DIGITAL,ZONE_SOUTH,16,1,REGISTERED
CMP-2026-00516,2026-06-25 16:02:05,2026-06-25 16:22:17,20.2,EXTORTION,19786.2,UPI,BANK_PNB_SYNTH,RURAL_REGIONAL,ZONE_CENTRAL,16,3,REGISTERED
CMP-2026-00517,2026-06-08 20:03:40,2026-06-08 20:29:34,25.9,TASK_FRAUD,63718.11,UPI,BANK_ICIC_SYNTH,STANDARD,ZONE_EAST,20,0,REGISTERED
CMP-2026-00518,2026-03-15 20:54:27,2026-03-15 21:47:51,53.4,INVESTMENT_FRAUD,43085.77,IMPS,BANK_PNB_SYNTH,NEW_DIGITAL,ZONE_CENTRAL,20,6,REGISTERED
CMP-2026-00519,2026-06-10 13:54:06,2026-06-10 14:48:24,54.3,EXTORTION,38624.83,IMPS,BANK_PNB_SYNTH,STANDARD,ZONE_CENTRAL,13,2,REGISTERED
CMP-2026-00520,2026-08-13 16:14:13,2026-08-13 18:22:25,128.2,LOAN_SCAM,26992.15,UPI,BANK_SBI_SYNTH,STANDARD,ZONE_WEST,16,3,REGISTERED
CMP-2026-00521,2026-07-03 11:36:30,2026-07-03 11:55:54,19.4,INVESTMENT_FRAUD,143964.06,IMPS,BANK_ICIC_SYNTH,NEW_DIGITAL,ZONE_EAST,11,4,REGISTERED
CMP-2026-00522,2026-04-20 15:34:36,2026-04-20 16:08:30,33.9,INVESTMENT_FRAUD,152516.33,UPI,BANK_SBI_SYNTH,NEW_DIGITAL,ZONE_NORTH,15,0,REGISTERED
CMP-2026-00523,2026-08-15 11:20:01,2026-08-15 11:53:01,33.0,INVESTMENT_FRAUD,182687.63,IMPS,BANK_HDFC_SYNTH,RURAL_REGIONAL,ZONE_NORTH,11,5,REGISTERED
CMP-2026-00524,2026-06-14 06:48:52,2026-06-14 07:03:16,14.4,TASK_FRAUD,98727.16,UPI,BANK_SBI_SYNTH,NEW_DIGITAL,ZONE_SOUTH,6,6,REGISTERED
CMP-2026-00525,2026-08-15 17:19:10,2026-08-15 17:40:04,20.9,INVESTMENT_FRAUD,125035.33,IMPS,BANK_SBI_SYNTH,STANDARD,ZONE_EAST,17,5,REGISTERED
CMP-2026-00526,2026-06-30 13:34:21,2026-06-30 14:43:21,69.0,INVESTMENT_FRAUD,52268.97,UPI,BANK_ICIC_SYNTH,NEW_DIGITAL,ZONE_SOUTH,13,1,REGISTERED
CMP-2026-00527,2026-07-21 14:44:46,2026-07-21 15:23:28,38.7,INVESTMENT_FRAUD,55561.49,UPI,BANK_SBI_SYNTH,NEW_DIGITAL,ZONE_EAST,14,1,REGISTERED
CMP-2026-00528,2026-03-10 14:27:14,2026-03-10 14:39:14,12.0,PHISHING_UPI,50781.51,NEFT,BANK_SBI_SYNTH,STANDARD,ZONE_SOUTH,14,1,REGISTERED
CMP-2026-00529,2026-05-01 18:49:39,2026-05-01 20:41:09,111.5,INVESTMENT_FRAUD,181362.05,UPI,BANK_SBI_SYNTH,RURAL_REGIONAL,ZONE_NORTH,18,4,REGISTERED
CMP-2026-00530,2026-05-11 08:49:20,2026-05-11 09:34:50,45.5,TASK_FRAUD,55021.2,UPI,BANK_ICIC_SYNTH,RURAL_REGIONAL,ZONE_NORTH,8,0,REGISTERED
CMP-2026-00531,2026-07-20 13:28:31,2026-07-20 14:33:01,64.5,INVESTMENT_FRAUD,61822.6,UPI,BANK_SBI_SYNTH,STANDARD,ZONE_WEST,13,0,REGISTERED
CMP-2026-00532,2026-05-17 14:43:37,2026-05-17 15:36:49,53.2,EXTORTION,47416.99,NEFT,BANK_PNB_SYNTH,NEW_DIGITAL,ZONE_WEST,14,6,REGISTERED
CMP-2026-00533,2026-04-23 14:15:45,2026-04-23 14:29:33,13.8,PHISHING_UPI,18023.87,UPI,BANK_ICIC_SYNTH,STANDARD,ZONE_WEST,14,3,REGISTERED
CMP-2026-00534,2026-03-28 13:45:50,2026-03-28 14:07:56,22.1,INVESTMENT_FRAUD,169632.71,UPI,BANK_SBI_SYNTH,NEW_DIGITAL,ZONE_SOUTH,13,5,REGISTERED
CMP-2026-00535,2026-03-20 13:00:19,2026-03-20 13:40:37,40.3,INVESTMENT_FRAUD,54862.39,IMPS,BANK_AXIS_SYNTH,NEW_DIGITAL,ZONE_WEST,13,4,REGISTERED
CMP-2026-00536,2026-03-16 19:27:28,2026-03-16 20:11:58,44.5,INVESTMENT_FRAUD,94600.65,IMPS,BANK_SBI_SYNTH,NEW_DIGITAL,ZONE_SOUTH,19,0,REGISTERED
CMP-2026-00537,2026-03-19 21:05:22,2026-03-19 21:22:34,17.2,PHISHING_UPI,53762.75,UPI,BANK_ICIC_SYNTH,STANDARD,ZONE_NORTH,21,3,REGISTERED
CMP-2026-00538,2026-08-03 15:00:18,2026-08-03 15:41:36,41.3,PHISHING_UPI,20242.94,UPI,BANK_SBI_SYNTH,NEW_DIGITAL,ZONE_NORTH,15,0,REGISTERED
CMP-2026-00539,2026-07-09 09:35:57,2026-07-09 11:19:09,103.2,TASK_FRAUD,20597.05,UPI,BANK_ICIC_SYNTH,NEW_DIGITAL,ZONE_SOUTH,9,3,REGISTERED
CMP-2026-00540,2026-04-13 09:33:10,2026-04-13 09:59:58,26.8,TASK_FRAUD,55214.43,UPI,BANK_HDFC_SYNTH,STANDARD,ZONE_WEST,9,0,REGISTERED
CMP-2026-00541,2026-03-25 15:19:17,2026-03-25 15:35:47,16.5,PHISHING_UPI,8065.04,NEFT,BANK_ICIC_SYNTH,STANDARD,ZONE_CENTRAL,15,2,REGISTERED
CMP-2026-00542,2026-04-19 22:19:30,2026-04-19 22:47:42,28.2,PHISHING_UPI,9492.39,UPI,BANK_SBI_SYNTH,RURAL_REGIONAL,ZONE_NORTH,22,6,REGISTERED
CMP-2026-00543,2026-04-15 23:15:46,2026-04-15 23:54:16,38.5,INVESTMENT_FRAUD,97010.5,UPI,BANK_ICIC_SYNTH,NEW_DIGITAL,ZONE_WEST,23,2,REGISTERED
CMP-2026-00544,2026-05-22 13:08:19,2026-05-22 13:36:37,28.3,EXTORTION,24350.23,IMPS,BANK_ICIC_SYNTH,NEW_DIGITAL,ZONE_CENTRAL,13,4,REGISTERED
CMP-2026-00545,2026-04-29 18:39:24,2026-04-29 18:55:24,16.0,PHISHING_UPI,47725.18,IMPS,BANK_ICIC_SYNTH,RURAL_REGIONAL,ZONE_WEST,18,2,REGISTERED
CMP-2026-00546,2026-05-17 15:52:55,2026-05-17 16:19:55,27.0,LOAN_SCAM,33018.76,IMPS,BANK_ICIC_SYNTH,NEW_DIGITAL,ZONE_NORTH,15,6,REGISTERED
CMP-2026-00547,2026-04-24 13:38:44,2026-04-24 14:02:14,23.5,PHISHING_UPI,21470.17,UPI,BANK_AXIS_SYNTH,RURAL_REGIONAL,ZONE_NORTH,13,4,REGISTERED
CMP-2026-00548,2026-04-01 10:25:20,2026-04-01 11:19:38,54.3,INVESTMENT_FRAUD,174290.67,UPI,BANK_HDFC_SYNTH,NEW_DIGITAL,ZONE_EAST,10,2,REGISTERED
CMP-2026-00549,2026-08-22 17:50:15,2026-08-22 18:29:21,39.1,EXTORTION,44005.31,UPI,BANK_AXIS_SYNTH,NEW_DIGITAL,ZONE_CENTRAL,17,5,REGISTERED
CMP-2026-00550,2026-07-25 16:25:23,2026-07-25 16:44:59,19.6,PHISHING_UPI,32644.66,UPI,BANK_ICIC_SYNTH,NEW_DIGITAL,ZONE_NORTH,16,5,REGISTERED
CMP-2026-00551,2026-06-15 23:34:11,2026-06-16 00:14:47,40.6,TASK_FRAUD,25777.05,IMPS,BANK_HDFC_SYNTH,STANDARD,ZONE_CENTRAL,23,0,REGISTERED
CMP-2026-00552,2026-08-19 16:29:45,2026-08-19 17:49:09,79.4,INVESTMENT_FRAUD,193785.78,UPI,BANK_SBI_SYNTH,STANDARD,ZONE_WEST,16,2,REGISTERED
CMP-2026-00553,2026-07-28 10:04:52,2026-07-28 10:44:28,39.6,LOAN_SCAM,12228.7,IMPS,BANK_PNB_SYNTH,STANDARD,ZONE_EAST,10,1,REGISTERED
CMP-2026-00554,2026-07-22 15:43:31,2026-07-22 16:23:49,40.3,TASK_FRAUD,88262.78,NEFT,BANK_SBI_SYNTH,NEW_DIGITAL,ZONE_EAST,15,2,REGISTERED
CMP-2026-00555,2026-06-27 08:45:27,2026-06-27 09:58:57,73.5,EXTORTION,19347.62,IMPS,BANK_SBI_SYNTH,STANDARD,ZONE_NORTH,8,5,REGISTERED
CMP-2026-00556,2026-05-20 19:38:30,2026-05-20 19:50:30,12.0,INVESTMENT_FRAUD,105544.41,UPI,BANK_ICIC_SYNTH,STANDARD,ZONE_CENTRAL,19,2,REGISTERED
CMP-2026-00557,2026-06-06 23:50:23,2026-06-07 00:45:05,54.7,EXTORTION,23638.66,IMPS,BANK_SBI_SYNTH,NEW_DIGITAL,ZONE_NORTH,23,5,REGISTERED
CMP-2026-00558,2026-03-20 16:15:42,2026-03-20 16:54:54,39.2,LOAN_SCAM,36792.15,IMPS,BANK_HDFC_SYNTH,STANDARD,ZONE_NORTH,16,4,REGISTERED
CMP-2026-00559,2026-06-25 17:02:36,2026-06-25 17:14:36,12.0,PHISHING_UPI,24610.74,UPI,BANK_AXIS_SYNTH,NEW_DIGITAL,ZONE_CENTRAL,17,3,REGISTERED
CMP-2026-00560,2026-06-30 14:25:48,2026-06-30 14:45:36,19.8,INVESTMENT_FRAUD,155616.71,UPI,BANK_ICIC_SYNTH,NEW_DIGITAL,ZONE_EAST,14,1,REGISTERED
CMP-2026-00561,2026-03-18 06:14:32,2026-03-18 06:34:56,20.4,INVESTMENT_FRAUD,157429.24,UPI,BANK_PNB_SYNTH,NEW_DIGITAL,ZONE_NORTH,6,2,REGISTERED
CMP-2026-00562,2026-05-20 15:25:29,2026-05-20 15:41:11,15.7,INVESTMENT_FRAUD,55388.47,UPI,BANK_HDFC_SYNTH,STANDARD,ZONE_SOUTH,15,2,REGISTERED
CMP-2026-00563,2026-05-02 16:01:30,2026-05-02 16:19:30,18.0,PHISHING_UPI,41239.6,NEFT,BANK_SBI_SYNTH,STANDARD,ZONE_SOUTH,16,5,REGISTERED
CMP-2026-00564,2026-03-16 15:53:46,2026-03-16 16:14:52,21.1,PHISHING_UPI,45014.5,UPI,BANK_HDFC_SYNTH,STANDARD,ZONE_WEST,15,0,REGISTERED
CMP-2026-00565,2026-05-01 15:50:13,2026-05-01 16:03:13,13.0,INVESTMENT_FRAUD,51884.81,UPI,BANK_AXIS_SYNTH,STANDARD,ZONE_NORTH,15,4,REGISTERED
CMP-2026-00566,2026-05-18 12:44:28,2026-05-18 13:08:16,23.8,PHISHING_UPI,10238.69,UPI,BANK_HDFC_SYNTH,RURAL_REGIONAL,ZONE_SOUTH,12,0,REGISTERED
CMP-2026-00567,2026-03-09 15:45:07,2026-03-09 16:27:37,42.5,INVESTMENT_FRAUD,65912.22,UPI,BANK_ICIC_SYNTH,STANDARD,ZONE_SOUTH,15,0,REGISTERED
CMP-2026-00568,2026-06-30 08:10:59,2026-06-30 08:28:47,17.8,PHISHING_UPI,40724.86,UPI,BANK_HDFC_SYNTH,NEW_DIGITAL,ZONE_CENTRAL,8,1,REGISTERED
CMP-2026-00569,2026-04-13 15:11:35,2026-04-13 15:49:17,37.7,PHISHING_UPI,35887.7,UPI,BANK_SBI_SYNTH,NEW_DIGITAL,ZONE_WEST,15,0,REGISTERED
CMP-2026-00570,2026-08-20 19:14:51,2026-08-20 19:40:03,25.2,INVESTMENT_FRAUD,59028.73,IMPS,BANK_ICIC_SYNTH,STANDARD,ZONE_SOUTH,19,3,REGISTERED
CMP-2026-00571,2026-06-27 15:25:01,2026-06-27 16:45:07,80.1,INVESTMENT_FRAUD,161601.06,NEFT,BANK_HDFC_SYNTH,NEW_DIGITAL,ZONE_EAST,15,5,REGISTERED
CMP-2026-00572,2026-05-20 14:27:24,2026-05-20 15:07:30,40.1,TASK_FRAUD,48056.78,IMPS,BANK_PNB_SYNTH,NEW_DIGITAL,ZONE_NORTH,14,2,REGISTERED
CMP-2026-00573,2026-04-07 12:48:45,2026-04-07 13:11:09,22.4,INVESTMENT_FRAUD,138654.09,UPI,BANK_AXIS_SYNTH,STANDARD,ZONE_CENTRAL,12,1,REGISTERED
CMP-2026-00574,2026-06-12 18:51:55,2026-06-12 20:49:01,117.1,INVESTMENT_FRAUD,97486.05,IMPS,BANK_ICIC_SYNTH,STANDARD,ZONE_SOUTH,18,4,REGISTERED
CMP-2026-00575,2026-04-28 18:29:07,2026-04-28 18:50:25,21.3,TASK_FRAUD,53212.45,UPI,BANK_SBI_SYNTH,NEW_DIGITAL,ZONE_EAST,18,1,REGISTERED
CMP-2026-00576,2026-06-03 17:40:20,2026-06-03 18:06:38,26.3,TASK_FRAUD,29248.45,UPI,BANK_SBI_SYNTH,RURAL_REGIONAL,ZONE_SOUTH,17,2,REGISTERED
CMP-2026-00577,2026-06-14 14:22:22,2026-06-14 15:37:04,74.7,LOAN_SCAM,34488.84,UPI,BANK_AXIS_SYNTH,NEW_DIGITAL,ZONE_EAST,14,6,REGISTERED
CMP-2026-00578,2026-06-20 08:52:43,2026-06-20 11:16:43,144.0,LOAN_SCAM,7296.91,UPI,BANK_HDFC_SYNTH,STANDARD,ZONE_WEST,8,5,REGISTERED
CMP-2026-00579,2026-08-13 16:37:05,2026-08-13 16:58:05,21.0,PHISHING_UPI,49212.29,UPI,BANK_SBI_SYNTH,NEW_DIGITAL,ZONE_WEST,16,3,REGISTERED
CMP-2026-00580,2026-03-22 19:19:07,2026-03-22 19:59:01,39.9,LOAN_SCAM,30125.47,NEFT,BANK_ICIC_SYNTH,NEW_DIGITAL,ZONE_NORTH,19,6,REGISTERED
CMP-2026-00581,2026-05-15 21:08:36,2026-05-15 22:14:36,66.0,TASK_FRAUD,82232.75,UPI,BANK_HDFC_SYNTH,NEW_DIGITAL,ZONE_NORTH,21,4,REGISTERED
CMP-2026-00582,2026-05-27 23:34:44,2026-05-28 00:27:56,53.2,INVESTMENT_FRAUD,80791.26,NEFT,BANK_ICIC_SYNTH,STANDARD,ZONE_WEST,23,2,REGISTERED
CMP-2026-00583,2026-08-15 16:11:35,2026-08-15 16:26:47,15.2,PHISHING_UPI,24799.58,UPI,BANK_HDFC_SYNTH,NEW_DIGITAL,ZONE_CENTRAL,16,5,REGISTERED
CMP-2026-00584,2026-03-26 04:20:53,2026-03-26 06:08:35,107.7,INVESTMENT_FRAUD,41198.43,IMPS,BANK_HDFC_SYNTH,STANDARD,ZONE_NORTH,4,3,REGISTERED
CMP-2026-00585,2026-08-03 11:00:31,2026-08-03 11:23:55,23.4,PHISHING_UPI,39948.54,IMPS,BANK_PNB_SYNTH,RURAL_REGIONAL,ZONE_WEST,11,0,REGISTERED
CMP-2026-00586,2026-05-30 18:31:26,2026-05-30 18:44:02,12.6,INVESTMENT_FRAUD,120503.95,UPI,BANK_HDFC_SYNTH,RURAL_REGIONAL,ZONE_NORTH,18,5,REGISTERED
CMP-2026-00587,2026-05-19 12:10:05,2026-05-19 12:46:29,36.4,TASK_FRAUD,39219.6,UPI,BANK_HDFC_SYNTH,STANDARD,ZONE_SOUTH,12,1,REGISTERED
CMP-2026-00588,2026-04-22 15:17:14,2026-04-22 16:33:56,76.7,LOAN_SCAM,26540.8,UPI,BANK_ICIC_SYNTH,STANDARD,ZONE_CENTRAL,15,2,REGISTERED
CMP-2026-00589,2026-07-19 23:36:47,2026-07-19 23:50:59,14.2,PHISHING_UPI,45844.98,UPI,BANK_HDFC_SYNTH,NEW_DIGITAL,ZONE_CENTRAL,23,6,REGISTERED
CMP-2026-00590,2026-06-07 16:07:36,2026-06-07 16:55:18,47.7,TASK_FRAUD,64915.07,IMPS,BANK_HDFC_SYNTH,RURAL_REGIONAL,ZONE_WEST,16,6,REGISTERED
CMP-2026-00591,2026-06-06 13:48:02,2026-06-06 14:36:02,48.0,TASK_FRAUD,60967.09,NEFT,BANK_SBI_SYNTH,NEW_DIGITAL,ZONE_EAST,13,5,REGISTERED
CMP-2026-00592,2026-08-26 11:06:47,2026-08-26 11:25:11,18.4,EXTORTION,40997.14,IMPS,BANK_ICIC_SYNTH,NEW_DIGITAL,ZONE_EAST,11,2,REGISTERED
CMP-2026-00593,2026-07-14 14:19:55,2026-07-14 15:22:55,63.0,INVESTMENT_FRAUD,106951.63,UPI,BANK_AXIS_SYNTH,STANDARD,ZONE_NORTH,14,1,REGISTERED
CMP-2026-00594,2026-05-20 11:22:55,2026-05-20 12:45:55,83.0,INVESTMENT_FRAUD,115983.7,UPI,BANK_ICIC_SYNTH,STANDARD,ZONE_CENTRAL,11,2,REGISTERED
CMP-2026-00595,2026-08-03 10:07:49,2026-08-03 11:10:49,63.0,INVESTMENT_FRAUD,199912.2,IMPS,BANK_HDFC_SYNTH,NEW_DIGITAL,ZONE_EAST,10,0,REGISTERED
CMP-2026-00596,2026-07-24 13:37:44,2026-07-24 14:45:56,68.2,INVESTMENT_FRAUD,136545.77,UPI,BANK_SBI_SYNTH,NEW_DIGITAL,ZONE_EAST,13,4,REGISTERED
CMP-2026-00597,2026-03-30 23:08:50,2026-03-30 23:36:20,27.5,EXTORTION,24264.36,UPI,BANK_AXIS_SYNTH,STANDARD,ZONE_NORTH,23,0,REGISTERED
CMP-2026-00598,2026-07-23 21:36:22,2026-07-23 21:48:22,12.0,PHISHING_UPI,46457.25,IMPS,BANK_HDFC_SYNTH,STANDARD,ZONE_SOUTH,21,3,REGISTERED
CMP-2026-00599,2026-07-05 14:18:36,2026-07-05 14:30:36,12.0,EXTORTION,16547.03,UPI,BANK_SBI_SYNTH,STANDARD,ZONE_CENTRAL,14,6,REGISTERED
CMP-2026-00600,2026-07-14 14:26:58,2026-07-14 14:44:28,17.5,TASK_FRAUD,31618.0,UPI,BANK_AXIS_SYNTH,STANDARD,ZONE_NORTH,14,1,REGISTERED
CMP-2026-00601,2026-03-23 10:55:08,2026-03-23 11:25:38,30.5,LOAN_SCAM,12232.51,NEFT,BANK_SBI_SYNTH,NEW_DIGITAL,ZONE_WEST,10,0,REGISTERED
CMP-2026-00602,2026-07-16 18:43:25,2026-07-16 20:01:01,77.6,LOAN_SCAM,10449.24,UPI,BANK_SBI_SYNTH,STANDARD,ZONE_WEST,18,3,REGISTERED
CMP-2026-00603,2026-06-22 14:24:28,2026-06-22 14:43:22,18.9,EXTORTION,19304.15,UPI,BANK_SBI_SYNTH,NEW_DIGITAL,ZONE_CENTRAL,14,0,REGISTERED
CMP-2026-00604,2026-07-13 16:44:59,2026-07-13 17:25:35,40.6,TASK_FRAUD,68557.85,UPI,BANK_PNB_SYNTH,RURAL_REGIONAL,ZONE_EAST,16,0,REGISTERED
CMP-2026-00605,2026-05-21 15:31:20,2026-05-21 16:43:14,71.9,PHISHING_UPI,41958.69,UPI,BANK_ICIC_SYNTH,STANDARD,ZONE_CENTRAL,15,3,REGISTERED
CMP-2026-00606,2026-07-10 18:29:40,2026-07-10 19:23:34,53.9,TASK_FRAUD,24234.87,IMPS,BANK_AXIS_SYNTH,NEW_DIGITAL,ZONE_WEST,18,4,REGISTERED
CMP-2026-00607,2026-08-01 16:50:34,2026-08-01 17:08:16,17.7,TASK_FRAUD,75761.04,IMPS,BANK_HDFC_SYNTH,NEW_DIGITAL,ZONE_EAST,16,5,REGISTERED
CMP-2026-00608,2026-05-29 14:20:53,2026-05-29 15:08:05,47.2,LOAN_SCAM,22606.53,IMPS,BANK_PNB_SYNTH,RURAL_REGIONAL,ZONE_NORTH,14,4,REGISTERED
CMP-2026-00609,2026-06-10 03:31:50,2026-06-10 04:29:56,58.1,INVESTMENT_FRAUD,66525.25,IMPS,BANK_HDFC_SYNTH,NEW_DIGITAL,ZONE_SOUTH,3,2,REGISTERED
CMP-2026-00610,2026-03-09 13:40:50,2026-03-09 14:29:56,49.1,LOAN_SCAM,25355.61,UPI,BANK_HDFC_SYNTH,NEW_DIGITAL,ZONE_SOUTH,13,0,REGISTERED
CMP-2026-00611,2026-03-03 03:59:54,2026-03-03 06:34:00,154.1,INVESTMENT_FRAUD,170067.88,NEFT,BANK_ICIC_SYNTH,NEW_DIGITAL,ZONE_SOUTH,3,1,REGISTERED
CMP-2026-00612,2026-03-01 12:27:12,2026-03-01 13:58:00,90.8,INVESTMENT_FRAUD,96259.7,UPI,BANK_ICIC_SYNTH,NEW_DIGITAL,ZONE_WEST,12,6,REGISTERED
CMP-2026-00613,2026-08-11 17:56:41,2026-08-11 18:10:35,13.9,PHISHING_UPI,58497.88,UPI,BANK_SBI_SYNTH,NEW_DIGITAL,ZONE_NORTH,17,1,REGISTERED
CMP-2026-00614,2026-05-04 16:05:23,2026-05-04 17:01:53,56.5,PHISHING_UPI,23589.93,NEFT,BANK_HDFC_SYNTH,NEW_DIGITAL,ZONE_EAST,16,0,REGISTERED
CMP-2026-00615,2026-06-21 08:46:44,2026-06-21 09:03:08,16.4,PHISHING_UPI,9977.3,UPI,BANK_SBI_SYNTH,STANDARD,ZONE_CENTRAL,8,6,REGISTERED
CMP-2026-00616,2026-07-05 12:00:13,2026-07-05 12:18:37,18.4,INVESTMENT_FRAUD,87893.65,UPI,BANK_SBI_SYNTH,STANDARD,ZONE_CENTRAL,12,6,REGISTERED
CMP-2026-00617,2026-06-02 12:28:00,2026-06-02 13:19:18,51.3,TASK_FRAUD,25827.62,NEFT,BANK_HDFC_SYNTH,STANDARD,ZONE_CENTRAL,12,1,REGISTERED
CMP-2026-00618,2026-08-25 16:27:44,2026-08-25 17:04:44,37.0,PHISHING_UPI,33773.69,NEFT,BANK_SBI_SYNTH,NEW_DIGITAL,ZONE_CENTRAL,16,1,REGISTERED
CMP-2026-00619,2026-03-17 18:51:06,2026-03-17 19:17:48,26.7,PHISHING_UPI,5886.86,UPI,BANK_HDFC_SYNTH,STANDARD,ZONE_EAST,18,1,REGISTERED
CMP-2026-00620,2026-08-06 10:08:24,2026-08-06 10:28:36,20.2,TASK_FRAUD,77566.34,UPI,BANK_ICIC_SYNTH,NEW_DIGITAL,ZONE_CENTRAL,10,3,REGISTERED
CMP-2026-00621,2026-06-24 21:43:09,2026-06-24 22:06:39,23.5,TASK_FRAUD,56747.68,IMPS,BANK_AXIS_SYNTH,STANDARD,ZONE_EAST,21,2,REGISTERED
CMP-2026-00622,2026-06-18 08:10:28,2026-06-18 08:47:28,37.0,INVESTMENT_FRAUD,37075.34,UPI,BANK_ICIC_SYNTH,NEW_DIGITAL,ZONE_WEST,8,3,REGISTERED
CMP-2026-00623,2026-03-28 16:26:39,2026-03-28 17:06:27,39.8,INVESTMENT_FRAUD,125697.96,NEFT,BANK_HDFC_SYNTH,NEW_DIGITAL,ZONE_SOUTH,16,5,REGISTERED
CMP-2026-00624,2026-03-19 17:48:07,2026-03-19 18:35:25,47.3,INVESTMENT_FRAUD,74290.6,NEFT,BANK_SBI_SYNTH,NEW_DIGITAL,ZONE_EAST,17,3,REGISTERED
CMP-2026-00625,2026-05-17 17:50:08,2026-05-17 18:02:08,12.0,EXTORTION,27355.52,IMPS,BANK_AXIS_SYNTH,STANDARD,ZONE_NORTH,17,6,REGISTERED
CMP-2026-00626,2026-06-17 16:46:38,2026-06-17 19:03:08,136.5,LOAN_SCAM,15039.63,UPI,BANK_SBI_SYNTH,NEW_DIGITAL,ZONE_NORTH,16,2,REGISTERED
CMP-2026-00627,2026-07-31 13:42:56,2026-07-31 14:37:32,54.6,TASK_FRAUD,29027.24,NEFT,BANK_ICIC_SYNTH,NEW_DIGITAL,ZONE_SOUTH,13,4,REGISTERED
CMP-2026-00628,2026-04-23 13:03:50,2026-04-23 13:15:50,12.0,TASK_FRAUD,45274.87,IMPS,BANK_PNB_SYNTH,RURAL_REGIONAL,ZONE_EAST,13,3,REGISTERED
CMP-2026-00629,2026-08-19 15:31:24,2026-08-19 16:28:36,57.2,TASK_FRAUD,46636.53,UPI,BANK_SBI_SYNTH,STANDARD,ZONE_CENTRAL,15,2,REGISTERED
CMP-2026-00630,2026-06-23 20:04:33,2026-06-23 20:22:03,17.5,TASK_FRAUD,62833.07,IMPS,BANK_PNB_SYNTH,RURAL_REGIONAL,ZONE_WEST,20,1,REGISTERED
CMP-2026-00631,2026-03-03 16:23:59,2026-03-03 17:21:53,57.9,INVESTMENT_FRAUD,43994.46,IMPS,BANK_PNB_SYNTH,STANDARD,ZONE_CENTRAL,16,1,REGISTERED
CMP-2026-00632,2026-08-02 17:36:26,2026-08-02 18:43:56,67.5,LOAN_SCAM,12534.42,IMPS,BANK_SBI_SYNTH,NEW_DIGITAL,ZONE_EAST,17,6,REGISTERED
CMP-2026-00633,2026-07-16 12:49:04,2026-07-16 13:07:04,18.0,TASK_FRAUD,45855.54,NEFT,BANK_HDFC_SYNTH,NEW_DIGITAL,ZONE_SOUTH,12,3,REGISTERED
CMP-2026-00634,2026-04-08 22:59:03,2026-04-08 23:27:03,28.0,PHISHING_UPI,33294.88,UPI,BANK_PNB_SYNTH,NEW_DIGITAL,ZONE_WEST,22,2,REGISTERED
CMP-2026-00635,2026-05-11 11:18:40,2026-05-11 12:07:58,49.3,INVESTMENT_FRAUD,188695.91,NEFT,BANK_ICIC_SYNTH,NEW_DIGITAL,ZONE_WEST,11,0,REGISTERED
CMP-2026-00636,2026-05-12 13:40:34,2026-05-12 14:08:16,27.7,PHISHING_UPI,8954.87,NEFT,BANK_AXIS_SYNTH,NEW_DIGITAL,ZONE_CENTRAL,13,1,REGISTERED
CMP-2026-00637,2026-04-25 11:32:58,2026-04-25 12:06:46,33.8,INVESTMENT_FRAUD,105538.75,IMPS,BANK_SBI_SYNTH,NEW_DIGITAL,ZONE_SOUTH,11,5,REGISTERED
CMP-2026-00638,2026-06-05 12:25:37,2026-06-05 12:45:07,19.5,PHISHING_UPI,19607.32,IMPS,BANK_SBI_SYNTH,NEW_DIGITAL,ZONE_SOUTH,12,4,REGISTERED
CMP-2026-00639,2026-05-18 00:54:15,2026-05-18 02:17:21,83.1,EXTORTION,40235.46,UPI,BANK_SBI_SYNTH,NEW_DIGITAL,ZONE_NORTH,0,0,REGISTERED
CMP-2026-00640,2026-08-14 13:07:29,2026-08-14 14:21:59,74.5,INVESTMENT_FRAUD,41234.44,IMPS,BANK_SBI_SYNTH,NEW_DIGITAL,ZONE_CENTRAL,13,4,REGISTERED
CMP-2026-00641,2026-04-25 09:47:42,2026-04-25 10:30:42,43.0,PHISHING_UPI,41977.97,UPI,BANK_SBI_SYNTH,STANDARD,ZONE_SOUTH,9,5,REGISTERED
CMP-2026-00642,2026-03-25 20:00:10,2026-03-25 20:40:52,40.7,INVESTMENT_FRAUD,101501.4,IMPS,BANK_ICIC_SYNTH,STANDARD,ZONE_NORTH,20,2,REGISTERED
CMP-2026-00643,2026-06-03 14:50:52,2026-06-03 15:36:58,46.1,TASK_FRAUD,81304.33,UPI,BANK_SBI_SYNTH,STANDARD,ZONE_CENTRAL,14,2,REGISTERED
CMP-2026-00644,2026-05-06 13:47:49,2026-05-06 14:27:49,40.0,INVESTMENT_FRAUD,152297.56,NEFT,BANK_ICIC_SYNTH,NEW_DIGITAL,ZONE_SOUTH,13,2,REGISTERED
CMP-2026-00645,2026-07-10 14:07:49,2026-07-10 14:19:49,12.0,EXTORTION,24393.0,UPI,BANK_ICIC_SYNTH,STANDARD,ZONE_SOUTH,14,4,REGISTERED
CMP-2026-00646,2026-04-30 15:27:17,2026-04-30 16:23:59,56.7,LOAN_SCAM,37657.72,NEFT,BANK_HDFC_SYNTH,STANDARD,ZONE_CENTRAL,15,3,REGISTERED
CMP-2026-00647,2026-06-12 15:04:31,2026-06-12 15:18:19,13.8,PHISHING_UPI,51741.34,UPI,BANK_SBI_SYNTH,NEW_DIGITAL,ZONE_EAST,15,4,REGISTERED
CMP-2026-00648,2026-08-02 15:10:23,2026-08-02 15:35:59,25.6,EXTORTION,43701.38,UPI,BANK_HDFC_SYNTH,NEW_DIGITAL,ZONE_WEST,15,6,REGISTERED
CMP-2026-00649,2026-08-08 23:43:46,2026-08-09 01:35:22,111.6,LOAN_SCAM,17096.71,IMPS,BANK_SBI_SYNTH,NEW_DIGITAL,ZONE_CENTRAL,23,5,REGISTERED
CMP-2026-00650,2026-03-08 21:55:00,2026-03-08 22:19:18,24.3,TASK_FRAUD,86871.07,UPI,BANK_ICIC_SYNTH,NEW_DIGITAL,ZONE_CENTRAL,21,6,REGISTERED
CMP-2026-00651,2026-05-05 20:58:09,2026-05-05 21:43:15,45.1,INVESTMENT_FRAUD,47958.48,UPI,BANK_ICIC_SYNTH,STANDARD,ZONE_CENTRAL,20,1,REGISTERED
CMP-2026-00652,2026-06-08 18:58:45,2026-06-08 19:16:39,17.9,TASK_FRAUD,26104.2,IMPS,BANK_ICIC_SYNTH,NEW_DIGITAL,ZONE_SOUTH,18,0,REGISTERED
CMP-2026-00653,2026-04-14 08:58:46,2026-04-14 11:12:22,133.6,EXTORTION,20598.68,UPI,BANK_HDFC_SYNTH,STANDARD,ZONE_EAST,8,1,REGISTERED
CMP-2026-00654,2026-06-11 15:07:32,2026-06-11 17:13:08,125.6,LOAN_SCAM,7741.45,IMPS,BANK_ICIC_SYNTH,STANDARD,ZONE_CENTRAL,15,3,REGISTERED
CMP-2026-00655,2026-04-02 14:51:33,2026-04-02 15:40:21,48.8,TASK_FRAUD,29579.74,IMPS,BANK_SBI_SYNTH,RURAL_REGIONAL,ZONE_NORTH,14,3,REGISTERED
CMP-2026-00656,2026-08-19 13:04:56,2026-08-19 13:37:38,32.7,TASK_FRAUD,54926.54,IMPS,BANK_HDFC_SYNTH,NEW_DIGITAL,ZONE_NORTH,13,2,REGISTERED
CMP-2026-00657,2026-07-18 18:19:20,2026-07-18 20:39:08,139.8,INVESTMENT_FRAUD,38208.63,NEFT,BANK_SBI_SYNTH,STANDARD,ZONE_EAST,18,5,REGISTERED
CMP-2026-00658,2026-04-06 11:36:50,2026-04-06 12:13:44,36.9,PHISHING_UPI,28802.19,UPI,BANK_ICIC_SYNTH,NEW_DIGITAL,ZONE_SOUTH,11,0,REGISTERED
CMP-2026-00659,2026-05-23 13:37:31,2026-05-23 14:34:37,57.1,INVESTMENT_FRAUD,187331.92,IMPS,BANK_SBI_SYNTH,NEW_DIGITAL,ZONE_WEST,13,5,REGISTERED
CMP-2026-00660,2026-07-18 13:46:57,2026-07-18 14:42:15,55.3,INVESTMENT_FRAUD,68230.85,NEFT,BANK_ICIC_SYNTH,NEW_DIGITAL,ZONE_NORTH,13,5,REGISTERED
CMP-2026-00661,2026-08-15 11:01:14,2026-08-15 12:08:50,67.6,INVESTMENT_FRAUD,148586.21,UPI,BANK_ICIC_SYNTH,NEW_DIGITAL,ZONE_CENTRAL,11,5,REGISTERED
CMP-2026-00662,2026-08-19 16:00:48,2026-08-19 16:19:18,18.5,PHISHING_UPI,32052.73,IMPS,BANK_HDFC_SYNTH,NEW_DIGITAL,ZONE_CENTRAL,16,2,REGISTERED
CMP-2026-00663,2026-03-19 14:33:15,2026-03-19 15:09:21,36.1,TASK_FRAUD,73704.35,UPI,BANK_HDFC_SYNTH,STANDARD,ZONE_CENTRAL,14,3,REGISTERED
CMP-2026-00664,2026-08-23 20:09:45,2026-08-23 20:39:21,29.6,TASK_FRAUD,65730.22,UPI,BANK_ICIC_SYNTH,STANDARD,ZONE_WEST,20,6,REGISTERED
CMP-2026-00665,2026-08-13 11:57:54,2026-08-13 12:13:18,15.4,EXTORTION,33372.79,UPI,BANK_SBI_SYNTH,STANDARD,ZONE_CENTRAL,11,3,REGISTERED
CMP-2026-00666,2026-05-22 22:47:05,2026-05-22 23:12:41,25.6,PHISHING_UPI,43462.21,IMPS,BANK_SBI_SYNTH,RURAL_REGIONAL,ZONE_EAST,22,4,REGISTERED
CMP-2026-00667,2026-06-23 19:25:04,2026-06-23 19:50:16,25.2,TASK_FRAUD,28075.81,NEFT,BANK_ICIC_SYNTH,NEW_DIGITAL,ZONE_EAST,19,1,REGISTERED
CMP-2026-00668,2026-08-21 08:15:18,2026-08-21 08:37:24,22.1,EXTORTION,40848.99,UPI,BANK_AXIS_SYNTH,STANDARD,ZONE_CENTRAL,8,4,REGISTERED
CMP-2026-00669,2026-08-14 16:25:44,2026-08-14 16:41:44,16.0,PHISHING_UPI,49537.37,NEFT,BANK_SBI_SYNTH,NEW_DIGITAL,ZONE_NORTH,16,4,REGISTERED
CMP-2026-00670,2026-04-28 18:28:17,2026-04-28 19:45:35,77.3,EXTORTION,13309.53,NEFT,BANK_SBI_SYNTH,NEW_DIGITAL,ZONE_SOUTH,18,1,REGISTERED
CMP-2026-00671,2026-07-17 21:06:09,2026-07-17 21:51:33,45.4,INVESTMENT_FRAUD,79089.63,UPI,BANK_SBI_SYNTH,STANDARD,ZONE_SOUTH,21,4,REGISTERED
CMP-2026-00672,2026-05-23 21:26:07,2026-05-23 21:42:49,16.7,LOAN_SCAM,13931.38,NEFT,BANK_HDFC_SYNTH,STANDARD,ZONE_NORTH,21,5,REGISTERED
CMP-2026-00673,2026-05-23 13:54:07,2026-05-23 14:28:43,34.6,TASK_FRAUD,31425.93,IMPS,BANK_SBI_SYNTH,STANDARD,ZONE_NORTH,13,5,REGISTERED
CMP-2026-00674,2026-07-27 15:44:38,2026-07-27 16:08:08,23.5,EXTORTION,16516.11,IMPS,BANK_PNB_SYNTH,RURAL_REGIONAL,ZONE_NORTH,15,0,REGISTERED
CMP-2026-00675,2026-03-27 22:45:15,2026-03-27 23:48:03,62.8,INVESTMENT_FRAUD,197052.31,NEFT,BANK_AXIS_SYNTH,STANDARD,ZONE_SOUTH,22,4,REGISTERED
CMP-2026-00676,2026-05-11 10:03:43,2026-05-11 10:52:13,48.5,INVESTMENT_FRAUD,167972.04,UPI,BANK_SBI_SYNTH,NEW_DIGITAL,ZONE_NORTH,10,0,REGISTERED
CMP-2026-00677,2026-03-06 14:25:54,2026-03-06 14:48:48,22.9,EXTORTION,22058.25,UPI,BANK_ICIC_SYNTH,STANDARD,ZONE_CENTRAL,14,4,REGISTERED
CMP-2026-00678,2026-03-18 10:06:51,2026-03-18 11:00:03,53.2,INVESTMENT_FRAUD,118171.56,UPI,BANK_SBI_SYNTH,RURAL_REGIONAL,ZONE_CENTRAL,10,2,REGISTERED
CMP-2026-00679,2026-03-03 15:53:49,2026-03-03 16:09:01,15.2,PHISHING_UPI,54268.61,IMPS,BANK_SBI_SYNTH,RURAL_REGIONAL,ZONE_CENTRAL,15,1,REGISTERED
CMP-2026-00680,2026-03-24 14:52:25,2026-03-24 15:16:19,23.9,INVESTMENT_FRAUD,181479.0,UPI,BANK_PNB_SYNTH,RURAL_REGIONAL,ZONE_CENTRAL,14,1,REGISTERED
CMP-2026-00681,2026-06-13 13:16:58,2026-06-13 14:02:16,45.3,TASK_FRAUD,81655.36,UPI,BANK_SBI_SYNTH,STANDARD,ZONE_NORTH,13,5,REGISTERED
CMP-2026-00682,2026-08-27 07:12:57,2026-08-27 08:35:45,82.8,PHISHING_UPI,8740.56,UPI,BANK_SBI_SYNTH,STANDARD,ZONE_SOUTH,7,3,REGISTERED
CMP-2026-00683,2026-03-17 23:54:53,2026-03-18 01:09:17,74.4,INVESTMENT_FRAUD,44280.7,UPI,BANK_AXIS_SYNTH,STANDARD,ZONE_EAST,23,1,REGISTERED
CMP-2026-00684,2026-03-08 14:29:03,2026-03-08 14:56:03,27.0,PHISHING_UPI,31912.75,UPI,BANK_SBI_SYNTH,NEW_DIGITAL,ZONE_WEST,14,6,REGISTERED
CMP-2026-00685,2026-07-26 16:25:31,2026-07-26 17:27:55,62.4,INVESTMENT_FRAUD,116888.7,UPI,BANK_SBI_SYNTH,STANDARD,ZONE_NORTH,16,6,REGISTERED
CMP-2026-00686,2026-04-01 11:13:58,2026-04-01 11:26:46,12.8,PHISHING_UPI,26454.73,UPI,BANK_ICIC_SYNTH,NEW_DIGITAL,ZONE_CENTRAL,11,2,REGISTERED
CMP-2026-00687,2026-03-27 21:39:39,2026-03-27 22:52:51,73.2,INVESTMENT_FRAUD,134688.7,UPI,BANK_SBI_SYNTH,STANDARD,ZONE_EAST,21,4,REGISTERED
CMP-2026-00688,2026-05-29 21:56:35,2026-05-29 22:26:47,30.2,EXTORTION,33190.66,IMPS,BANK_SBI_SYNTH,RURAL_REGIONAL,ZONE_SOUTH,21,4,REGISTERED
CMP-2026-00689,2026-03-25 10:12:41,2026-03-25 10:35:29,22.8,INVESTMENT_FRAUD,168692.76,UPI,BANK_SBI_SYNTH,NEW_DIGITAL,ZONE_SOUTH,10,2,REGISTERED
CMP-2026-00690,2026-06-03 19:40:51,2026-06-03 20:04:51,24.0,PHISHING_UPI,13279.95,UPI,BANK_HDFC_SYNTH,STANDARD,ZONE_SOUTH,19,2,REGISTERED
CMP-2026-00691,2026-08-26 07:50:45,2026-08-26 08:14:09,23.4,EXTORTION,29410.22,UPI,BANK_SBI_SYNTH,NEW_DIGITAL,ZONE_EAST,7,2,REGISTERED
CMP-2026-00692,2026-05-01 23:36:32,2026-05-02 01:02:08,85.6,INVESTMENT_FRAUD,142767.56,UPI,BANK_HDFC_SYNTH,STANDARD,ZONE_EAST,23,4,REGISTERED
CMP-2026-00693,2026-04-02 13:20:38,2026-04-02 13:35:50,15.2,INVESTMENT_FRAUD,69711.39,UPI,BANK_PNB_SYNTH,NEW_DIGITAL,ZONE_WEST,13,3,REGISTERED
CMP-2026-00694,2026-03-11 21:30:33,2026-03-11 21:43:51,13.3,PHISHING_UPI,57560.17,IMPS,BANK_PNB_SYNTH,STANDARD,ZONE_EAST,21,2,REGISTERED
CMP-2026-00695,2026-03-19 07:42:15,2026-03-19 07:58:21,16.1,PHISHING_UPI,52923.35,NEFT,BANK_ICIC_SYNTH,NEW_DIGITAL,ZONE_WEST,7,3,REGISTERED
CMP-2026-00696,2026-08-18 15:36:54,2026-08-18 16:13:54,37.0,LOAN_SCAM,24510.02,NEFT,BANK_PNB_SYNTH,RURAL_REGIONAL,ZONE_CENTRAL,15,1,REGISTERED
CMP-2026-00697,2026-05-09 09:59:53,2026-05-09 10:29:35,29.7,TASK_FRAUD,21603.68,IMPS,BANK_ICIC_SYNTH,RURAL_REGIONAL,ZONE_NORTH,9,5,REGISTERED
CMP-2026-00698,2026-04-01 15:15:37,2026-04-01 15:43:31,27.9,INVESTMENT_FRAUD,43944.94,IMPS,BANK_SBI_SYNTH,STANDARD,ZONE_WEST,15,2,REGISTERED
CMP-2026-00699,2026-03-06 20:44:22,2026-03-06 21:41:22,57.0,INVESTMENT_FRAUD,100553.06,UPI,BANK_HDFC_SYNTH,RURAL_REGIONAL,ZONE_WEST,20,4,REGISTERED
CMP-2026-00700,2026-06-10 17:36:12,2026-06-10 17:48:12,12.0,PHISHING_UPI,50809.15,UPI,BANK_SBI_SYNTH,STANDARD,ZONE_NORTH,17,2,REGISTERED
CMP-2026-00701,2026-07-24 09:31:34,2026-07-24 10:25:10,53.6,EXTORTION,32459.12,UPI,BANK_SBI_SYNTH,NEW_DIGITAL,ZONE_NORTH,9,4,REGISTERED
CMP-2026-00702,2026-03-07 18:03:14,2026-03-07 19:10:38,67.4,INVESTMENT_FRAUD,164851.01,UPI,BANK_HDFC_SYNTH,STANDARD,ZONE_SOUTH,18,5,REGISTERED
CMP-2026-00703,2026-06-03 13:00:21,2026-06-03 14:29:39,89.3,INVESTMENT_FRAUD,98386.53,IMPS,BANK_SBI_SYNTH,NEW_DIGITAL,ZONE_WEST,13,2,REGISTERED
CMP-2026-00704,2026-04-06 12:08:21,2026-04-06 13:07:39,59.3,TASK_FRAUD,51494.55,UPI,BANK_SBI_SYNTH,STANDARD,ZONE_NORTH,12,0,REGISTERED
CMP-2026-00705,2026-03-11 17:09:37,2026-03-11 17:57:07,47.5,INVESTMENT_FRAUD,190399.72,IMPS,BANK_SBI_SYNTH,STANDARD,ZONE_EAST,17,2,REGISTERED
CMP-2026-00706,2026-07-31 17:55:23,2026-07-31 20:20:23,145.0,INVESTMENT_FRAUD,129648.6,IMPS,BANK_SBI_SYNTH,STANDARD,ZONE_CENTRAL,17,4,REGISTERED
CMP-2026-00707,2026-05-07 11:42:25,2026-05-07 11:57:43,15.3,TASK_FRAUD,86579.13,UPI,BANK_ICIC_SYNTH,NEW_DIGITAL,ZONE_EAST,11,3,REGISTERED
CMP-2026-00708,2026-04-24 12:08:10,2026-04-24 12:36:28,28.3,INVESTMENT_FRAUD,62818.84,IMPS,BANK_ICIC_SYNTH,RURAL_REGIONAL,ZONE_EAST,12,4,REGISTERED
CMP-2026-00709,2026-08-20 20:41:20,2026-08-20 21:36:26,55.1,TASK_FRAUD,50634.99,UPI,BANK_PNB_SYNTH,STANDARD,ZONE_EAST,20,3,REGISTERED
CMP-2026-00710,2026-04-10 18:37:52,2026-04-10 18:53:52,16.0,EXTORTION,14702.29,NEFT,BANK_SBI_SYNTH,NEW_DIGITAL,ZONE_CENTRAL,18,4,REGISTERED
CMP-2026-00711,2026-04-23 11:11:46,2026-04-23 13:15:28,123.7,LOAN_SCAM,34422.14,IMPS,BANK_ICIC_SYNTH,RURAL_REGIONAL,ZONE_CENTRAL,11,3,REGISTERED
CMP-2026-00712,2026-08-01 12:49:36,2026-08-01 14:23:42,94.1,LOAN_SCAM,18901.54,UPI,BANK_HDFC_SYNTH,NEW_DIGITAL,ZONE_CENTRAL,12,5,REGISTERED
CMP-2026-00713,2026-08-13 11:39:14,2026-08-13 12:17:26,38.2,PHISHING_UPI,25508.21,UPI,BANK_HDFC_SYNTH,NEW_DIGITAL,ZONE_SOUTH,11,3,REGISTERED
CMP-2026-00714,2026-08-16 19:09:21,2026-08-16 20:14:21,65.0,LOAN_SCAM,28357.29,UPI,BANK_SBI_SYNTH,STANDARD,ZONE_SOUTH,19,6,REGISTERED
CMP-2026-00715,2026-05-02 07:20:10,2026-05-02 07:54:46,34.6,INVESTMENT_FRAUD,148708.65,UPI,BANK_SBI_SYNTH,NEW_DIGITAL,ZONE_NORTH,7,5,REGISTERED
CMP-2026-00716,2026-06-29 16:46:56,2026-06-29 17:01:20,14.4,EXTORTION,17594.11,UPI,BANK_ICIC_SYNTH,NEW_DIGITAL,ZONE_WEST,16,0,REGISTERED
CMP-2026-00717,2026-04-17 13:15:44,2026-04-17 13:51:50,36.1,PHISHING_UPI,14603.6,UPI,BANK_AXIS_SYNTH,RURAL_REGIONAL,ZONE_EAST,13,4,REGISTERED
CMP-2026-00718,2026-07-20 18:46:00,2026-07-20 19:27:36,41.6,PHISHING_UPI,31533.3,UPI,BANK_ICIC_SYNTH,STANDARD,ZONE_CENTRAL,18,0,REGISTERED
CMP-2026-00719,2026-07-10 12:10:56,2026-07-10 12:51:20,40.4,EXTORTION,33295.82,UPI,BANK_HDFC_SYNTH,RURAL_REGIONAL,ZONE_EAST,12,4,REGISTERED
CMP-2026-00720,2026-05-03 16:24:06,2026-05-03 17:00:18,36.2,INVESTMENT_FRAUD,127465.83,IMPS,BANK_ICIC_SYNTH,NEW_DIGITAL,ZONE_EAST,16,6,REGISTERED
CMP-2026-00721,2026-07-20 14:36:41,2026-07-20 15:34:53,58.2,INVESTMENT_FRAUD,88903.69,UPI,BANK_SBI_SYNTH,STANDARD,ZONE_WEST,14,0,REGISTERED
CMP-2026-00722,2026-03-30 12:04:51,2026-03-30 12:40:39,35.8,TASK_FRAUD,34192.76,UPI,BANK_HDFC_SYNTH,RURAL_REGIONAL,ZONE_SOUTH,12,0,REGISTERED
CMP-2026-00723,2026-04-23 13:20:16,2026-04-23 15:08:04,107.8,EXTORTION,17185.81,NEFT,BANK_HDFC_SYNTH,NEW_DIGITAL,ZONE_WEST,13,3,REGISTERED
CMP-2026-00724,2026-03-14 12:10:56,2026-03-14 12:33:26,22.5,PHISHING_UPI,14016.24,IMPS,BANK_SBI_SYNTH,NEW_DIGITAL,ZONE_CENTRAL,12,5,REGISTERED
CMP-2026-00725,2026-08-09 13:05:21,2026-08-09 13:33:03,27.7,EXTORTION,30775.91,IMPS,BANK_ICIC_SYNTH,RURAL_REGIONAL,ZONE_NORTH,13,6,REGISTERED
CMP-2026-00726,2026-05-17 14:41:10,2026-05-17 14:54:52,13.7,PHISHING_UPI,41268.28,IMPS,BANK_SBI_SYNTH,NEW_DIGITAL,ZONE_CENTRAL,14,6,REGISTERED
CMP-2026-00727,2026-03-19 05:13:12,2026-03-19 05:43:48,30.6,EXTORTION,21941.92,NEFT,BANK_SBI_SYNTH,STANDARD,ZONE_WEST,5,3,REGISTERED
CMP-2026-00728,2026-04-23 12:06:03,2026-04-23 12:35:03,29.0,EXTORTION,10520.41,NEFT,BANK_HDFC_SYNTH,NEW_DIGITAL,ZONE_WEST,12,3,REGISTERED
CMP-2026-00729,2026-05-04 23:27:05,2026-05-04 23:55:11,28.1,INVESTMENT_FRAUD,105766.43,IMPS,BANK_ICIC_SYNTH,NEW_DIGITAL,ZONE_CENTRAL,23,0,REGISTERED
CMP-2026-00730,2026-04-05 11:01:13,2026-04-05 11:37:37,36.4,INVESTMENT_FRAUD,153710.89,NEFT,BANK_SBI_SYNTH,NEW_DIGITAL,ZONE_CENTRAL,11,6,REGISTERED
CMP-2026-00731,2026-05-25 23:07:19,2026-05-25 23:19:55,12.6,TASK_FRAUD,49000.78,IMPS,BANK_ICIC_SYNTH,STANDARD,ZONE_SOUTH,23,0,REGISTERED
CMP-2026-00732,2026-06-27 22:05:41,2026-06-27 22:30:05,24.4,TASK_FRAUD,88538.4,NEFT,BANK_SBI_SYNTH,STANDARD,ZONE_CENTRAL,22,5,REGISTERED
CMP-2026-00733,2026-05-08 13:11:28,2026-05-08 13:23:28,12.0,INVESTMENT_FRAUD,122157.39,IMPS,BANK_SBI_SYNTH,RURAL_REGIONAL,ZONE_CENTRAL,13,4,REGISTERED
CMP-2026-00734,2026-05-23 12:14:53,2026-05-23 12:39:23,24.5,PHISHING_UPI,51335.13,UPI,BANK_PNB_SYNTH,NEW_DIGITAL,ZONE_WEST,12,5,REGISTERED
CMP-2026-00735,2026-07-04 10:06:05,2026-07-04 10:58:29,52.4,EXTORTION,21830.11,UPI,BANK_HDFC_SYNTH,NEW_DIGITAL,ZONE_WEST,10,5,REGISTERED
CMP-2026-00736,2026-08-22 06:37:14,2026-08-22 07:45:14,68.0,TASK_FRAUD,34634.83,UPI,BANK_AXIS_SYNTH,NEW_DIGITAL,ZONE_NORTH,6,5,REGISTERED
CMP-2026-00737,2026-07-26 19:26:34,2026-07-26 20:25:40,59.1,PHISHING_UPI,40957.79,UPI,BANK_ICIC_SYNTH,NEW_DIGITAL,ZONE_NORTH,19,6,REGISTERED
CMP-2026-00738,2026-06-12 12:15:30,2026-06-12 12:32:42,17.2,TASK_FRAUD,52012.42,UPI,BANK_HDFC_SYNTH,STANDARD,ZONE_EAST,12,4,REGISTERED
CMP-2026-00739,2026-07-07 14:32:36,2026-07-07 16:22:18,109.7,LOAN_SCAM,18968.83,UPI,BANK_HDFC_SYNTH,NEW_DIGITAL,ZONE_SOUTH,14,1,REGISTERED
CMP-2026-00740,2026-07-23 12:43:39,2026-07-23 14:15:39,92.0,INVESTMENT_FRAUD,198695.21,UPI,BANK_ICIC_SYNTH,NEW_DIGITAL,ZONE_SOUTH,12,3,REGISTERED
CMP-2026-00741,2026-04-01 19:10:13,2026-04-01 19:54:43,44.5,PHISHING_UPI,29572.34,UPI,BANK_ICIC_SYNTH,NEW_DIGITAL,ZONE_EAST,19,2,REGISTERED
CMP-2026-00742,2026-03-08 14:05:43,2026-03-08 14:49:01,43.3,TASK_FRAUD,70677.13,UPI,BANK_ICIC_SYNTH,NEW_DIGITAL,ZONE_EAST,14,6,REGISTERED
CMP-2026-00743,2026-07-29 09:16:20,2026-07-29 09:43:20,27.0,INVESTMENT_FRAUD,119109.92,IMPS,BANK_HDFC_SYNTH,NEW_DIGITAL,ZONE_NORTH,9,2,REGISTERED
CMP-2026-00744,2026-08-12 09:04:05,2026-08-12 10:07:53,63.8,INVESTMENT_FRAUD,184222.89,NEFT,BANK_AXIS_SYNTH,STANDARD,ZONE_SOUTH,9,2,REGISTERED
CMP-2026-00745,2026-08-02 15:33:29,2026-08-02 16:15:23,41.9,EXTORTION,31192.36,IMPS,BANK_PNB_SYNTH,NEW_DIGITAL,ZONE_NORTH,15,6,REGISTERED
CMP-2026-00746,2026-03-03 21:44:39,2026-03-03 23:01:51,77.2,INVESTMENT_FRAUD,197014.38,NEFT,BANK_SBI_SYNTH,NEW_DIGITAL,ZONE_WEST,21,1,REGISTERED
CMP-2026-00747,2026-03-27 10:36:37,2026-03-27 12:02:31,85.9,LOAN_SCAM,23068.67,UPI,BANK_AXIS_SYNTH,STANDARD,ZONE_NORTH,10,4,REGISTERED
CMP-2026-00748,2026-08-14 20:36:49,2026-08-14 21:17:55,41.1,PHISHING_UPI,29596.76,UPI,BANK_HDFC_SYNTH,NEW_DIGITAL,ZONE_WEST,20,4,REGISTERED
CMP-2026-00749,2026-08-04 09:56:22,2026-08-04 11:03:34,67.2,INVESTMENT_FRAUD,86948.79,UPI,BANK_SBI_SYNTH,NEW_DIGITAL,ZONE_EAST,9,1,REGISTERED
CMP-2026-00750,2026-04-17 19:41:31,2026-04-17 19:53:31,12.0,PHISHING_UPI,21692.29,UPI,BANK_AXIS_SYNTH,NEW_DIGITAL,ZONE_EAST,19,4,REGISTERED
CMP-2026-00751,2026-04-19 10:09:39,2026-04-19 10:40:15,30.6,INVESTMENT_FRAUD,173502.33,UPI,BANK_ICIC_SYNTH,NEW_DIGITAL,ZONE_NORTH,10,6,REGISTERED
CMP-2026-00752,2026-03-07 12:56:56,2026-03-07 13:19:26,22.5,TASK_FRAUD,67132.51,UPI,BANK_ICIC_SYNTH,NEW_DIGITAL,ZONE_EAST,12,5,REGISTERED
CMP-2026-00753,2026-05-25 15:17:57,2026-05-25 16:04:45,46.8,TASK_FRAUD,71376.77,UPI,BANK_SBI_SYNTH,STANDARD,ZONE_SOUTH,15,0,REGISTERED
CMP-2026-00754,2026-07-26 13:19:19,2026-07-26 15:31:31,132.2,INVESTMENT_FRAUD,151741.27,UPI,BANK_PNB_SYNTH,NEW_DIGITAL,ZONE_CENTRAL,13,6,REGISTERED
CMP-2026-00755,2026-08-02 16:43:06,2026-08-02 16:55:06,12.0,PHISHING_UPI,47559.04,UPI,BANK_SBI_SYNTH,STANDARD,ZONE_EAST,16,6,REGISTERED
CMP-2026-00756,2026-04-11 09:19:47,2026-04-11 09:43:23,23.6,LOAN_SCAM,10359.72,UPI,BANK_SBI_SYNTH,RURAL_REGIONAL,ZONE_EAST,9,5,REGISTERED
CMP-2026-00757,2026-05-15 19:41:05,2026-05-15 20:46:53,65.8,EXTORTION,19998.36,IMPS,BANK_HDFC_SYNTH,NEW_DIGITAL,ZONE_WEST,19,4,REGISTERED
CMP-2026-00758,2026-08-12 12:26:47,2026-08-12 12:40:41,13.9,PHISHING_UPI,54113.05,UPI,BANK_HDFC_SYNTH,NEW_DIGITAL,ZONE_NORTH,12,2,REGISTERED
CMP-2026-00759,2026-07-26 16:32:50,2026-07-26 16:51:02,18.2,INVESTMENT_FRAUD,87830.73,NEFT,BANK_HDFC_SYNTH,STANDARD,ZONE_CENTRAL,16,6,REGISTERED
CMP-2026-00760,2026-05-12 18:49:54,2026-05-12 19:40:24,50.5,TASK_FRAUD,96351.75,NEFT,BANK_AXIS_SYNTH,NEW_DIGITAL,ZONE_EAST,18,1,REGISTERED
CMP-2026-00761,2026-08-05 10:12:53,2026-08-05 11:31:29,78.6,TASK_FRAUD,78488.24,UPI,BANK_SBI_SYNTH,STANDARD,ZONE_NORTH,10,2,REGISTERED
CMP-2026-00762,2026-05-22 14:58:23,2026-05-22 15:53:53,55.5,INVESTMENT_FRAUD,78280.31,IMPS,BANK_SBI_SYNTH,STANDARD,ZONE_EAST,14,4,REGISTERED
CMP-2026-00763,2026-05-06 13:29:32,2026-05-06 14:05:50,36.3,TASK_FRAUD,97105.41,UPI,BANK_SBI_SYNTH,NEW_DIGITAL,ZONE_NORTH,13,2,REGISTERED
CMP-2026-00764,2026-07-01 12:15:23,2026-07-01 12:53:53,38.5,PHISHING_UPI,11294.1,UPI,BANK_ICIC_SYNTH,NEW_DIGITAL,ZONE_SOUTH,12,2,REGISTERED
CMP-2026-00765,2026-04-01 17:55:30,2026-04-01 18:17:00,21.5,TASK_FRAUD,52183.57,IMPS,BANK_AXIS_SYNTH,NEW_DIGITAL,ZONE_CENTRAL,17,2,REGISTERED
CMP-2026-00766,2026-05-01 08:53:57,2026-05-01 09:24:39,30.7,INVESTMENT_FRAUD,148113.87,UPI,BANK_SBI_SYNTH,STANDARD,ZONE_NORTH,8,4,REGISTERED
CMP-2026-00767,2026-04-21 13:24:03,2026-04-21 14:01:33,37.5,INVESTMENT_FRAUD,178269.01,UPI,BANK_SBI_SYNTH,NEW_DIGITAL,ZONE_NORTH,13,1,REGISTERED
CMP-2026-00768,2026-08-02 12:41:14,2026-08-02 13:36:38,55.4,LOAN_SCAM,23205.61,UPI,BANK_PNB_SYNTH,NEW_DIGITAL,ZONE_WEST,12,6,REGISTERED
CMP-2026-00769,2026-06-26 17:32:01,2026-06-26 18:14:25,42.4,PHISHING_UPI,36185.68,IMPS,BANK_SBI_SYNTH,RURAL_REGIONAL,ZONE_WEST,17,4,REGISTERED
CMP-2026-00770,2026-08-22 21:43:00,2026-08-22 22:05:42,22.7,INVESTMENT_FRAUD,55960.54,UPI,BANK_SBI_SYNTH,NEW_DIGITAL,ZONE_EAST,21,5,REGISTERED
CMP-2026-00771,2026-06-25 21:38:51,2026-06-25 22:16:33,37.7,INVESTMENT_FRAUD,148626.43,NEFT,BANK_ICIC_SYNTH,RURAL_REGIONAL,ZONE_WEST,21,3,REGISTERED
CMP-2026-00772,2026-08-17 11:45:45,2026-08-17 12:02:45,17.0,PHISHING_UPI,33882.75,UPI,BANK_HDFC_SYNTH,STANDARD,ZONE_WEST,11,0,REGISTERED
CMP-2026-00773,2026-08-09 13:54:22,2026-08-09 14:17:46,23.4,LOAN_SCAM,8561.41,UPI,BANK_SBI_SYNTH,NEW_DIGITAL,ZONE_NORTH,13,6,REGISTERED
CMP-2026-00774,2026-05-24 16:43:33,2026-05-24 17:12:51,29.3,LOAN_SCAM,32923.08,NEFT,BANK_AXIS_SYNTH,NEW_DIGITAL,ZONE_EAST,16,6,REGISTERED
CMP-2026-00775,2026-05-11 13:06:00,2026-05-11 13:33:24,27.4,INVESTMENT_FRAUD,117118.51,UPI,BANK_PNB_SYNTH,NEW_DIGITAL,ZONE_SOUTH,13,0,REGISTERED
CMP-2026-00776,2026-06-10 21:38:38,2026-06-10 22:02:08,23.5,PHISHING_UPI,43281.73,UPI,BANK_SBI_SYNTH,NEW_DIGITAL,ZONE_NORTH,21,2,REGISTERED
CMP-2026-00777,2026-05-26 09:21:17,2026-05-26 10:18:11,56.9,INVESTMENT_FRAUD,39148.05,IMPS,BANK_PNB_SYNTH,STANDARD,ZONE_WEST,9,1,REGISTERED
CMP-2026-00778,2026-04-17 15:45:57,2026-04-17 16:06:39,20.7,PHISHING_UPI,8900.39,UPI,BANK_ICIC_SYNTH,RURAL_REGIONAL,ZONE_SOUTH,15,4,REGISTERED
CMP-2026-00779,2026-03-27 14:48:15,2026-03-27 15:15:21,27.1,TASK_FRAUD,39221.01,UPI,BANK_HDFC_SYNTH,STANDARD,ZONE_SOUTH,14,4,REGISTERED
CMP-2026-00780,2026-07-23 10:51:51,2026-07-23 11:05:21,13.5,TASK_FRAUD,58140.31,UPI,BANK_SBI_SYNTH,STANDARD,ZONE_NORTH,10,3,REGISTERED
CMP-2026-00781,2026-07-01 14:46:01,2026-07-01 15:15:07,29.1,INVESTMENT_FRAUD,44771.85,UPI,BANK_SBI_SYNTH,NEW_DIGITAL,ZONE_CENTRAL,14,2,REGISTERED
CMP-2026-00782,2026-04-16 14:26:25,2026-04-16 15:01:25,35.0,PHISHING_UPI,39069.48,IMPS,BANK_HDFC_SYNTH,STANDARD,ZONE_EAST,14,3,REGISTERED
CMP-2026-00783,2026-06-13 10:36:52,2026-06-13 11:23:04,46.2,EXTORTION,42863.11,IMPS,BANK_SBI_SYNTH,NEW_DIGITAL,ZONE_WEST,10,5,REGISTERED
CMP-2026-00784,2026-07-02 17:40:50,2026-07-02 18:09:20,28.5,EXTORTION,29588.16,IMPS,BANK_PNB_SYNTH,NEW_DIGITAL,ZONE_CENTRAL,17,3,REGISTERED
CMP-2026-00785,2026-05-31 16:54:10,2026-05-31 17:34:52,40.7,INVESTMENT_FRAUD,109806.15,UPI,BANK_ICIC_SYNTH,NEW_DIGITAL,ZONE_EAST,16,6,REGISTERED
CMP-2026-00786,2026-08-05 19:11:18,2026-08-05 19:33:48,22.5,INVESTMENT_FRAUD,113549.7,IMPS,BANK_ICIC_SYNTH,STANDARD,ZONE_NORTH,19,2,REGISTERED
CMP-2026-00787,2026-07-12 07:46:51,2026-07-12 09:05:57,79.1,TASK_FRAUD,33654.19,IMPS,BANK_PNB_SYNTH,NEW_DIGITAL,ZONE_EAST,7,6,REGISTERED
CMP-2026-00788,2026-08-18 19:57:21,2026-08-18 20:43:57,46.6,TASK_FRAUD,96499.68,IMPS,BANK_AXIS_SYNTH,STANDARD,ZONE_SOUTH,19,1,REGISTERED
CMP-2026-00789,2026-07-12 20:19:26,2026-07-12 21:20:08,60.7,LOAN_SCAM,22466.27,NEFT,BANK_HDFC_SYNTH,STANDARD,ZONE_WEST,20,6,REGISTERED
CMP-2026-00790,2026-05-06 15:37:18,2026-05-06 16:05:18,28.0,TASK_FRAUD,98451.86,UPI,BANK_HDFC_SYNTH,NEW_DIGITAL,ZONE_EAST,15,2,REGISTERED
CMP-2026-00791,2026-05-24 11:55:40,2026-05-24 13:01:58,66.3,TASK_FRAUD,70431.82,NEFT,BANK_HDFC_SYNTH,STANDARD,ZONE_SOUTH,11,6,REGISTERED
CMP-2026-00792,2026-05-24 14:12:32,2026-05-24 15:16:32,64.0,INVESTMENT_FRAUD,90079.46,IMPS,BANK_ICIC_SYNTH,NEW_DIGITAL,ZONE_SOUTH,14,6,REGISTERED
CMP-2026-00793,2026-06-04 17:26:03,2026-06-04 17:38:39,12.6,PHISHING_UPI,52226.96,UPI,BANK_ICIC_SYNTH,STANDARD,ZONE_CENTRAL,17,3,REGISTERED
CMP-2026-00794,2026-03-28 12:12:21,2026-03-28 15:30:45,198.4,LOAN_SCAM,9956.4,IMPS,BANK_HDFC_SYNTH,RURAL_REGIONAL,ZONE_WEST,12,5,REGISTERED
CMP-2026-00795,2026-03-26 17:55:45,2026-03-26 18:17:39,21.9,EXTORTION,49824.17,UPI,BANK_HDFC_SYNTH,STANDARD,ZONE_SOUTH,17,3,REGISTERED
CMP-2026-00796,2026-05-27 16:40:11,2026-05-27 17:48:17,68.1,INVESTMENT_FRAUD,142265.25,IMPS,BANK_AXIS_SYNTH,NEW_DIGITAL,ZONE_WEST,16,2,REGISTERED
CMP-2026-00797,2026-03-01 11:17:13,2026-03-01 11:54:13,37.0,INVESTMENT_FRAUD,57561.34,IMPS,BANK_SBI_SYNTH,RURAL_REGIONAL,ZONE_EAST,11,6,REGISTERED
CMP-2026-00798,2026-06-12 09:10:31,2026-06-12 09:47:19,36.8,TASK_FRAUD,53959.43,UPI,BANK_SBI_SYNTH,RURAL_REGIONAL,ZONE_WEST,9,4,REGISTERED
CMP-2026-00799,2026-03-24 16:27:40,2026-03-24 16:53:28,25.8,TASK_FRAUD,97456.63,NEFT,BANK_PNB_SYNTH,NEW_DIGITAL,ZONE_NORTH,16,1,REGISTERED
CMP-2026-00800,2026-08-21 10:24:00,2026-08-21 10:50:36,26.6,TASK_FRAUD,83507.46,IMPS,BANK_SBI_SYNTH,NEW_DIGITAL,ZONE_CENTRAL,10,4,REGISTERED
CMP-2026-00801,2026-08-19 08:57:20,2026-08-19 09:37:50,40.5,LOAN_SCAM,8321.78,UPI,BANK_HDFC_SYNTH,STANDARD,ZONE_NORTH,8,2,REGISTERED
CMP-2026-00802,2026-03-04 19:00:40,2026-03-04 19:19:58,19.3,PHISHING_UPI,42080.57,IMPS,BANK_ICIC_SYNTH,NEW_DIGITAL,ZONE_EAST,19,2,REGISTERED
CMP-2026-00803,2026-07-03 14:22:19,2026-07-03 14:48:37,26.3,INVESTMENT_FRAUD,198817.09,IMPS,BANK_HDFC_SYNTH,NEW_DIGITAL,ZONE_WEST,14,4,REGISTERED
CMP-2026-00804,2026-04-25 19:04:52,2026-04-25 19:50:40,45.8,TASK_FRAUD,26334.91,UPI,BANK_SBI_SYNTH,NEW_DIGITAL,ZONE_EAST,19,5,REGISTERED
CMP-2026-00805,2026-05-22 11:33:38,2026-05-22 11:58:44,25.1,INVESTMENT_FRAUD,177075.38,UPI,BANK_ICIC_SYNTH,NEW_DIGITAL,ZONE_WEST,11,4,REGISTERED
CMP-2026-00806,2026-08-07 12:08:21,2026-08-07 12:45:21,37.0,INVESTMENT_FRAUD,167765.88,UPI,BANK_ICIC_SYNTH,STANDARD,ZONE_SOUTH,12,4,REGISTERED
CMP-2026-00807,2026-05-28 18:48:12,2026-05-28 19:06:24,18.2,PHISHING_UPI,34856.28,UPI,BANK_SBI_SYNTH,STANDARD,ZONE_SOUTH,18,3,REGISTERED
CMP-2026-00808,2026-04-10 14:08:13,2026-04-10 14:31:01,22.8,EXTORTION,45175.88,UPI,BANK_ICIC_SYNTH,NEW_DIGITAL,ZONE_CENTRAL,14,4,REGISTERED
CMP-2026-00809,2026-03-23 22:45:41,2026-03-23 23:07:59,22.3,LOAN_SCAM,18806.96,NEFT,BANK_ICIC_SYNTH,STANDARD,ZONE_WEST,22,0,REGISTERED
CMP-2026-00810,2026-04-16 20:34:39,2026-04-16 22:34:27,119.8,LOAN_SCAM,27275.01,IMPS,BANK_ICIC_SYNTH,NEW_DIGITAL,ZONE_NORTH,20,3,REGISTERED
CMP-2026-00811,2026-06-28 07:41:53,2026-06-28 08:00:17,18.4,EXTORTION,42014.57,UPI,BANK_ICIC_SYNTH,STANDARD,ZONE_SOUTH,7,6,REGISTERED
CMP-2026-00812,2026-05-08 04:35:16,2026-05-08 04:49:58,14.7,PHISHING_UPI,32301.94,UPI,BANK_AXIS_SYNTH,STANDARD,ZONE_NORTH,4,4,REGISTERED
CMP-2026-00813,2026-04-06 16:43:40,2026-04-06 16:59:52,16.2,TASK_FRAUD,55912.94,UPI,BANK_SBI_SYNTH,NEW_DIGITAL,ZONE_WEST,16,0,REGISTERED
CMP-2026-00814,2026-06-28 10:42:33,2026-06-28 11:22:51,40.3,INVESTMENT_FRAUD,45495.48,UPI,BANK_HDFC_SYNTH,STANDARD,ZONE_SOUTH,10,6,REGISTERED
CMP-2026-00815,2026-05-15 16:57:06,2026-05-15 19:10:48,133.7,INVESTMENT_FRAUD,36524.86,IMPS,BANK_SBI_SYNTH,STANDARD,ZONE_NORTH,16,4,REGISTERED
CMP-2026-00816,2026-04-20 13:50:06,2026-04-20 14:21:18,31.2,INVESTMENT_FRAUD,66029.66,UPI,BANK_ICIC_SYNTH,NEW_DIGITAL,ZONE_SOUTH,13,0,REGISTERED
CMP-2026-00817,2026-07-19 09:53:33,2026-07-19 10:05:33,12.0,TASK_FRAUD,70200.49,IMPS,BANK_ICIC_SYNTH,STANDARD,ZONE_WEST,9,6,REGISTERED
CMP-2026-00818,2026-05-04 15:26:18,2026-05-04 17:29:48,123.5,INVESTMENT_FRAUD,154390.82,IMPS,BANK_SBI_SYNTH,STANDARD,ZONE_WEST,15,0,REGISTERED
CMP-2026-00819,2026-08-11 19:44:59,2026-08-11 19:58:11,13.2,PHISHING_UPI,56843.15,IMPS,BANK_ICIC_SYNTH,STANDARD,ZONE_NORTH,19,1,REGISTERED
CMP-2026-00820,2026-06-29 13:58:07,2026-06-29 14:12:49,14.7,TASK_FRAUD,98566.19,UPI,BANK_SBI_SYNTH,NEW_DIGITAL,ZONE_WEST,13,0,REGISTERED
CMP-2026-00821,2026-06-29 11:09:05,2026-06-29 11:34:53,25.8,TASK_FRAUD,38660.14,IMPS,BANK_SBI_SYNTH,STANDARD,ZONE_EAST,11,0,REGISTERED
CMP-2026-00822,2026-07-09 17:06:57,2026-07-09 19:01:39,114.7,INVESTMENT_FRAUD,63639.4,NEFT,BANK_PNB_SYNTH,NEW_DIGITAL,ZONE_CENTRAL,17,3,REGISTERED
CMP-2026-00823,2026-05-22 12:18:16,2026-05-22 13:28:58,70.7,INVESTMENT_FRAUD,132412.86,UPI,BANK_SBI_SYNTH,NEW_DIGITAL,ZONE_CENTRAL,12,4,REGISTERED
CMP-2026-00824,2026-07-25 10:55:02,2026-07-25 11:26:56,31.9,PHISHING_UPI,27627.6,NEFT,BANK_SBI_SYNTH,RURAL_REGIONAL,ZONE_CENTRAL,10,5,REGISTERED
CMP-2026-00825,2026-05-04 11:43:20,2026-05-04 12:14:38,31.3,TASK_FRAUD,84958.52,UPI,BANK_SBI_SYNTH,NEW_DIGITAL,ZONE_WEST,11,0,REGISTERED
CMP-2026-00826,2026-03-18 16:48:56,2026-03-18 17:20:38,31.7,TASK_FRAUD,70204.48,UPI,BANK_SBI_SYNTH,NEW_DIGITAL,ZONE_EAST,16,2,REGISTERED
CMP-2026-00827,2026-06-28 10:10:21,2026-06-28 10:51:45,41.4,PHISHING_UPI,19204.54,UPI,BANK_AXIS_SYNTH,STANDARD,ZONE_EAST,10,6,REGISTERED
CMP-2026-00828,2026-08-19 13:17:56,2026-08-19 13:46:14,28.3,TASK_FRAUD,87659.59,UPI,BANK_ICIC_SYNTH,STANDARD,ZONE_WEST,13,2,REGISTERED
CMP-2026-00829,2026-07-25 06:11:07,2026-07-25 06:26:07,15.0,INVESTMENT_FRAUD,138507.32,UPI,BANK_AXIS_SYNTH,STANDARD,ZONE_NORTH,6,5,REGISTERED
CMP-2026-00830,2026-04-18 16:24:44,2026-04-18 17:53:56,89.2,INVESTMENT_FRAUD,143143.59,UPI,BANK_ICIC_SYNTH,STANDARD,ZONE_WEST,16,5,REGISTERED
CMP-2026-00831,2026-07-22 18:41:56,2026-07-22 19:30:56,49.0,INVESTMENT_FRAUD,129627.43,NEFT,BANK_SBI_SYNTH,RURAL_REGIONAL,ZONE_EAST,18,2,REGISTERED
CMP-2026-00832,2026-07-09 17:54:10,2026-07-09 18:25:28,31.3,TASK_FRAUD,23590.48,NEFT,BANK_HDFC_SYNTH,NEW_DIGITAL,ZONE_CENTRAL,17,3,REGISTERED
CMP-2026-00833,2026-07-01 23:11:39,2026-07-01 23:31:21,19.7,INVESTMENT_FRAUD,109947.59,UPI,BANK_PNB_SYNTH,STANDARD,ZONE_EAST,23,2,REGISTERED
CMP-2026-00834,2026-06-19 22:55:43,2026-06-19 23:07:43,12.0,PHISHING_UPI,40699.43,UPI,BANK_PNB_SYNTH,NEW_DIGITAL,ZONE_NORTH,22,4,REGISTERED
CMP-2026-00835,2026-07-09 08:57:08,2026-07-09 10:24:20,87.2,INVESTMENT_FRAUD,131545.07,UPI,BANK_SBI_SYNTH,NEW_DIGITAL,ZONE_EAST,8,3,REGISTERED
CMP-2026-00836,2026-03-21 12:26:28,2026-03-21 13:03:52,37.4,INVESTMENT_FRAUD,172244.57,NEFT,BANK_HDFC_SYNTH,NEW_DIGITAL,ZONE_CENTRAL,12,5,REGISTERED
CMP-2026-00837,2026-06-26 16:00:45,2026-06-26 17:16:09,75.4,INVESTMENT_FRAUD,90856.89,UPI,BANK_HDFC_SYNTH,STANDARD,ZONE_WEST,16,4,REGISTERED
CMP-2026-00838,2026-06-03 23:47:36,2026-06-04 02:12:12,144.6,LOAN_SCAM,30630.17,IMPS,BANK_PNB_SYNTH,NEW_DIGITAL,ZONE_CENTRAL,23,2,REGISTERED
CMP-2026-00839,2026-08-24 19:42:55,2026-08-24 23:11:19,208.4,INVESTMENT_FRAUD,136510.46,IMPS,BANK_SBI_SYNTH,STANDARD,ZONE_CENTRAL,19,0,REGISTERED
CMP-2026-00840,2026-05-17 16:46:15,2026-05-17 17:10:21,24.1,INVESTMENT_FRAUD,63268.55,IMPS,BANK_ICIC_SYNTH,STANDARD,ZONE_WEST,16,6,REGISTERED
CMP-2026-00841,2026-07-27 19:57:39,2026-07-27 20:29:09,31.5,INVESTMENT_FRAUD,70494.9,IMPS,BANK_AXIS_SYNTH,STANDARD,ZONE_CENTRAL,19,0,REGISTERED
CMP-2026-00842,2026-05-31 18:30:54,2026-05-31 19:13:42,42.8,TASK_FRAUD,71592.51,NEFT,BANK_ICIC_SYNTH,RURAL_REGIONAL,ZONE_EAST,18,6,REGISTERED
CMP-2026-00843,2026-05-28 15:15:21,2026-05-28 16:58:45,103.4,INVESTMENT_FRAUD,105217.96,UPI,BANK_ICIC_SYNTH,STANDARD,ZONE_WEST,15,3,REGISTERED
CMP-2026-00844,2026-03-10 22:14:35,2026-03-10 22:26:35,12.0,TASK_FRAUD,77634.7,IMPS,BANK_SBI_SYNTH,STANDARD,ZONE_CENTRAL,22,1,REGISTERED
CMP-2026-00845,2026-03-15 11:28:51,2026-03-15 11:51:15,22.4,TASK_FRAUD,76155.78,IMPS,BANK_ICIC_SYNTH,STANDARD,ZONE_SOUTH,11,6,REGISTERED
CMP-2026-00846,2026-08-02 06:28:20,2026-08-02 06:58:02,29.7,TASK_FRAUD,33229.63,NEFT,BANK_SBI_SYNTH,RURAL_REGIONAL,ZONE_WEST,6,6,REGISTERED
CMP-2026-00847,2026-03-04 10:25:26,2026-03-04 10:37:26,12.0,EXTORTION,32367.44,UPI,BANK_HDFC_SYNTH,NEW_DIGITAL,ZONE_WEST,10,2,REGISTERED
CMP-2026-00848,2026-07-21 14:39:40,2026-07-21 15:21:04,41.4,INVESTMENT_FRAUD,169133.19,UPI,BANK_ICIC_SYNTH,NEW_DIGITAL,ZONE_SOUTH,14,1,REGISTERED
CMP-2026-00849,2026-06-26 15:29:21,2026-06-26 15:44:39,15.3,EXTORTION,30305.47,IMPS,BANK_HDFC_SYNTH,NEW_DIGITAL,ZONE_NORTH,15,4,REGISTERED
CMP-2026-00850,2026-07-25 15:54:29,2026-07-25 16:21:23,26.9,TASK_FRAUD,66169.78,IMPS,BANK_ICIC_SYNTH,RURAL_REGIONAL,ZONE_WEST,15,5,REGISTERED
CMP-2026-00851,2026-07-07 07:23:45,2026-07-07 07:53:33,29.8,INVESTMENT_FRAUD,100542.54,IMPS,BANK_AXIS_SYNTH,STANDARD,ZONE_NORTH,7,1,REGISTERED
CMP-2026-00852,2026-07-15 17:14:00,2026-07-15 17:32:30,18.5,PHISHING_UPI,21260.11,IMPS,BANK_AXIS_SYNTH,STANDARD,ZONE_EAST,17,2,REGISTERED
CMP-2026-00853,2026-05-07 13:06:02,2026-05-07 14:09:44,63.7,INVESTMENT_FRAUD,188510.5,UPI,BANK_PNB_SYNTH,NEW_DIGITAL,ZONE_WEST,13,3,REGISTERED
CMP-2026-00854,2026-05-28 03:52:45,2026-05-28 04:47:57,55.2,TASK_FRAUD,79262.39,IMPS,BANK_ICIC_SYNTH,STANDARD,ZONE_CENTRAL,3,3,REGISTERED
CMP-2026-00855,2026-03-20 13:39:12,2026-03-20 14:23:54,44.7,PHISHING_UPI,39376.47,NEFT,BANK_PNB_SYNTH,NEW_DIGITAL,ZONE_EAST,13,4,REGISTERED
CMP-2026-00856,2026-07-27 14:12:45,2026-07-27 14:48:03,35.3,TASK_FRAUD,89768.49,UPI,BANK_SBI_SYNTH,RURAL_REGIONAL,ZONE_EAST,14,0,REGISTERED
CMP-2026-00857,2026-06-22 14:43:37,2026-06-22 15:12:55,29.3,TASK_FRAUD,94442.34,IMPS,BANK_HDFC_SYNTH,NEW_DIGITAL,ZONE_EAST,14,0,REGISTERED
CMP-2026-00858,2026-06-15 22:32:08,2026-06-15 22:56:44,24.6,TASK_FRAUD,46071.21,UPI,BANK_ICIC_SYNTH,RURAL_REGIONAL,ZONE_EAST,22,0,REGISTERED
CMP-2026-00859,2026-03-01 08:47:03,2026-03-01 09:27:15,40.2,TASK_FRAUD,90419.84,NEFT,BANK_PNB_SYNTH,STANDARD,ZONE_SOUTH,8,6,REGISTERED
CMP-2026-00860,2026-05-26 23:32:49,2026-05-26 23:56:49,24.0,PHISHING_UPI,18875.34,IMPS,BANK_ICIC_SYNTH,NEW_DIGITAL,ZONE_WEST,23,1,REGISTERED
CMP-2026-00861,2026-04-01 17:37:11,2026-04-01 17:55:35,18.4,PHISHING_UPI,37777.14,UPI,BANK_SBI_SYNTH,STANDARD,ZONE_CENTRAL,17,2,REGISTERED
CMP-2026-00862,2026-03-19 17:42:38,2026-03-19 18:31:50,49.2,INVESTMENT_FRAUD,139664.34,IMPS,BANK_ICIC_SYNTH,NEW_DIGITAL,ZONE_WEST,17,3,REGISTERED
CMP-2026-00863,2026-05-30 18:24:26,2026-05-30 18:42:38,18.2,PHISHING_UPI,47304.34,UPI,BANK_AXIS_SYNTH,RURAL_REGIONAL,ZONE_CENTRAL,18,5,REGISTERED
CMP-2026-00864,2026-08-12 05:48:15,2026-08-12 06:48:03,59.8,INVESTMENT_FRAUD,78872.71,UPI,BANK_SBI_SYNTH,STANDARD,ZONE_CENTRAL,5,2,REGISTERED
CMP-2026-00865,2026-08-22 11:28:51,2026-08-22 12:37:45,68.9,EXTORTION,32525.06,UPI,BANK_HDFC_SYNTH,NEW_DIGITAL,ZONE_NORTH,11,5,REGISTERED
CMP-2026-00866,2026-06-17 18:56:47,2026-06-17 22:15:29,198.7,LOAN_SCAM,20502.8,IMPS,BANK_HDFC_SYNTH,RURAL_REGIONAL,ZONE_WEST,18,2,REGISTERED
CMP-2026-00867,2026-07-07 15:59:35,2026-07-07 16:50:53,51.3,TASK_FRAUD,39326.8,IMPS,BANK_ICIC_SYNTH,NEW_DIGITAL,ZONE_SOUTH,15,1,REGISTERED
CMP-2026-00868,2026-04-07 18:45:18,2026-04-07 21:57:00,191.7,INVESTMENT_FRAUD,183409.76,NEFT,BANK_HDFC_SYNTH,RURAL_REGIONAL,ZONE_EAST,18,1,REGISTERED
CMP-2026-00869,2026-08-24 18:41:11,2026-08-24 19:04:29,23.3,INVESTMENT_FRAUD,166590.37,UPI,BANK_ICIC_SYNTH,NEW_DIGITAL,ZONE_SOUTH,18,0,REGISTERED
CMP-2026-00870,2026-07-15 19:35:30,2026-07-15 20:31:24,55.9,TASK_FRAUD,93190.89,UPI,BANK_HDFC_SYNTH,NEW_DIGITAL,ZONE_CENTRAL,19,2,REGISTERED
CMP-2026-00871,2026-06-30 11:57:53,2026-06-30 12:19:41,21.8,EXTORTION,18652.04,IMPS,BANK_ICIC_SYNTH,NEW_DIGITAL,ZONE_SOUTH,11,1,REGISTERED
CMP-2026-00872,2026-06-03 23:01:24,2026-06-03 23:22:12,20.8,PHISHING_UPI,49589.64,UPI,BANK_SBI_SYNTH,NEW_DIGITAL,ZONE_NORTH,23,2,REGISTERED
CMP-2026-00873,2026-04-05 06:48:50,2026-04-05 07:16:26,27.6,PHISHING_UPI,25960.53,IMPS,BANK_SBI_SYNTH,NEW_DIGITAL,ZONE_CENTRAL,6,6,REGISTERED
CMP-2026-00874,2026-07-02 18:09:53,2026-07-02 19:33:47,83.9,EXTORTION,26164.39,UPI,BANK_HDFC_SYNTH,STANDARD,ZONE_NORTH,18,3,REGISTERED
CMP-2026-00875,2026-04-06 12:34:02,2026-04-06 13:10:50,36.8,PHISHING_UPI,5980.86,UPI,BANK_SBI_SYNTH,NEW_DIGITAL,ZONE_CENTRAL,12,0,REGISTERED
CMP-2026-00876,2026-03-19 12:55:43,2026-03-19 13:52:55,57.2,INVESTMENT_FRAUD,155743.06,UPI,BANK_HDFC_SYNTH,NEW_DIGITAL,ZONE_SOUTH,12,3,REGISTERED
CMP-2026-00877,2026-07-12 18:35:24,2026-07-12 19:13:18,37.9,TASK_FRAUD,82860.22,NEFT,BANK_HDFC_SYNTH,NEW_DIGITAL,ZONE_SOUTH,18,6,REGISTERED
CMP-2026-00878,2026-03-09 11:24:24,2026-03-09 12:10:30,46.1,TASK_FRAUD,84773.94,IMPS,BANK_ICIC_SYNTH,NEW_DIGITAL,ZONE_WEST,11,0,REGISTERED
CMP-2026-00879,2026-03-10 11:47:16,2026-03-10 12:46:22,59.1,INVESTMENT_FRAUD,132388.15,IMPS,BANK_SBI_SYNTH,STANDARD,ZONE_SOUTH,11,1,REGISTERED
CMP-2026-00880,2026-07-28 16:58:40,2026-07-28 17:54:58,56.3,EXTORTION,14495.32,UPI,BANK_PNB_SYNTH,NEW_DIGITAL,ZONE_EAST,16,1,REGISTERED
CMP-2026-00881,2026-06-07 16:38:12,2026-06-07 17:09:00,30.8,INVESTMENT_FRAUD,156278.83,UPI,BANK_SBI_SYNTH,STANDARD,ZONE_WEST,16,6,REGISTERED
CMP-2026-00882,2026-04-22 21:11:43,2026-04-22 21:44:49,33.1,EXTORTION,33254.66,IMPS,BANK_SBI_SYNTH,NEW_DIGITAL,ZONE_WEST,21,2,REGISTERED
CMP-2026-00883,2026-03-22 13:02:27,2026-03-22 13:14:27,12.0,PHISHING_UPI,55744.27,UPI,BANK_SBI_SYNTH,NEW_DIGITAL,ZONE_CENTRAL,13,6,REGISTERED
CMP-2026-00884,2026-06-14 13:16:00,2026-06-14 13:28:00,12.0,PHISHING_UPI,57201.19,NEFT,BANK_SBI_SYNTH,STANDARD,ZONE_CENTRAL,13,6,REGISTERED
CMP-2026-00885,2026-08-15 15:38:03,2026-08-15 15:55:39,17.6,PHISHING_UPI,26765.53,UPI,BANK_PNB_SYNTH,NEW_DIGITAL,ZONE_NORTH,15,5,REGISTERED
CMP-2026-00886,2026-05-28 16:36:35,2026-05-28 17:09:17,32.7,INVESTMENT_FRAUD,44785.97,UPI,BANK_PNB_SYNTH,STANDARD,ZONE_NORTH,16,3,REGISTERED
CMP-2026-00887,2026-08-20 23:33:04,2026-08-21 00:17:22,44.3,LOAN_SCAM,24217.91,IMPS,BANK_HDFC_SYNTH,RURAL_REGIONAL,ZONE_WEST,23,3,REGISTERED
CMP-2026-00888,2026-05-14 14:34:25,2026-05-14 15:01:49,27.4,PHISHING_UPI,59972.3,UPI,BANK_HDFC_SYNTH,STANDARD,ZONE_EAST,14,3,REGISTERED
CMP-2026-00889,2026-08-07 17:42:21,2026-08-07 18:05:45,23.4,INVESTMENT_FRAUD,74190.16,UPI,BANK_HDFC_SYNTH,NEW_DIGITAL,ZONE_CENTRAL,17,4,REGISTERED
CMP-2026-00890,2026-04-09 16:48:39,2026-04-09 17:25:21,36.7,TASK_FRAUD,55037.12,UPI,BANK_SBI_SYNTH,STANDARD,ZONE_WEST,16,3,REGISTERED
CMP-2026-00891,2026-03-21 23:22:28,2026-03-21 23:34:28,12.0,TASK_FRAUD,56611.65,UPI,BANK_ICIC_SYNTH,STANDARD,ZONE_WEST,23,5,REGISTERED
CMP-2026-00892,2026-08-20 18:43:56,2026-08-20 19:39:02,55.1,INVESTMENT_FRAUD,186501.87,IMPS,BANK_AXIS_SYNTH,RURAL_REGIONAL,ZONE_CENTRAL,18,3,REGISTERED
CMP-2026-00893,2026-05-09 20:34:46,2026-05-09 21:12:52,38.1,INVESTMENT_FRAUD,36284.36,IMPS,BANK_SBI_SYNTH,NEW_DIGITAL,ZONE_EAST,20,5,REGISTERED
CMP-2026-00894,2026-06-01 14:32:28,2026-06-01 15:08:10,35.7,INVESTMENT_FRAUD,141766.58,UPI,BANK_HDFC_SYNTH,NEW_DIGITAL,ZONE_WEST,14,0,REGISTERED
CMP-2026-00895,2026-08-09 16:12:20,2026-08-09 19:22:20,190.0,LOAN_SCAM,11280.58,UPI,BANK_SBI_SYNTH,STANDARD,ZONE_EAST,16,6,REGISTERED
CMP-2026-00896,2026-03-31 19:49:34,2026-03-31 21:38:10,108.6,INVESTMENT_FRAUD,112456.75,IMPS,BANK_HDFC_SYNTH,NEW_DIGITAL,ZONE_NORTH,19,1,REGISTERED
CMP-2026-00897,2026-04-07 08:40:49,2026-04-07 09:11:01,30.2,TASK_FRAUD,98314.37,UPI,BANK_HDFC_SYNTH,STANDARD,ZONE_NORTH,8,1,REGISTERED
CMP-2026-00898,2026-07-29 08:13:34,2026-07-29 08:25:34,12.0,PHISHING_UPI,47596.26,UPI,BANK_HDFC_SYNTH,NEW_DIGITAL,ZONE_EAST,8,2,REGISTERED
CMP-2026-00899,2026-08-06 05:47:49,2026-08-06 06:23:19,35.5,INVESTMENT_FRAUD,59028.74,UPI,BANK_HDFC_SYNTH,RURAL_REGIONAL,ZONE_CENTRAL,5,3,REGISTERED
CMP-2026-00900,2026-07-13 21:09:01,2026-07-13 21:21:01,12.0,PHISHING_UPI,50470.02,UPI,BANK_HDFC_SYNTH,STANDARD,ZONE_WEST,21,0,REGISTERED
CMP-2026-00901,2026-03-14 20:11:50,2026-03-14 20:41:38,29.8,TASK_FRAUD,44910.04,NEFT,BANK_SBI_SYNTH,NEW_DIGITAL,ZONE_EAST,20,5,REGISTERED
CMP-2026-00902,2026-04-10 10:16:26,2026-04-10 10:30:32,14.1,PHISHING_UPI,7796.97,UPI,BANK_SBI_SYNTH,STANDARD,ZONE_CENTRAL,10,4,REGISTERED
CMP-2026-00903,2026-05-17 21:01:24,2026-05-17 21:19:00,17.6,PHISHING_UPI,29527.1,UPI,BANK_ICIC_SYNTH,STANDARD,ZONE_NORTH,21,6,REGISTERED
CMP-2026-00904,2026-06-24 19:39:04,2026-06-24 19:51:04,12.0,EXTORTION,19113.73,UPI,BANK_HDFC_SYNTH,RURAL_REGIONAL,ZONE_EAST,19,2,REGISTERED
CMP-2026-00905,2026-07-05 10:04:22,2026-07-05 11:53:16,108.9,LOAN_SCAM,8653.0,NEFT,BANK_PNB_SYNTH,STANDARD,ZONE_NORTH,10,6,REGISTERED
CMP-2026-00906,2026-03-20 11:50:43,2026-03-20 12:35:37,44.9,TASK_FRAUD,25720.24,UPI,BANK_ICIC_SYNTH,NEW_DIGITAL,ZONE_SOUTH,11,4,REGISTERED
CMP-2026-00907,2026-04-20 13:59:28,2026-04-20 14:38:22,38.9,LOAN_SCAM,38479.98,IMPS,BANK_ICIC_SYNTH,NEW_DIGITAL,ZONE_WEST,13,0,REGISTERED
CMP-2026-00908,2026-05-25 14:34:14,2026-05-25 15:10:38,36.4,INVESTMENT_FRAUD,114792.85,UPI,BANK_SBI_SYNTH,NEW_DIGITAL,ZONE_NORTH,14,0,REGISTERED
CMP-2026-00909,2026-07-22 21:54:34,2026-07-22 22:20:04,25.5,PHISHING_UPI,16033.9,UPI,BANK_SBI_SYNTH,NEW_DIGITAL,ZONE_NORTH,21,2,REGISTERED
CMP-2026-00910,2026-04-23 14:56:58,2026-04-23 15:34:58,38.0,TASK_FRAUD,89631.67,UPI,BANK_ICIC_SYNTH,NEW_DIGITAL,ZONE_NORTH,14,3,REGISTERED
CMP-2026-00911,2026-08-04 19:41:23,2026-08-04 20:28:29,47.1,TASK_FRAUD,75845.95,UPI,BANK_SBI_SYNTH,NEW_DIGITAL,ZONE_NORTH,19,1,REGISTERED
CMP-2026-00912,2026-03-03 05:55:35,2026-03-03 06:30:11,34.6,TASK_FRAUD,21918.04,UPI,BANK_PNB_SYNTH,STANDARD,ZONE_NORTH,5,1,REGISTERED
CMP-2026-00913,2026-03-01 12:38:25,2026-03-01 13:27:07,48.7,INVESTMENT_FRAUD,80340.39,UPI,BANK_ICIC_SYNTH,NEW_DIGITAL,ZONE_WEST,12,6,REGISTERED
CMP-2026-00914,2026-04-24 13:47:47,2026-04-24 14:13:29,25.7,INVESTMENT_FRAUD,67948.1,UPI,BANK_ICIC_SYNTH,RURAL_REGIONAL,ZONE_EAST,13,4,REGISTERED
CMP-2026-00915,2026-05-01 05:26:57,2026-05-01 05:41:15,14.3,PHISHING_UPI,15342.26,NEFT,BANK_SBI_SYNTH,NEW_DIGITAL,ZONE_WEST,5,4,REGISTERED
CMP-2026-00916,2026-04-09 12:53:16,2026-04-09 13:13:28,20.2,EXTORTION,15305.75,UPI,BANK_ICIC_SYNTH,NEW_DIGITAL,ZONE_WEST,12,3,REGISTERED
CMP-2026-00917,2026-06-29 16:36:54,2026-06-29 17:01:30,24.6,TASK_FRAUD,82634.73,IMPS,BANK_ICIC_SYNTH,STANDARD,ZONE_WEST,16,0,REGISTERED
CMP-2026-00918,2026-03-14 12:42:04,2026-03-14 12:58:58,16.9,TASK_FRAUD,56596.93,UPI,BANK_PNB_SYNTH,STANDARD,ZONE_WEST,12,5,REGISTERED
CMP-2026-00919,2026-05-27 16:21:22,2026-05-27 17:07:10,45.8,INVESTMENT_FRAUD,48143.21,UPI,BANK_ICIC_SYNTH,RURAL_REGIONAL,ZONE_SOUTH,16,2,REGISTERED
CMP-2026-00920,2026-03-19 16:39:04,2026-03-19 16:52:28,13.4,PHISHING_UPI,46849.03,NEFT,BANK_SBI_SYNTH,STANDARD,ZONE_SOUTH,16,3,REGISTERED
CMP-2026-00921,2026-04-27 12:28:21,2026-04-27 12:40:21,12.0,PHISHING_UPI,34336.72,UPI,BANK_SBI_SYNTH,NEW_DIGITAL,ZONE_EAST,12,0,REGISTERED
CMP-2026-00922,2026-03-28 16:36:23,2026-03-28 16:58:11,21.8,PHISHING_UPI,47262.0,UPI,BANK_SBI_SYNTH,STANDARD,ZONE_CENTRAL,16,5,REGISTERED
CMP-2026-00923,2026-03-31 21:20:15,2026-03-31 22:28:39,68.4,INVESTMENT_FRAUD,115536.01,IMPS,BANK_PNB_SYNTH,RURAL_REGIONAL,ZONE_WEST,21,1,REGISTERED
CMP-2026-00924,2026-04-19 13:23:08,2026-04-19 13:40:32,17.4,PHISHING_UPI,35793.57,IMPS,BANK_ICIC_SYNTH,STANDARD,ZONE_EAST,13,6,REGISTERED
CMP-2026-00925,2026-05-23 09:22:49,2026-05-23 09:35:01,12.2,INVESTMENT_FRAUD,48728.3,UPI,BANK_PNB_SYNTH,STANDARD,ZONE_CENTRAL,9,5,REGISTERED
CMP-2026-00926,2026-04-01 20:38:05,2026-04-01 21:06:47,28.7,PHISHING_UPI,15912.56,UPI,BANK_ICIC_SYNTH,NEW_DIGITAL,ZONE_EAST,20,2,REGISTERED
CMP-2026-00927,2026-08-02 07:08:57,2026-08-02 07:30:03,21.1,INVESTMENT_FRAUD,76113.79,IMPS,BANK_ICIC_SYNTH,RURAL_REGIONAL,ZONE_EAST,7,6,REGISTERED
CMP-2026-00928,2026-07-11 16:40:04,2026-07-11 17:13:58,33.9,PHISHING_UPI,49605.85,NEFT,BANK_AXIS_SYNTH,NEW_DIGITAL,ZONE_WEST,16,5,REGISTERED
CMP-2026-00929,2026-06-22 15:52:37,2026-06-22 16:21:31,28.9,INVESTMENT_FRAUD,42170.28,NEFT,BANK_HDFC_SYNTH,STANDARD,ZONE_WEST,15,0,REGISTERED
CMP-2026-00930,2026-06-08 18:34:57,2026-06-08 18:54:33,19.6,INVESTMENT_FRAUD,175090.69,UPI,BANK_AXIS_SYNTH,STANDARD,ZONE_CENTRAL,18,0,REGISTERED
CMP-2026-00931,2026-05-24 20:49:09,2026-05-24 21:33:09,44.0,INVESTMENT_FRAUD,82540.65,IMPS,BANK_SBI_SYNTH,STANDARD,ZONE_NORTH,20,6,REGISTERED
CMP-2026-00932,2026-08-08 18:37:46,2026-08-08 19:08:40,30.9,PHISHING_UPI,50225.11,IMPS,BANK_AXIS_SYNTH,NEW_DIGITAL,ZONE_SOUTH,18,5,REGISTERED
CMP-2026-00933,2026-03-25 18:32:32,2026-03-25 19:10:02,37.5,EXTORTION,17361.64,UPI,BANK_ICIC_SYNTH,NEW_DIGITAL,ZONE_NORTH,18,2,REGISTERED
CMP-2026-00934,2026-05-30 17:42:15,2026-05-30 18:18:27,36.2,LOAN_SCAM,25064.68,UPI,BANK_PNB_SYNTH,STANDARD,ZONE_CENTRAL,17,5,REGISTERED
CMP-2026-00935,2026-07-24 13:39:43,2026-07-24 13:58:55,19.2,PHISHING_UPI,55454.19,UPI,BANK_PNB_SYNTH,NEW_DIGITAL,ZONE_EAST,13,4,REGISTERED
CMP-2026-00936,2026-05-20 14:11:36,2026-05-20 16:10:18,118.7,INVESTMENT_FRAUD,78553.54,NEFT,BANK_HDFC_SYNTH,RURAL_REGIONAL,ZONE_WEST,14,2,REGISTERED
CMP-2026-00937,2026-06-27 16:09:47,2026-06-27 16:42:41,32.9,PHISHING_UPI,34255.09,UPI,BANK_HDFC_SYNTH,RURAL_REGIONAL,ZONE_CENTRAL,16,5,REGISTERED
CMP-2026-00938,2026-03-08 06:48:31,2026-03-08 08:35:13,106.7,LOAN_SCAM,36435.05,NEFT,BANK_HDFC_SYNTH,STANDARD,ZONE_CENTRAL,6,6,REGISTERED
CMP-2026-00939,2026-03-08 10:13:33,2026-03-08 10:35:09,21.6,TASK_FRAUD,41583.68,UPI,BANK_HDFC_SYNTH,STANDARD,ZONE_NORTH,10,6,REGISTERED
CMP-2026-00940,2026-05-05 05:30:58,2026-05-05 06:11:52,40.9,EXTORTION,27714.01,UPI,BANK_ICIC_SYNTH,STANDARD,ZONE_CENTRAL,5,1,REGISTERED
CMP-2026-00941,2026-06-25 23:06:45,2026-06-25 23:31:33,24.8,TASK_FRAUD,63998.32,UPI,BANK_HDFC_SYNTH,STANDARD,ZONE_NORTH,23,3,REGISTERED
CMP-2026-00942,2026-06-23 16:17:53,2026-06-23 16:29:53,12.0,INVESTMENT_FRAUD,196053.15,NEFT,BANK_SBI_SYNTH,NEW_DIGITAL,ZONE_EAST,16,1,REGISTERED
CMP-2026-00943,2026-05-08 10:37:41,2026-05-08 11:00:53,23.2,PHISHING_UPI,41582.31,UPI,BANK_AXIS_SYNTH,STANDARD,ZONE_SOUTH,10,4,REGISTERED
CMP-2026-00944,2026-03-15 09:16:24,2026-03-15 09:40:42,24.3,INVESTMENT_FRAUD,169610.44,UPI,BANK_SBI_SYNTH,NEW_DIGITAL,ZONE_WEST,9,6,REGISTERED
CMP-2026-00945,2026-04-10 17:25:22,2026-04-10 17:47:52,22.5,TASK_FRAUD,40019.71,IMPS,BANK_ICIC_SYNTH,NEW_DIGITAL,ZONE_SOUTH,17,4,REGISTERED
CMP-2026-00946,2026-05-26 18:38:00,2026-05-26 18:50:00,12.0,PHISHING_UPI,53734.07,IMPS,BANK_AXIS_SYNTH,NEW_DIGITAL,ZONE_SOUTH,18,1,REGISTERED
CMP-2026-00947,2026-04-11 17:32:41,2026-04-11 17:52:05,19.4,PHISHING_UPI,46208.0,NEFT,BANK_HDFC_SYNTH,NEW_DIGITAL,ZONE_SOUTH,17,5,REGISTERED
CMP-2026-00948,2026-05-05 20:45:52,2026-05-05 21:16:04,30.2,INVESTMENT_FRAUD,197503.81,NEFT,BANK_PNB_SYNTH,STANDARD,ZONE_EAST,20,1,REGISTERED
CMP-2026-00949,2026-04-29 15:07:30,2026-04-29 17:17:18,129.8,LOAN_SCAM,5405.03,UPI,BANK_ICIC_SYNTH,NEW_DIGITAL,ZONE_WEST,15,2,REGISTERED
CMP-2026-00950,2026-04-07 21:10:41,2026-04-07 22:20:29,69.8,LOAN_SCAM,19344.67,UPI,BANK_HDFC_SYNTH,NEW_DIGITAL,ZONE_NORTH,21,1,REGISTERED
CMP-2026-00951,2026-03-05 18:02:08,2026-03-05 18:22:26,20.3,PHISHING_UPI,11680.56,IMPS,BANK_ICIC_SYNTH,NEW_DIGITAL,ZONE_EAST,18,3,REGISTERED
CMP-2026-00952,2026-06-01 08:57:36,2026-06-01 10:57:30,119.9,LOAN_SCAM,14594.77,UPI,BANK_HDFC_SYNTH,NEW_DIGITAL,ZONE_CENTRAL,8,0,REGISTERED
CMP-2026-00953,2026-04-16 18:11:33,2026-04-16 18:41:39,30.1,TASK_FRAUD,21352.79,IMPS,BANK_SBI_SYNTH,NEW_DIGITAL,ZONE_EAST,18,3,REGISTERED
CMP-2026-00954,2026-06-16 05:36:40,2026-06-16 06:51:04,74.4,LOAN_SCAM,38790.48,UPI,BANK_SBI_SYNTH,NEW_DIGITAL,ZONE_EAST,5,1,REGISTERED
CMP-2026-00955,2026-08-18 10:13:28,2026-08-18 11:22:28,69.0,INVESTMENT_FRAUD,119463.85,UPI,BANK_SBI_SYNTH,NEW_DIGITAL,ZONE_SOUTH,10,1,REGISTERED
CMP-2026-00956,2026-08-04 13:10:14,2026-08-04 14:04:32,54.3,INVESTMENT_FRAUD,145377.36,IMPS,BANK_PNB_SYNTH,RURAL_REGIONAL,ZONE_EAST,13,1,REGISTERED
CMP-2026-00957,2026-06-17 17:50:37,2026-06-17 18:10:19,19.7,INVESTMENT_FRAUD,170485.81,UPI,BANK_PNB_SYNTH,STANDARD,ZONE_EAST,17,2,REGISTERED
CMP-2026-00958,2026-04-02 13:42:32,2026-04-02 14:16:26,33.9,INVESTMENT_FRAUD,107621.07,UPI,BANK_HDFC_SYNTH,STANDARD,ZONE_EAST,13,3,REGISTERED
CMP-2026-00959,2026-08-14 17:38:37,2026-08-14 18:03:55,25.3,EXTORTION,24805.92,UPI,BANK_PNB_SYNTH,RURAL_REGIONAL,ZONE_CENTRAL,17,4,REGISTERED
CMP-2026-00960,2026-05-09 14:06:01,2026-05-09 15:41:37,95.6,TASK_FRAUD,59567.82,UPI,BANK_HDFC_SYNTH,NEW_DIGITAL,ZONE_SOUTH,14,5,REGISTERED
CMP-2026-00961,2026-07-27 18:38:06,2026-07-27 19:17:48,39.7,INVESTMENT_FRAUD,104043.72,UPI,BANK_HDFC_SYNTH,NEW_DIGITAL,ZONE_NORTH,18,0,REGISTERED
CMP-2026-00962,2026-08-05 08:34:32,2026-08-05 09:02:38,28.1,TASK_FRAUD,88829.61,UPI,BANK_ICIC_SYNTH,NEW_DIGITAL,ZONE_NORTH,8,2,REGISTERED
CMP-2026-00963,2026-03-24 21:38:34,2026-03-24 21:55:46,17.2,TASK_FRAUD,87930.58,NEFT,BANK_SBI_SYNTH,NEW_DIGITAL,ZONE_NORTH,21,1,REGISTERED
CMP-2026-00964,2026-08-09 15:49:43,2026-08-09 16:06:01,16.3,PHISHING_UPI,9716.31,UPI,BANK_ICIC_SYNTH,RURAL_REGIONAL,ZONE_SOUTH,15,6,REGISTERED
CMP-2026-00965,2026-05-06 07:02:44,2026-05-06 08:41:44,99.0,INVESTMENT_FRAUD,85396.23,UPI,BANK_SBI_SYNTH,NEW_DIGITAL,ZONE_SOUTH,7,2,REGISTERED
CMP-2026-00966,2026-08-16 20:30:50,2026-08-16 20:51:08,20.3,PHISHING_UPI,54348.38,NEFT,BANK_AXIS_SYNTH,STANDARD,ZONE_WEST,20,6,REGISTERED
CMP-2026-00967,2026-07-12 15:48:53,2026-07-12 16:44:17,55.4,PHISHING_UPI,44880.28,NEFT,BANK_SBI_SYNTH,NEW_DIGITAL,ZONE_WEST,15,6,REGISTERED
CMP-2026-00968,2026-04-15 06:49:14,2026-04-15 07:06:50,17.6,TASK_FRAUD,67130.67,IMPS,BANK_HDFC_SYNTH,RURAL_REGIONAL,ZONE_EAST,6,2,REGISTERED
CMP-2026-00969,2026-03-16 11:38:56,2026-03-16 12:45:26,66.5,EXTORTION,20982.89,UPI,BANK_SBI_SYNTH,NEW_DIGITAL,ZONE_EAST,11,0,REGISTERED
CMP-2026-00970,2026-04-04 15:45:47,2026-04-04 15:57:47,12.0,PHISHING_UPI,10457.59,IMPS,BANK_AXIS_SYNTH,NEW_DIGITAL,ZONE_WEST,15,5,REGISTERED
CMP-2026-00971,2026-05-07 12:13:44,2026-05-07 12:45:08,31.4,INVESTMENT_FRAUD,85200.64,UPI,BANK_ICIC_SYNTH,RURAL_REGIONAL,ZONE_EAST,12,3,REGISTERED
CMP-2026-00972,2026-05-05 11:09:27,2026-05-05 11:34:09,24.7,TASK_FRAUD,56106.94,UPI,BANK_HDFC_SYNTH,RURAL_REGIONAL,ZONE_WEST,11,1,REGISTERED
CMP-2026-00973,2026-04-17 15:34:27,2026-04-17 15:54:57,20.5,EXTORTION,33399.67,NEFT,BANK_HDFC_SYNTH,STANDARD,ZONE_CENTRAL,15,4,REGISTERED
CMP-2026-00974,2026-05-11 10:13:26,2026-05-11 10:28:02,14.6,INVESTMENT_FRAUD,137150.36,UPI,BANK_HDFC_SYNTH,NEW_DIGITAL,ZONE_WEST,10,0,REGISTERED
CMP-2026-00975,2026-06-09 16:30:16,2026-06-09 18:18:40,108.4,INVESTMENT_FRAUD,76412.77,IMPS,BANK_PNB_SYNTH,NEW_DIGITAL,ZONE_NORTH,16,1,REGISTERED
CMP-2026-00976,2026-06-12 18:49:45,2026-06-12 19:27:33,37.8,LOAN_SCAM,13249.05,NEFT,BANK_SBI_SYNTH,RURAL_REGIONAL,ZONE_CENTRAL,18,4,REGISTERED
CMP-2026-00977,2026-06-27 09:47:14,2026-06-27 10:12:32,25.3,LOAN_SCAM,19948.73,IMPS,BANK_SBI_SYNTH,STANDARD,ZONE_WEST,9,5,REGISTERED
CMP-2026-00978,2026-05-31 12:50:21,2026-05-31 13:08:45,18.4,INVESTMENT_FRAUD,116072.6,NEFT,BANK_ICIC_SYNTH,STANDARD,ZONE_NORTH,12,6,REGISTERED
CMP-2026-00979,2026-08-21 07:00:51,2026-08-21 07:20:51,20.0,PHISHING_UPI,58268.25,UPI,BANK_PNB_SYNTH,RURAL_REGIONAL,ZONE_NORTH,7,4,REGISTERED
CMP-2026-00980,2026-05-24 12:38:27,2026-05-24 12:51:15,12.8,PHISHING_UPI,30869.1,UPI,BANK_ICIC_SYNTH,STANDARD,ZONE_EAST,12,6,REGISTERED
CMP-2026-00981,2026-04-09 15:05:38,2026-04-09 15:50:20,44.7,PHISHING_UPI,26069.42,UPI,BANK_HDFC_SYNTH,NEW_DIGITAL,ZONE_EAST,15,3,REGISTERED
CMP-2026-00982,2026-08-15 15:25:39,2026-08-15 16:18:09,52.5,TASK_FRAUD,99801.1,UPI,BANK_SBI_SYNTH,STANDARD,ZONE_NORTH,15,5,REGISTERED
CMP-2026-00983,2026-07-07 23:38:03,2026-07-08 01:12:33,94.5,TASK_FRAUD,21539.92,IMPS,BANK_SBI_SYNTH,NEW_DIGITAL,ZONE_EAST,23,1,REGISTERED
CMP-2026-00984,2026-07-26 17:40:31,2026-07-26 18:01:31,21.0,PHISHING_UPI,7816.35,IMPS,BANK_HDFC_SYNTH,STANDARD,ZONE_CENTRAL,17,6,REGISTERED
CMP-2026-00985,2026-08-15 09:33:18,2026-08-15 11:08:06,94.8,EXTORTION,32713.64,UPI,BANK_SBI_SYNTH,RURAL_REGIONAL,ZONE_EAST,9,5,REGISTERED
CMP-2026-00986,2026-06-19 13:43:02,2026-06-19 14:23:38,40.6,INVESTMENT_FRAUD,126383.65,UPI,BANK_SBI_SYNTH,STANDARD,ZONE_SOUTH,13,4,REGISTERED
CMP-2026-00987,2026-08-23 12:05:17,2026-08-23 12:25:59,20.7,TASK_FRAUD,79738.11,IMPS,BANK_HDFC_SYNTH,NEW_DIGITAL,ZONE_SOUTH,12,6,REGISTERED
CMP-2026-00988,2026-06-29 23:25:37,2026-06-30 01:31:19,125.7,LOAN_SCAM,17711.62,UPI,BANK_HDFC_SYNTH,NEW_DIGITAL,ZONE_WEST,23,0,REGISTERED
CMP-2026-00989,2026-07-11 11:04:58,2026-07-11 11:48:16,43.3,PHISHING_UPI,31178.99,NEFT,BANK_ICIC_SYNTH,RURAL_REGIONAL,ZONE_WEST,11,5,REGISTERED
CMP-2026-00990,2026-06-09 10:37:22,2026-06-09 11:36:04,58.7,INVESTMENT_FRAUD,58900.72,IMPS,BANK_SBI_SYNTH,NEW_DIGITAL,ZONE_WEST,10,1,REGISTERED
CMP-2026-00991,2026-04-10 13:12:29,2026-04-10 13:31:59,19.5,TASK_FRAUD,48842.63,IMPS,BANK_HDFC_SYNTH,STANDARD,ZONE_CENTRAL,13,4,REGISTERED
CMP-2026-00992,2026-06-12 16:16:11,2026-06-12 16:39:35,23.4,TASK_FRAUD,43571.91,UPI,BANK_HDFC_SYNTH,NEW_DIGITAL,ZONE_SOUTH,16,4,REGISTERED
CMP-2026-00993,2026-06-09 08:32:18,2026-06-09 08:55:00,22.7,INVESTMENT_FRAUD,135076.77,UPI,BANK_PNB_SYNTH,STANDARD,ZONE_WEST,8,1,REGISTERED
CMP-2026-00994,2026-07-23 12:16:56,2026-07-23 12:33:26,16.5,PHISHING_UPI,14160.01,UPI,BANK_HDFC_SYNTH,NEW_DIGITAL,ZONE_SOUTH,12,3,REGISTERED
CMP-2026-00995,2026-07-03 15:24:36,2026-07-03 15:36:36,12.0,PHISHING_UPI,44556.63,NEFT,BANK_ICIC_SYNTH,NEW_DIGITAL,ZONE_CENTRAL,15,4,REGISTERED
CMP-2026-00996,2026-08-21 14:29:43,2026-08-21 15:30:25,60.7,PHISHING_UPI,34931.0,IMPS,BANK_ICIC_SYNTH,STANDARD,ZONE_SOUTH,14,4,REGISTERED
CMP-2026-00997,2026-05-26 08:16:04,2026-05-26 08:51:10,35.1,PHISHING_UPI,37040.46,UPI,BANK_PNB_SYNTH,NEW_DIGITAL,ZONE_WEST,8,1,REGISTERED
CMP-2026-00998,2026-06-30 19:14:51,2026-06-30 19:38:45,23.9,TASK_FRAUD,20253.94,NEFT,BANK_HDFC_SYNTH,STANDARD,ZONE_EAST,19,1,REGISTERED
CMP-2026-00999,2026-03-02 18:53:16,2026-03-02 20:41:58,108.7,LOAN_SCAM,19331.48,NEFT,BANK_PNB_SYNTH,NEW_DIGITAL,ZONE_WEST,18,0,REGISTERED
CMP-2026-01000,2026-05-11 16:47:52,2026-05-11 17:14:22,26.5,INVESTMENT_FRAUD,97402.12,IMPS,BANK_SBI_SYNTH,STANDARD,ZONE_NORTH,16,0,REGISTERED
CMP-2026-01001,2026-05-03 17:57:36,2026-05-03 18:45:12,47.6,TASK_FRAUD,94281.77,IMPS,BANK_ICIC_SYNTH,RURAL_REGIONAL,ZONE_NORTH,17,6,REGISTERED
CMP-2026-01002,2026-05-29 15:12:15,2026-05-29 15:42:39,30.4,TASK_FRAUD,99264.11,UPI,BANK_HDFC_SYNTH,STANDARD,ZONE_NORTH,15,4,REGISTERED
CMP-2026-01003,2026-04-07 11:12:53,2026-04-07 11:53:23,40.5,EXTORTION,29274.94,IMPS,BANK_HDFC_SYNTH,STANDARD,ZONE_CENTRAL,11,1,REGISTERED
CMP-2026-01004,2026-03-20 11:58:05,2026-03-20 12:34:53,36.8,TASK_FRAUD,35496.02,UPI,BANK_ICIC_SYNTH,RURAL_REGIONAL,ZONE_NORTH,11,4,REGISTERED
CMP-2026-01005,2026-06-19 09:48:54,2026-06-19 10:15:12,26.3,EXTORTION,20256.22,NEFT,BANK_HDFC_SYNTH,STANDARD,ZONE_CENTRAL,9,4,REGISTERED
CMP-2026-01006,2026-05-06 18:20:31,2026-05-06 18:47:31,27.0,LOAN_SCAM,38680.2,IMPS,BANK_PNB_SYNTH,STANDARD,ZONE_EAST,18,2,REGISTERED
CMP-2026-01007,2026-08-06 23:36:55,2026-08-07 00:13:19,36.4,PHISHING_UPI,17093.56,UPI,BANK_HDFC_SYNTH,RURAL_REGIONAL,ZONE_CENTRAL,23,3,REGISTERED
CMP-2026-01008,2026-08-25 18:58:32,2026-08-25 19:35:44,37.2,INVESTMENT_FRAUD,104224.04,UPI,BANK_SBI_SYNTH,STANDARD,ZONE_NORTH,18,1,REGISTERED
CMP-2026-01009,2026-03-24 14:33:51,2026-03-24 15:10:15,36.4,TASK_FRAUD,45488.35,NEFT,BANK_HDFC_SYNTH,STANDARD,ZONE_EAST,14,1,REGISTERED
CMP-2026-01010,2026-05-30 22:25:55,2026-05-30 23:16:37,50.7,PHISHING_UPI,30877.78,UPI,BANK_PNB_SYNTH,NEW_DIGITAL,ZONE_WEST,22,5,REGISTERED
CMP-2026-01011,2026-05-22 14:07:44,2026-05-22 14:30:56,23.2,TASK_FRAUD,40512.57,IMPS,BANK_SBI_SYNTH,NEW_DIGITAL,ZONE_EAST,14,4,REGISTERED
CMP-2026-01012,2026-07-03 16:00:43,2026-07-03 16:30:07,29.4,TASK_FRAUD,58074.14,NEFT,BANK_SBI_SYNTH,STANDARD,ZONE_CENTRAL,16,4,REGISTERED
CMP-2026-01013,2026-06-19 12:16:11,2026-06-19 14:06:53,110.7,LOAN_SCAM,6351.58,UPI,BANK_SBI_SYNTH,STANDARD,ZONE_WEST,12,4,REGISTERED
CMP-2026-01014,2026-04-18 17:39:21,2026-04-18 17:55:03,15.7,PHISHING_UPI,25389.09,UPI,BANK_HDFC_SYNTH,NEW_DIGITAL,ZONE_WEST,17,5,REGISTERED
CMP-2026-01015,2026-05-15 16:48:23,2026-05-15 17:11:53,23.5,TASK_FRAUD,79980.23,UPI,BANK_PNB_SYNTH,NEW_DIGITAL,ZONE_CENTRAL,16,4,REGISTERED
CMP-2026-01016,2026-04-20 18:11:36,2026-04-20 18:53:12,41.6,TASK_FRAUD,91025.45,IMPS,BANK_HDFC_SYNTH,NEW_DIGITAL,ZONE_CENTRAL,18,0,REGISTERED
CMP-2026-01017,2026-07-25 16:46:17,2026-07-25 17:13:23,27.1,PHISHING_UPI,25031.12,UPI,BANK_ICIC_SYNTH,NEW_DIGITAL,ZONE_SOUTH,16,5,REGISTERED
CMP-2026-01018,2026-04-05 08:51:47,2026-04-05 09:32:47,41.0,INVESTMENT_FRAUD,159100.27,UPI,BANK_ICIC_SYNTH,NEW_DIGITAL,ZONE_EAST,8,6,REGISTERED
CMP-2026-01019,2026-04-01 23:31:08,2026-04-01 23:43:08,12.0,PHISHING_UPI,40823.49,UPI,BANK_ICIC_SYNTH,NEW_DIGITAL,ZONE_SOUTH,23,2,REGISTERED
CMP-2026-01020,2026-07-31 20:33:34,2026-07-31 20:58:34,25.0,INVESTMENT_FRAUD,102296.9,IMPS,BANK_SBI_SYNTH,STANDARD,ZONE_CENTRAL,20,4,REGISTERED
CMP-2026-01021,2026-04-24 05:35:54,2026-04-24 06:05:36,29.7,PHISHING_UPI,30985.42,IMPS,BANK_HDFC_SYNTH,NEW_DIGITAL,ZONE_WEST,5,4,REGISTERED
CMP-2026-01022,2026-03-30 15:13:52,2026-03-30 16:48:34,94.7,LOAN_SCAM,29736.78,IMPS,BANK_SBI_SYNTH,NEW_DIGITAL,ZONE_EAST,15,0,REGISTERED
CMP-2026-01023,2026-05-20 20:21:16,2026-05-20 20:35:04,13.8,TASK_FRAUD,50148.48,IMPS,BANK_ICIC_SYNTH,NEW_DIGITAL,ZONE_NORTH,20,2,REGISTERED
CMP-2026-01024,2026-05-01 13:26:07,2026-05-01 13:44:07,18.0,EXTORTION,12671.88,NEFT,BANK_AXIS_SYNTH,NEW_DIGITAL,ZONE_EAST,13,4,REGISTERED
CMP-2026-01025,2026-06-25 06:34:11,2026-06-25 06:46:11,12.0,PHISHING_UPI,22668.25,UPI,BANK_SBI_SYNTH,NEW_DIGITAL,ZONE_SOUTH,6,3,REGISTERED
CMP-2026-01026,2026-04-21 16:20:43,2026-04-21 16:45:07,24.4,PHISHING_UPI,44711.16,IMPS,BANK_SBI_SYNTH,NEW_DIGITAL,ZONE_EAST,16,1,REGISTERED
CMP-2026-01027,2026-08-08 15:24:39,2026-08-08 16:55:21,90.7,INVESTMENT_FRAUD,55067.78,UPI,BANK_SBI_SYNTH,STANDARD,ZONE_CENTRAL,15,5,REGISTERED
CMP-2026-01028,2026-08-04 18:40:51,2026-08-04 19:21:09,40.3,TASK_FRAUD,88368.61,UPI,BANK_PNB_SYNTH,NEW_DIGITAL,ZONE_EAST,18,1,REGISTERED
CMP-2026-01029,2026-05-15 11:39:36,2026-05-15 11:54:00,14.4,PHISHING_UPI,58850.69,IMPS,BANK_HDFC_SYNTH,RURAL_REGIONAL,ZONE_SOUTH,11,4,REGISTERED
CMP-2026-01030,2026-05-01 11:20:20,2026-05-01 12:00:20,40.0,EXTORTION,34244.38,NEFT,BANK_SBI_SYNTH,NEW_DIGITAL,ZONE_CENTRAL,11,4,REGISTERED
CMP-2026-01031,2026-05-11 17:56:28,2026-05-11 18:22:58,26.5,INVESTMENT_FRAUD,141550.33,IMPS,BANK_HDFC_SYNTH,STANDARD,ZONE_CENTRAL,17,0,REGISTERED
CMP-2026-01032,2026-06-02 17:28:26,2026-06-02 18:10:38,42.2,INVESTMENT_FRAUD,106913.66,IMPS,BANK_HDFC_SYNTH,NEW_DIGITAL,ZONE_SOUTH,17,1,REGISTERED
CMP-2026-01033,2026-03-23 14:15:42,2026-03-23 14:38:12,22.5,EXTORTION,13195.75,NEFT,BANK_SBI_SYNTH,RURAL_REGIONAL,ZONE_EAST,14,0,REGISTERED
CMP-2026-01034,2026-05-11 23:06:04,2026-05-11 23:46:16,40.2,EXTORTION,36249.6,IMPS,BANK_HDFC_SYNTH,NEW_DIGITAL,ZONE_WEST,23,0,REGISTERED
CMP-2026-01035,2026-05-25 12:03:01,2026-05-25 13:06:25,63.4,INVESTMENT_FRAUD,142467.78,UPI,BANK_PNB_SYNTH,RURAL_REGIONAL,ZONE_EAST,12,0,REGISTERED
CMP-2026-01036,2026-03-19 23:39:09,2026-03-20 00:35:21,56.2,LOAN_SCAM,28748.6,UPI,BANK_HDFC_SYNTH,NEW_DIGITAL,ZONE_NORTH,23,3,REGISTERED
CMP-2026-01037,2026-04-25 09:15:47,2026-04-25 09:31:05,15.3,PHISHING_UPI,28819.41,UPI,BANK_PNB_SYNTH,NEW_DIGITAL,ZONE_NORTH,9,5,REGISTERED
CMP-2026-01038,2026-03-24 14:53:10,2026-03-24 15:36:28,43.3,LOAN_SCAM,38220.97,IMPS,BANK_HDFC_SYNTH,RURAL_REGIONAL,ZONE_SOUTH,14,1,REGISTERED
CMP-2026-01039,2026-08-02 22:20:55,2026-08-02 22:34:37,13.7,PHISHING_UPI,51912.59,UPI,BANK_HDFC_SYNTH,NEW_DIGITAL,ZONE_SOUTH,22,6,REGISTERED
CMP-2026-01040,2026-06-07 13:08:44,2026-06-07 13:25:38,16.9,PHISHING_UPI,41162.18,UPI,BANK_HDFC_SYNTH,RURAL_REGIONAL,ZONE_SOUTH,13,6,REGISTERED
CMP-2026-01041,2026-06-23 18:36:27,2026-06-23 18:49:57,13.5,PHISHING_UPI,21512.4,UPI,BANK_ICIC_SYNTH,RURAL_REGIONAL,ZONE_SOUTH,18,1,REGISTERED
CMP-2026-01042,2026-05-26 12:14:51,2026-05-26 12:38:33,23.7,INVESTMENT_FRAUD,148677.71,UPI,BANK_HDFC_SYNTH,RURAL_REGIONAL,ZONE_SOUTH,12,1,REGISTERED
CMP-2026-01043,2026-04-16 09:19:00,2026-04-16 09:40:06,21.1,PHISHING_UPI,22313.21,UPI,BANK_AXIS_SYNTH,STANDARD,ZONE_SOUTH,9,3,REGISTERED
CMP-2026-01044,2026-05-01 13:30:34,2026-05-01 14:06:10,35.6,TASK_FRAUD,57304.24,NEFT,BANK_HDFC_SYNTH,NEW_DIGITAL,ZONE_NORTH,13,4,REGISTERED
CMP-2026-01045,2026-05-25 14:00:49,2026-05-25 15:33:31,92.7,INVESTMENT_FRAUD,151625.21,UPI,BANK_SBI_SYNTH,NEW_DIGITAL,ZONE_NORTH,14,0,REGISTERED
CMP-2026-01046,2026-06-16 17:50:00,2026-06-16 20:25:54,155.9,LOAN_SCAM,32136.05,IMPS,BANK_ICIC_SYNTH,RURAL_REGIONAL,ZONE_CENTRAL,17,1,REGISTERED
CMP-2026-01047,2026-05-14 08:35:27,2026-05-14 08:51:33,16.1,INVESTMENT_FRAUD,38809.1,UPI,BANK_ICIC_SYNTH,STANDARD,ZONE_NORTH,8,3,REGISTERED
CMP-2026-01048,2026-06-25 15:53:24,2026-06-25 16:15:18,21.9,INVESTMENT_FRAUD,153411.52,IMPS,BANK_SBI_SYNTH,RURAL_REGIONAL,ZONE_WEST,15,3,REGISTERED
CMP-2026-01049,2026-04-13 10:48:51,2026-04-13 11:02:51,14.0,PHISHING_UPI,24655.7,NEFT,BANK_AXIS_SYNTH,NEW_DIGITAL,ZONE_EAST,10,0,REGISTERED
CMP-2026-01050,2026-07-24 15:43:17,2026-07-24 16:00:35,17.3,PHISHING_UPI,16931.88,UPI,BANK_SBI_SYNTH,NEW_DIGITAL,ZONE_CENTRAL,15,4,REGISTERED
CMP-2026-01051,2026-05-14 03:54:04,2026-05-14 04:13:10,19.1,PHISHING_UPI,10788.3,IMPS,BANK_ICIC_SYNTH,STANDARD,ZONE_EAST,3,3,REGISTERED
CMP-2026-01052,2026-03-20 20:29:39,2026-03-20 20:43:57,14.3,EXTORTION,39253.8,NEFT,BANK_SBI_SYNTH,RURAL_REGIONAL,ZONE_CENTRAL,20,4,REGISTERED
CMP-2026-01053,2026-03-04 07:03:34,2026-03-04 07:22:58,19.4,PHISHING_UPI,6326.15,NEFT,BANK_HDFC_SYNTH,NEW_DIGITAL,ZONE_CENTRAL,7,2,REGISTERED
CMP-2026-01054,2026-03-23 22:28:46,2026-03-23 23:05:04,36.3,TASK_FRAUD,79686.57,UPI,BANK_HDFC_SYNTH,STANDARD,ZONE_WEST,22,0,REGISTERED
CMP-2026-01055,2026-05-28 21:21:26,2026-05-28 23:00:14,98.8,LOAN_SCAM,22792.15,UPI,BANK_PNB_SYNTH,STANDARD,ZONE_NORTH,21,3,REGISTERED
CMP-2026-01056,2026-08-27 17:29:44,2026-08-27 17:47:02,17.3,PHISHING_UPI,59228.59,IMPS,BANK_AXIS_SYNTH,NEW_DIGITAL,ZONE_WEST,17,3,REGISTERED
CMP-2026-01057,2026-07-14 14:09:03,2026-07-14 15:14:15,65.2,INVESTMENT_FRAUD,164044.85,IMPS,BANK_SBI_SYNTH,STANDARD,ZONE_NORTH,14,1,REGISTERED
CMP-2026-01058,2026-03-13 18:30:11,2026-03-13 19:19:47,49.6,INVESTMENT_FRAUD,117254.89,UPI,BANK_HDFC_SYNTH,NEW_DIGITAL,ZONE_SOUTH,18,4,REGISTERED
CMP-2026-01059,2026-07-26 15:53:00,2026-07-26 16:08:30,15.5,PHISHING_UPI,56722.08,IMPS,BANK_ICIC_SYNTH,RURAL_REGIONAL,ZONE_WEST,15,6,REGISTERED
CMP-2026-01060,2026-05-09 19:28:15,2026-05-09 20:55:57,87.7,TASK_FRAUD,46066.4,UPI,BANK_HDFC_SYNTH,RURAL_REGIONAL,ZONE_CENTRAL,19,5,REGISTERED
CMP-2026-01061,2026-04-05 19:47:49,2026-04-05 20:56:07,68.3,INVESTMENT_FRAUD,137722.2,UPI,BANK_HDFC_SYNTH,STANDARD,ZONE_WEST,19,6,REGISTERED
CMP-2026-01062,2026-05-25 21:43:19,2026-05-25 21:55:19,12.0,PHISHING_UPI,54590.94,NEFT,BANK_ICIC_SYNTH,NEW_DIGITAL,ZONE_EAST,21,0,REGISTERED
CMP-2026-01063,2026-03-29 10:46:02,2026-03-29 11:03:02,17.0,PHISHING_UPI,41362.18,UPI,BANK_PNB_SYNTH,NEW_DIGITAL,ZONE_CENTRAL,10,6,REGISTERED
CMP-2026-01064,2026-06-23 14:12:23,2026-06-23 14:50:47,38.4,TASK_FRAUD,54172.61,UPI,BANK_HDFC_SYNTH,STANDARD,ZONE_NORTH,14,1,REGISTERED
CMP-2026-01065,2026-08-03 15:13:07,2026-08-03 15:46:49,33.7,INVESTMENT_FRAUD,107623.79,IMPS,BANK_ICIC_SYNTH,NEW_DIGITAL,ZONE_SOUTH,15,0,REGISTERED
CMP-2026-01066,2026-04-28 23:10:50,2026-04-28 23:22:50,12.0,PHISHING_UPI,6062.51,UPI,BANK_HDFC_SYNTH,NEW_DIGITAL,ZONE_EAST,23,1,REGISTERED
CMP-2026-01067,2026-05-11 21:15:00,2026-05-11 21:50:48,35.8,TASK_FRAUD,48887.97,NEFT,BANK_HDFC_SYNTH,STANDARD,ZONE_WEST,21,0,REGISTERED
CMP-2026-01068,2026-06-13 19:44:30,2026-06-13 20:03:24,18.9,TASK_FRAUD,86335.61,UPI,BANK_SBI_SYNTH,RURAL_REGIONAL,ZONE_SOUTH,19,5,REGISTERED
CMP-2026-01069,2026-03-17 16:10:31,2026-03-17 17:18:37,68.1,INVESTMENT_FRAUD,188892.51,UPI,BANK_SBI_SYNTH,NEW_DIGITAL,ZONE_EAST,16,1,REGISTERED
CMP-2026-01070,2026-08-15 13:48:40,2026-08-15 14:11:34,22.9,TASK_FRAUD,23536.86,UPI,BANK_ICIC_SYNTH,NEW_DIGITAL,ZONE_NORTH,13,5,REGISTERED
CMP-2026-01071,2026-06-25 07:44:34,2026-06-25 08:14:58,30.4,PHISHING_UPI,45188.88,UPI,BANK_SBI_SYNTH,NEW_DIGITAL,ZONE_CENTRAL,7,3,REGISTERED
CMP-2026-01072,2026-05-27 10:20:35,2026-05-27 10:56:29,35.9,INVESTMENT_FRAUD,41417.81,IMPS,BANK_ICIC_SYNTH,NEW_DIGITAL,ZONE_CENTRAL,10,2,REGISTERED
CMP-2026-01073,2026-07-23 00:28:46,2026-07-23 02:16:10,107.4,LOAN_SCAM,38069.24,IMPS,BANK_ICIC_SYNTH,NEW_DIGITAL,ZONE_WEST,0,3,REGISTERED
CMP-2026-01074,2026-05-04 16:08:16,2026-05-04 16:36:46,28.5,INVESTMENT_FRAUD,147938.39,UPI,BANK_ICIC_SYNTH,STANDARD,ZONE_SOUTH,16,0,REGISTERED
CMP-2026-01075,2026-05-27 17:28:35,2026-05-27 17:48:59,20.4,PHISHING_UPI,22196.1,UPI,BANK_PNB_SYNTH,NEW_DIGITAL,ZONE_NORTH,17,2,REGISTERED
CMP-2026-01076,2026-04-03 14:22:20,2026-04-03 16:07:26,105.1,INVESTMENT_FRAUD,107258.58,IMPS,BANK_HDFC_SYNTH,STANDARD,ZONE_NORTH,14,4,REGISTERED
CMP-2026-01077,2026-08-04 08:38:58,2026-08-04 09:01:46,22.8,EXTORTION,15335.54,UPI,BANK_AXIS_SYNTH,STANDARD,ZONE_NORTH,8,1,REGISTERED
CMP-2026-01078,2026-03-29 21:33:09,2026-03-29 22:00:39,27.5,PHISHING_UPI,25449.16,UPI,BANK_ICIC_SYNTH,NEW_DIGITAL,ZONE_CENTRAL,21,6,REGISTERED
CMP-2026-01079,2026-06-06 18:29:00,2026-06-06 18:53:06,24.1,TASK_FRAUD,93401.98,UPI,BANK_ICIC_SYNTH,NEW_DIGITAL,ZONE_EAST,18,5,REGISTERED
CMP-2026-01080,2026-07-11 10:56:01,2026-07-11 11:27:01,31.0,TASK_FRAUD,21483.86,IMPS,BANK_SBI_SYNTH,NEW_DIGITAL,ZONE_CENTRAL,10,5,REGISTERED
CMP-2026-01081,2026-07-18 20:15:20,2026-07-18 21:46:26,91.1,EXTORTION,20155.36,IMPS,BANK_ICIC_SYNTH,NEW_DIGITAL,ZONE_WEST,20,5,REGISTERED
CMP-2026-01082,2026-04-04 16:43:31,2026-04-04 16:55:31,12.0,EXTORTION,12133.96,IMPS,BANK_ICIC_SYNTH,NEW_DIGITAL,ZONE_CENTRAL,16,5,REGISTERED
CMP-2026-01083,2026-04-28 11:41:20,2026-04-28 12:22:20,41.0,INVESTMENT_FRAUD,103626.23,UPI,BANK_AXIS_SYNTH,NEW_DIGITAL,ZONE_NORTH,11,1,REGISTERED
CMP-2026-01084,2026-03-08 11:08:11,2026-03-08 11:27:41,19.5,INVESTMENT_FRAUD,108633.27,IMPS,BANK_SBI_SYNTH,STANDARD,ZONE_WEST,11,6,REGISTERED
CMP-2026-01085,2026-04-06 14:31:12,2026-04-06 14:59:36,28.4,PHISHING_UPI,58868.09,UPI,BANK_PNB_SYNTH,STANDARD,ZONE_NORTH,14,0,REGISTERED
CMP-2026-01086,2026-06-27 13:33:39,2026-06-27 14:18:09,44.5,LOAN_SCAM,27157.4,IMPS,BANK_ICIC_SYNTH,NEW_DIGITAL,ZONE_SOUTH,13,5,REGISTERED
CMP-2026-01087,2026-03-09 18:14:38,2026-03-09 19:18:32,63.9,INVESTMENT_FRAUD,121193.25,UPI,BANK_ICIC_SYNTH,NEW_DIGITAL,ZONE_EAST,18,0,REGISTERED
CMP-2026-01088,2026-08-15 14:13:41,2026-08-15 14:32:41,19.0,PHISHING_UPI,23500.28,IMPS,BANK_SBI_SYNTH,NEW_DIGITAL,ZONE_NORTH,14,5,REGISTERED
CMP-2026-01089,2026-06-24 12:23:35,2026-06-24 13:49:23,85.8,INVESTMENT_FRAUD,135628.34,IMPS,BANK_SBI_SYNTH,RURAL_REGIONAL,ZONE_EAST,12,2,REGISTERED
CMP-2026-01090,2026-07-26 13:50:45,2026-07-26 14:09:21,18.6,TASK_FRAUD,52072.22,IMPS,BANK_HDFC_SYNTH,RURAL_REGIONAL,ZONE_CENTRAL,13,6,REGISTERED
CMP-2026-01091,2026-07-11 21:53:19,2026-07-11 22:27:13,33.9,PHISHING_UPI,7933.71,UPI,BANK_SBI_SYNTH,RURAL_REGIONAL,ZONE_CENTRAL,21,5,REGISTERED
CMP-2026-01092,2026-08-20 19:06:06,2026-08-20 19:18:06,12.0,PHISHING_UPI,5194.51,NEFT,BANK_HDFC_SYNTH,NEW_DIGITAL,ZONE_EAST,19,3,REGISTERED
CMP-2026-01093,2026-06-03 17:15:36,2026-06-03 20:02:48,167.2,LOAN_SCAM,19113.03,IMPS,BANK_HDFC_SYNTH,STANDARD,ZONE_NORTH,17,2,REGISTERED
CMP-2026-01094,2026-06-09 15:35:26,2026-06-09 16:12:14,36.8,PHISHING_UPI,58427.1,UPI,BANK_PNB_SYNTH,NEW_DIGITAL,ZONE_SOUTH,15,1,REGISTERED
CMP-2026-01095,2026-06-30 19:44:42,2026-06-30 19:56:42,12.0,PHISHING_UPI,43948.1,IMPS,BANK_SBI_SYNTH,STANDARD,ZONE_EAST,19,1,REGISTERED
CMP-2026-01096,2026-03-31 15:11:35,2026-03-31 16:50:47,99.2,LOAN_SCAM,11310.15,IMPS,BANK_PNB_SYNTH,STANDARD,ZONE_CENTRAL,15,1,REGISTERED
CMP-2026-01097,2026-06-27 16:34:38,2026-06-27 17:11:44,37.1,INVESTMENT_FRAUD,175016.96,UPI,BANK_SBI_SYNTH,RURAL_REGIONAL,ZONE_EAST,16,5,REGISTERED
CMP-2026-01098,2026-08-10 15:35:20,2026-08-10 16:03:38,28.3,EXTORTION,30821.08,IMPS,BANK_HDFC_SYNTH,NEW_DIGITAL,ZONE_SOUTH,15,0,REGISTERED
CMP-2026-01099,2026-05-14 07:40:27,2026-05-14 08:26:15,45.8,TASK_FRAUD,60130.38,UPI,BANK_HDFC_SYNTH,STANDARD,ZONE_NORTH,7,3,REGISTERED
CMP-2026-01100,2026-04-28 10:15:36,2026-04-28 12:24:42,129.1,INVESTMENT_FRAUD,164432.85,IMPS,BANK_HDFC_SYNTH,RURAL_REGIONAL,ZONE_CENTRAL,10,1,REGISTERED
CMP-2026-01101,2026-07-16 19:59:47,2026-07-16 21:34:53,95.1,INVESTMENT_FRAUD,150616.26,UPI,BANK_AXIS_SYNTH,NEW_DIGITAL,ZONE_CENTRAL,19,3,REGISTERED
CMP-2026-01102,2026-05-20 18:25:00,2026-05-20 19:04:00,39.0,INVESTMENT_FRAUD,69074.67,NEFT,BANK_SBI_SYNTH,STANDARD,ZONE_NORTH,18,2,REGISTERED
CMP-2026-01103,2026-06-02 12:56:19,2026-06-02 13:08:43,12.4,INVESTMENT_FRAUD,165545.14,IMPS,BANK_HDFC_SYNTH,NEW_DIGITAL,ZONE_NORTH,12,1,REGISTERED
CMP-2026-01104,2026-04-26 17:49:52,2026-04-26 18:29:16,39.4,TASK_FRAUD,50488.75,IMPS,BANK_ICIC_SYNTH,NEW_DIGITAL,ZONE_CENTRAL,17,6,REGISTERED
CMP-2026-01105,2026-07-27 15:58:35,2026-07-27 16:29:35,31.0,TASK_FRAUD,90841.91,NEFT,BANK_SBI_SYNTH,NEW_DIGITAL,ZONE_NORTH,15,0,REGISTERED
CMP-2026-01106,2026-05-22 06:09:08,2026-05-22 07:48:50,99.7,INVESTMENT_FRAUD,63874.48,NEFT,BANK_ICIC_SYNTH,RURAL_REGIONAL,ZONE_NORTH,6,4,REGISTERED
CMP-2026-01107,2026-04-11 19:51:19,2026-04-11 21:01:55,70.6,LOAN_SCAM,12552.12,UPI,BANK_SBI_SYNTH,STANDARD,ZONE_CENTRAL,19,5,REGISTERED
CMP-2026-01108,2026-06-11 12:13:46,2026-06-11 12:58:16,44.5,LOAN_SCAM,6291.27,UPI,BANK_SBI_SYNTH,STANDARD,ZONE_NORTH,12,3,REGISTERED
CMP-2026-01109,2026-07-21 17:11:31,2026-07-21 17:34:07,22.6,TASK_FRAUD,85032.39,UPI,BANK_ICIC_SYNTH,NEW_DIGITAL,ZONE_EAST,17,1,REGISTERED
CMP-2026-01110,2026-07-03 11:36:52,2026-07-03 12:20:22,43.5,TASK_FRAUD,89181.36,NEFT,BANK_SBI_SYNTH,NEW_DIGITAL,ZONE_SOUTH,11,4,REGISTERED
CMP-2026-01111,2026-06-16 10:19:02,2026-06-16 10:51:56,32.9,TASK_FRAUD,31870.83,IMPS,BANK_AXIS_SYNTH,RURAL_REGIONAL,ZONE_CENTRAL,10,1,REGISTERED
CMP-2026-01112,2026-03-15 22:03:58,2026-03-15 23:04:22,60.4,INVESTMENT_FRAUD,101454.35,UPI,BANK_ICIC_SYNTH,NEW_DIGITAL,ZONE_EAST,22,6,REGISTERED
CMP-2026-01113,2026-08-06 16:27:26,2026-08-06 18:03:32,96.1,INVESTMENT_FRAUD,56445.12,UPI,BANK_HDFC_SYNTH,STANDARD,ZONE_NORTH,16,3,REGISTERED
CMP-2026-01114,2026-03-22 23:49:14,2026-03-23 00:05:26,16.2,PHISHING_UPI,40441.79,IMPS,BANK_SBI_SYNTH,NEW_DIGITAL,ZONE_SOUTH,23,6,REGISTERED
CMP-2026-01115,2026-06-22 17:03:19,2026-06-22 17:34:13,30.9,INVESTMENT_FRAUD,105837.81,IMPS,BANK_HDFC_SYNTH,RURAL_REGIONAL,ZONE_NORTH,17,0,REGISTERED
CMP-2026-01116,2026-06-06 11:09:20,2026-06-06 11:40:02,30.7,EXTORTION,44740.26,IMPS,BANK_HDFC_SYNTH,STANDARD,ZONE_NORTH,11,5,REGISTERED
CMP-2026-01117,2026-03-28 11:43:46,2026-03-28 12:27:28,43.7,LOAN_SCAM,15710.21,UPI,BANK_HDFC_SYNTH,RURAL_REGIONAL,ZONE_EAST,11,5,REGISTERED
CMP-2026-01118,2026-08-22 10:48:38,2026-08-22 11:13:20,24.7,LOAN_SCAM,29654.19,IMPS,BANK_SBI_SYNTH,STANDARD,ZONE_EAST,10,5,REGISTERED
CMP-2026-01119,2026-04-22 19:25:09,2026-04-22 20:07:33,42.4,INVESTMENT_FRAUD,113671.21,UPI,BANK_HDFC_SYNTH,NEW_DIGITAL,ZONE_WEST,19,2,REGISTERED
CMP-2026-01120,2026-05-25 12:47:03,2026-05-25 13:20:27,33.4,INVESTMENT_FRAUD,39981.68,UPI,BANK_AXIS_SYNTH,RURAL_REGIONAL,ZONE_EAST,12,0,REGISTERED
CMP-2026-01121,2026-03-16 08:32:27,2026-03-16 08:56:33,24.1,PHISHING_UPI,22025.42,NEFT,BANK_ICIC_SYNTH,NEW_DIGITAL,ZONE_WEST,8,0,REGISTERED
CMP-2026-01122,2026-05-26 12:12:31,2026-05-26 12:59:01,46.5,INVESTMENT_FRAUD,179784.07,UPI,BANK_ICIC_SYNTH,NEW_DIGITAL,ZONE_NORTH,12,1,REGISTERED
CMP-2026-01123,2026-06-10 21:47:33,2026-06-10 22:45:57,58.4,INVESTMENT_FRAUD,63488.47,UPI,BANK_HDFC_SYNTH,RURAL_REGIONAL,ZONE_CENTRAL,21,2,REGISTERED
CMP-2026-01124,2026-04-17 19:27:20,2026-04-17 20:37:38,70.3,LOAN_SCAM,15077.82,NEFT,BANK_PNB_SYNTH,STANDARD,ZONE_NORTH,19,4,REGISTERED
CMP-2026-01125,2026-03-21 17:26:27,2026-03-21 19:10:51,104.4,LOAN_SCAM,5519.06,IMPS,BANK_AXIS_SYNTH,STANDARD,ZONE_SOUTH,17,5,REGISTERED
CMP-2026-01126,2026-04-27 14:38:41,2026-04-27 14:53:29,14.8,PHISHING_UPI,59280.25,UPI,BANK_SBI_SYNTH,STANDARD,ZONE_CENTRAL,14,0,REGISTERED
CMP-2026-01127,2026-03-31 11:22:39,2026-03-31 11:57:21,34.7,INVESTMENT_FRAUD,150498.32,UPI,BANK_HDFC_SYNTH,NEW_DIGITAL,ZONE_CENTRAL,11,1,REGISTERED
CMP-2026-01128,2026-07-23 13:39:09,2026-07-23 14:05:39,26.5,TASK_FRAUD,64830.39,UPI,BANK_ICIC_SYNTH,NEW_DIGITAL,ZONE_CENTRAL,13,3,REGISTERED
CMP-2026-01129,2026-04-05 10:23:09,2026-04-05 10:48:57,25.8,INVESTMENT_FRAUD,182793.66,IMPS,BANK_SBI_SYNTH,NEW_DIGITAL,ZONE_NORTH,10,6,REGISTERED
CMP-2026-01130,2026-03-10 11:39:59,2026-03-10 12:50:05,70.1,INVESTMENT_FRAUD,103436.12,NEFT,BANK_ICIC_SYNTH,RURAL_REGIONAL,ZONE_NORTH,11,1,REGISTERED
CMP-2026-01131,2026-03-03 16:44:51,2026-03-03 17:04:39,19.8,PHISHING_UPI,42743.75,UPI,BANK_SBI_SYNTH,NEW_DIGITAL,ZONE_WEST,16,1,REGISTERED
CMP-2026-01132,2026-05-24 17:21:13,2026-05-24 19:33:19,132.1,INVESTMENT_FRAUD,61833.67,UPI,BANK_SBI_SYNTH,STANDARD,ZONE_NORTH,17,6,REGISTERED
CMP-2026-01133,2026-04-06 12:33:48,2026-04-06 13:07:48,34.0,INVESTMENT_FRAUD,158976.34,UPI,BANK_SBI_SYNTH,NEW_DIGITAL,ZONE_EAST,12,0,REGISTERED
CMP-2026-01134,2026-06-21 10:09:44,2026-06-21 11:52:14,102.5,INVESTMENT_FRAUD,61041.45,UPI,BANK_HDFC_SYNTH,RURAL_REGIONAL,ZONE_WEST,10,6,REGISTERED
CMP-2026-01135,2026-05-07 11:57:42,2026-05-07 12:33:24,35.7,INVESTMENT_FRAUD,87926.13,UPI,BANK_ICIC_SYNTH,NEW_DIGITAL,ZONE_EAST,11,3,REGISTERED
CMP-2026-01136,2026-03-31 17:18:12,2026-03-31 18:42:42,84.5,INVESTMENT_FRAUD,52043.42,IMPS,BANK_HDFC_SYNTH,NEW_DIGITAL,ZONE_SOUTH,17,1,REGISTERED
CMP-2026-01137,2026-03-10 18:41:00,2026-03-10 20:27:36,106.6,LOAN_SCAM,16093.09,IMPS,BANK_SBI_SYNTH,NEW_DIGITAL,ZONE_NORTH,18,1,REGISTERED
CMP-2026-01138,2026-06-28 14:58:42,2026-06-28 17:05:30,126.8,LOAN_SCAM,38594.2,UPI,BANK_PNB_SYNTH,RURAL_REGIONAL,ZONE_CENTRAL,14,6,REGISTERED
CMP-2026-01139,2026-03-04 11:55:56,2026-03-04 13:00:32,64.6,LOAN_SCAM,37045.72,UPI,BANK_ICIC_SYNTH,STANDARD,ZONE_WEST,11,2,REGISTERED
CMP-2026-01140,2026-08-24 16:32:45,2026-08-24 17:45:33,72.8,TASK_FRAUD,44741.51,UPI,BANK_SBI_SYNTH,STANDARD,ZONE_WEST,16,0,REGISTERED
CMP-2026-01141,2026-05-27 16:38:34,2026-05-27 18:18:28,99.9,EXTORTION,32288.76,UPI,BANK_ICIC_SYNTH,NEW_DIGITAL,ZONE_SOUTH,16,2,REGISTERED
CMP-2026-01142,2026-05-30 15:29:35,2026-05-30 15:58:35,29.0,EXTORTION,16397.63,UPI,BANK_SBI_SYNTH,STANDARD,ZONE_NORTH,15,5,REGISTERED
CMP-2026-01143,2026-03-04 15:15:59,2026-03-04 16:36:29,80.5,TASK_FRAUD,52349.98,UPI,BANK_SBI_SYNTH,STANDARD,ZONE_WEST,15,2,REGISTERED
CMP-2026-01144,2026-05-28 13:47:10,2026-05-28 14:28:22,41.2,INVESTMENT_FRAUD,146248.19,UPI,BANK_HDFC_SYNTH,STANDARD,ZONE_NORTH,13,3,REGISTERED
CMP-2026-01145,2026-05-03 18:19:15,2026-05-03 18:38:51,19.6,PHISHING_UPI,41407.23,UPI,BANK_ICIC_SYNTH,NEW_DIGITAL,ZONE_CENTRAL,18,6,REGISTERED
CMP-2026-01146,2026-08-24 12:17:51,2026-08-24 13:06:33,48.7,INVESTMENT_FRAUD,47264.59,UPI,BANK_ICIC_SYNTH,STANDARD,ZONE_NORTH,12,0,REGISTERED
CMP-2026-01147,2026-08-06 21:56:52,2026-08-06 22:21:04,24.2,PHISHING_UPI,22857.34,IMPS,BANK_PNB_SYNTH,NEW_DIGITAL,ZONE_SOUTH,21,3,REGISTERED
CMP-2026-01148,2026-08-17 17:17:14,2026-08-17 17:29:14,12.0,PHISHING_UPI,27377.53,UPI,BANK_AXIS_SYNTH,STANDARD,ZONE_SOUTH,17,0,REGISTERED
CMP-2026-01149,2026-03-16 17:24:33,2026-03-16 18:28:45,64.2,LOAN_SCAM,32064.67,NEFT,BANK_ICIC_SYNTH,RURAL_REGIONAL,ZONE_NORTH,17,0,REGISTERED
CMP-2026-01150,2026-06-19 14:40:43,2026-06-19 14:57:43,17.0,EXTORTION,41558.04,IMPS,BANK_SBI_SYNTH,NEW_DIGITAL,ZONE_CENTRAL,14,4,REGISTERED
CMP-2026-01151,2026-05-16 13:19:58,2026-05-16 13:43:16,23.3,INVESTMENT_FRAUD,198197.29,IMPS,BANK_HDFC_SYNTH,STANDARD,ZONE_EAST,13,5,REGISTERED
CMP-2026-01152,2026-06-06 12:13:41,2026-06-06 13:17:47,64.1,INVESTMENT_FRAUD,167747.88,IMPS,BANK_SBI_SYNTH,STANDARD,ZONE_EAST,12,5,REGISTERED
CMP-2026-01153,2026-08-03 09:19:44,2026-08-03 09:49:08,29.4,PHISHING_UPI,6554.56,UPI,BANK_SBI_SYNTH,NEW_DIGITAL,ZONE_CENTRAL,9,0,REGISTERED
CMP-2026-01154,2026-05-17 12:58:49,2026-05-17 13:44:07,45.3,TASK_FRAUD,61554.38,IMPS,BANK_PNB_SYNTH,STANDARD,ZONE_NORTH,12,6,REGISTERED
CMP-2026-01155,2026-04-27 16:35:34,2026-04-27 17:26:52,51.3,TASK_FRAUD,69122.5,NEFT,BANK_ICIC_SYNTH,STANDARD,ZONE_NORTH,16,0,REGISTERED
CMP-2026-01156,2026-03-22 13:20:53,2026-03-22 13:57:59,37.1,INVESTMENT_FRAUD,198017.14,IMPS,BANK_ICIC_SYNTH,NEW_DIGITAL,ZONE_CENTRAL,13,6,REGISTERED
CMP-2026-01157,2026-07-09 12:48:20,2026-07-09 13:52:56,64.6,EXTORTION,31999.54,UPI,BANK_SBI_SYNTH,STANDARD,ZONE_WEST,12,3,REGISTERED
CMP-2026-01158,2026-05-14 17:26:19,2026-05-14 17:59:25,33.1,INVESTMENT_FRAUD,184508.44,UPI,BANK_SBI_SYNTH,NEW_DIGITAL,ZONE_WEST,17,3,REGISTERED
CMP-2026-01159,2026-03-28 12:12:06,2026-03-28 12:25:24,13.3,PHISHING_UPI,22351.91,IMPS,BANK_SBI_SYNTH,STANDARD,ZONE_CENTRAL,12,5,REGISTERED
CMP-2026-01160,2026-06-19 19:17:38,2026-06-19 19:50:20,32.7,TASK_FRAUD,38607.57,IMPS,BANK_HDFC_SYNTH,RURAL_REGIONAL,ZONE_SOUTH,19,4,REGISTERED
CMP-2026-01161,2026-04-11 06:01:22,2026-04-11 07:04:34,63.2,INVESTMENT_FRAUD,112008.03,UPI,BANK_SBI_SYNTH,NEW_DIGITAL,ZONE_EAST,6,5,REGISTERED
CMP-2026-01162,2026-03-25 16:54:38,2026-03-25 17:39:26,44.8,PHISHING_UPI,58745.33,UPI,BANK_SBI_SYNTH,NEW_DIGITAL,ZONE_EAST,16,2,REGISTERED
CMP-2026-01163,2026-04-03 11:24:31,2026-04-03 12:03:55,39.4,EXTORTION,30428.53,UPI,BANK_ICIC_SYNTH,NEW_DIGITAL,ZONE_CENTRAL,11,4,REGISTERED
CMP-2026-01164,2026-04-04 09:02:26,2026-04-04 09:38:02,35.6,INVESTMENT_FRAUD,149457.83,UPI,BANK_HDFC_SYNTH,RURAL_REGIONAL,ZONE_EAST,9,5,REGISTERED
CMP-2026-01165,2026-08-14 11:26:14,2026-08-14 12:08:32,42.3,INVESTMENT_FRAUD,165564.13,IMPS,BANK_HDFC_SYNTH,NEW_DIGITAL,ZONE_CENTRAL,11,4,REGISTERED
CMP-2026-01166,2026-07-15 20:04:11,2026-07-15 20:51:17,47.1,TASK_FRAUD,79264.75,IMPS,BANK_ICIC_SYNTH,NEW_DIGITAL,ZONE_SOUTH,20,2,REGISTERED
CMP-2026-01167,2026-08-25 11:55:39,2026-08-25 12:13:33,17.9,PHISHING_UPI,59215.96,UPI,BANK_HDFC_SYNTH,STANDARD,ZONE_SOUTH,11,1,REGISTERED
CMP-2026-01168,2026-08-07 14:27:25,2026-08-07 15:46:07,78.7,LOAN_SCAM,29568.37,UPI,BANK_HDFC_SYNTH,RURAL_REGIONAL,ZONE_WEST,14,4,REGISTERED
CMP-2026-01169,2026-07-08 19:25:39,2026-07-08 19:47:03,21.4,PHISHING_UPI,55072.61,UPI,BANK_HDFC_SYNTH,RURAL_REGIONAL,ZONE_EAST,19,2,REGISTERED
CMP-2026-01170,2026-06-11 15:34:33,2026-06-11 16:15:45,41.2,EXTORTION,25002.18,UPI,BANK_SBI_SYNTH,NEW_DIGITAL,ZONE_NORTH,15,3,REGISTERED
CMP-2026-01171,2026-06-02 09:28:29,2026-06-02 10:07:47,39.3,EXTORTION,41348.12,UPI,BANK_PNB_SYNTH,NEW_DIGITAL,ZONE_CENTRAL,9,1,REGISTERED
CMP-2026-01172,2026-03-08 14:15:33,2026-03-08 15:10:45,55.2,INVESTMENT_FRAUD,66077.23,UPI,BANK_ICIC_SYNTH,NEW_DIGITAL,ZONE_CENTRAL,14,6,REGISTERED
CMP-2026-01173,2026-06-09 16:33:48,2026-06-09 17:31:36,57.8,INVESTMENT_FRAUD,43544.27,NEFT,BANK_PNB_SYNTH,NEW_DIGITAL,ZONE_CENTRAL,16,1,REGISTERED
CMP-2026-01174,2026-04-04 17:28:25,2026-04-04 18:34:31,66.1,INVESTMENT_FRAUD,111531.91,IMPS,BANK_SBI_SYNTH,STANDARD,ZONE_CENTRAL,17,5,REGISTERED
CMP-2026-01175,2026-07-18 10:18:29,2026-07-18 10:56:23,37.9,EXTORTION,24217.98,UPI,BANK_PNB_SYNTH,NEW_DIGITAL,ZONE_WEST,10,5,REGISTERED
CMP-2026-01176,2026-06-19 16:03:44,2026-06-19 17:11:32,67.8,LOAN_SCAM,35397.65,NEFT,BANK_ICIC_SYNTH,STANDARD,ZONE_NORTH,16,4,REGISTERED
CMP-2026-01177,2026-06-25 08:05:46,2026-06-25 08:23:52,18.1,PHISHING_UPI,29823.48,NEFT,BANK_SBI_SYNTH,STANDARD,ZONE_SOUTH,8,3,REGISTERED
CMP-2026-01178,2026-08-16 16:44:34,2026-08-16 18:23:22,98.8,TASK_FRAUD,66838.76,IMPS,BANK_SBI_SYNTH,NEW_DIGITAL,ZONE_WEST,16,6,REGISTERED
CMP-2026-01179,2026-04-28 08:01:11,2026-04-28 08:50:53,49.7,INVESTMENT_FRAUD,130133.05,IMPS,BANK_SBI_SYNTH,NEW_DIGITAL,ZONE_SOUTH,8,1,REGISTERED
CMP-2026-01180,2026-08-06 10:05:16,2026-08-06 10:47:22,42.1,EXTORTION,24666.69,NEFT,BANK_HDFC_SYNTH,NEW_DIGITAL,ZONE_WEST,10,3,REGISTERED
CMP-2026-01181,2026-07-08 18:07:05,2026-07-08 21:38:17,211.2,EXTORTION,36072.0,UPI,BANK_SBI_SYNTH,NEW_DIGITAL,ZONE_CENTRAL,18,2,REGISTERED
CMP-2026-01182,2026-06-23 17:05:33,2026-06-23 17:32:03,26.5,TASK_FRAUD,34519.81,UPI,BANK_PNB_SYNTH,STANDARD,ZONE_WEST,17,1,REGISTERED
CMP-2026-01183,2026-05-08 15:24:02,2026-05-08 15:44:08,20.1,PHISHING_UPI,21961.7,NEFT,BANK_ICIC_SYNTH,NEW_DIGITAL,ZONE_WEST,15,4,REGISTERED
CMP-2026-01184,2026-06-27 18:09:10,2026-06-27 18:33:28,24.3,INVESTMENT_FRAUD,155436.08,NEFT,BANK_AXIS_SYNTH,RURAL_REGIONAL,ZONE_SOUTH,18,5,REGISTERED
CMP-2026-01185,2026-04-02 11:45:03,2026-04-02 12:42:03,57.0,INVESTMENT_FRAUD,57554.69,IMPS,BANK_ICIC_SYNTH,STANDARD,ZONE_SOUTH,11,3,REGISTERED
CMP-2026-01186,2026-07-10 04:28:18,2026-07-10 05:24:00,55.7,TASK_FRAUD,24594.82,UPI,BANK_ICIC_SYNTH,NEW_DIGITAL,ZONE_NORTH,4,4,REGISTERED
CMP-2026-01187,2026-08-09 14:12:00,2026-08-09 16:32:18,140.3,INVESTMENT_FRAUD,99916.86,UPI,BANK_SBI_SYNTH,STANDARD,ZONE_SOUTH,14,6,REGISTERED
CMP-2026-01188,2026-03-03 18:31:54,2026-03-03 19:08:42,36.8,TASK_FRAUD,70130.01,IMPS,BANK_HDFC_SYNTH,STANDARD,ZONE_EAST,18,1,REGISTERED
CMP-2026-01189,2026-06-18 21:31:15,2026-06-19 00:11:15,160.0,LOAN_SCAM,28289.17,NEFT,BANK_SBI_SYNTH,RURAL_REGIONAL,ZONE_SOUTH,21,3,REGISTERED
CMP-2026-01190,2026-05-21 16:28:05,2026-05-21 17:00:53,32.8,TASK_FRAUD,68325.77,UPI,BANK_PNB_SYNTH,STANDARD,ZONE_WEST,16,3,REGISTERED
CMP-2026-01191,2026-04-14 09:35:17,2026-04-14 11:56:35,141.3,LOAN_SCAM,16657.57,IMPS,BANK_HDFC_SYNTH,NEW_DIGITAL,ZONE_WEST,9,1,REGISTERED
CMP-2026-01192,2026-03-09 17:09:03,2026-03-09 17:51:03,42.0,INVESTMENT_FRAUD,77362.36,UPI,BANK_ICIC_SYNTH,STANDARD,ZONE_EAST,17,0,REGISTERED
CMP-2026-01193,2026-03-27 03:02:42,2026-03-27 03:53:42,51.0,INVESTMENT_FRAUD,198632.85,UPI,BANK_ICIC_SYNTH,STANDARD,ZONE_WEST,3,4,REGISTERED
CMP-2026-01194,2026-04-29 18:05:03,2026-04-29 18:38:45,33.7,LOAN_SCAM,18500.63,IMPS,BANK_ICIC_SYNTH,NEW_DIGITAL,ZONE_CENTRAL,18,2,REGISTERED
CMP-2026-01195,2026-03-30 14:18:39,2026-03-30 14:54:33,35.9,TASK_FRAUD,32941.87,UPI,BANK_SBI_SYNTH,STANDARD,ZONE_NORTH,14,0,REGISTERED
CMP-2026-01196,2026-08-21 11:47:37,2026-08-21 12:14:31,26.9,INVESTMENT_FRAUD,161235.47,NEFT,BANK_ICIC_SYNTH,RURAL_REGIONAL,ZONE_NORTH,11,4,REGISTERED
CMP-2026-01197,2026-04-23 11:23:57,2026-04-23 11:54:03,30.1,TASK_FRAUD,42013.92,UPI,BANK_ICIC_SYNTH,STANDARD,ZONE_CENTRAL,11,3,REGISTERED
CMP-2026-01198,2026-07-15 20:53:35,2026-07-15 21:20:35,27.0,TASK_FRAUD,68291.56,NEFT,BANK_PNB_SYNTH,RURAL_REGIONAL,ZONE_SOUTH,20,2,REGISTERED
CMP-2026-01199,2026-07-04 12:17:21,2026-07-04 12:48:21,31.0,PHISHING_UPI,59249.96,UPI,BANK_PNB_SYNTH,STANDARD,ZONE_CENTRAL,12,5,REGISTERED
CMP-2026-01200,2026-06-19 12:06:36,2026-06-19 14:05:12,118.6,INVESTMENT_FRAUD,41597.71,UPI,BANK_HDFC_SYNTH,NEW_DIGITAL,ZONE_SOUTH,12,4,REGISTERED
CMP-2026-01201,2026-05-27 16:44:38,2026-05-27 17:56:02,71.4,INVESTMENT_FRAUD,154115.08,IMPS,BANK_HDFC_SYNTH,STANDARD,ZONE_NORTH,16,2,REGISTERED
CMP-2026-01202,2026-08-25 10:18:27,2026-08-25 10:33:39,15.2,INVESTMENT_FRAUD,75375.8,NEFT,BANK_HDFC_SYNTH,NEW_DIGITAL,ZONE_WEST,10,1,REGISTERED
CMP-2026-01203,2026-06-12 21:39:22,2026-06-12 22:29:28,50.1,INVESTMENT_FRAUD,134543.1,IMPS,BANK_ICIC_SYNTH,NEW_DIGITAL,ZONE_EAST,21,4,REGISTERED
CMP-2026-01204,2026-06-19 14:31:33,2026-06-19 14:52:51,21.3,INVESTMENT_FRAUD,134486.36,IMPS,BANK_HDFC_SYNTH,RURAL_REGIONAL,ZONE_NORTH,14,4,REGISTERED
CMP-2026-01205,2026-04-02 11:39:14,2026-04-02 11:53:26,14.2,PHISHING_UPI,18520.49,IMPS,BANK_ICIC_SYNTH,NEW_DIGITAL,ZONE_WEST,11,3,REGISTERED
CMP-2026-01206,2026-03-01 21:01:29,2026-03-01 22:07:29,66.0,INVESTMENT_FRAUD,153220.83,UPI,BANK_AXIS_SYNTH,STANDARD,ZONE_CENTRAL,21,6,REGISTERED
CMP-2026-01207,2026-07-11 16:13:51,2026-07-11 16:32:09,18.3,EXTORTION,47436.22,UPI,BANK_HDFC_SYNTH,NEW_DIGITAL,ZONE_CENTRAL,16,5,REGISTERED
CMP-2026-01208,2026-05-14 17:21:22,2026-05-14 17:46:40,25.3,TASK_FRAUD,46261.78,UPI,BANK_SBI_SYNTH,STANDARD,ZONE_WEST,17,3,REGISTERED
CMP-2026-01209,2026-03-03 19:12:44,2026-03-03 21:19:38,126.9,INVESTMENT_FRAUD,127444.56,UPI,BANK_PNB_SYNTH,RURAL_REGIONAL,ZONE_CENTRAL,19,1,REGISTERED
CMP-2026-01210,2026-04-25 11:32:35,2026-04-25 11:55:35,23.0,INVESTMENT_FRAUD,99570.53,IMPS,BANK_ICIC_SYNTH,RURAL_REGIONAL,ZONE_NORTH,11,5,REGISTERED
CMP-2026-01211,2026-04-29 08:25:46,2026-04-29 10:08:52,103.1,LOAN_SCAM,31183.13,IMPS,BANK_HDFC_SYNTH,NEW_DIGITAL,ZONE_NORTH,8,2,REGISTERED
CMP-2026-01212,2026-07-28 13:12:21,2026-07-28 13:42:51,30.5,INVESTMENT_FRAUD,53266.44,IMPS,BANK_PNB_SYNTH,STANDARD,ZONE_WEST,13,1,REGISTERED
CMP-2026-01213,2026-08-14 19:30:58,2026-08-14 20:12:40,41.7,TASK_FRAUD,89966.12,UPI,BANK_SBI_SYNTH,NEW_DIGITAL,ZONE_SOUTH,19,4,REGISTERED
CMP-2026-01214,2026-06-25 21:30:09,2026-06-25 22:41:09,71.0,INVESTMENT_FRAUD,195823.84,UPI,BANK_SBI_SYNTH,NEW_DIGITAL,ZONE_SOUTH,21,3,REGISTERED
CMP-2026-01215,2026-05-23 12:52:26,2026-05-23 13:04:26,12.0,TASK_FRAUD,34261.98,NEFT,BANK_ICIC_SYNTH,NEW_DIGITAL,ZONE_NORTH,12,5,REGISTERED
CMP-2026-01216,2026-03-11 16:33:19,2026-03-11 16:59:25,26.1,INVESTMENT_FRAUD,38022.69,UPI,BANK_ICIC_SYNTH,STANDARD,ZONE_SOUTH,16,2,REGISTERED
CMP-2026-01217,2026-06-08 10:01:13,2026-06-08 10:29:25,28.2,INVESTMENT_FRAUD,165609.69,NEFT,BANK_HDFC_SYNTH,RURAL_REGIONAL,ZONE_CENTRAL,10,0,REGISTERED
CMP-2026-01218,2026-08-07 13:22:04,2026-08-07 13:37:22,15.3,TASK_FRAUD,79537.73,IMPS,BANK_SBI_SYNTH,STANDARD,ZONE_WEST,13,4,REGISTERED
CMP-2026-01219,2026-04-20 14:01:21,2026-04-20 14:13:21,12.0,PHISHING_UPI,20804.45,IMPS,BANK_SBI_SYNTH,NEW_DIGITAL,ZONE_WEST,14,0,REGISTERED
CMP-2026-01220,2026-06-21 14:53:10,2026-06-21 15:41:16,48.1,INVESTMENT_FRAUD,103328.0,IMPS,BANK_SBI_SYNTH,NEW_DIGITAL,ZONE_EAST,14,6,REGISTERED
CMP-2026-01221,2026-04-03 11:07:55,2026-04-03 11:24:07,16.2,INVESTMENT_FRAUD,96957.04,UPI,BANK_HDFC_SYNTH,NEW_DIGITAL,ZONE_WEST,11,4,REGISTERED
CMP-2026-01222,2026-07-05 14:20:45,2026-07-05 15:30:57,70.2,INVESTMENT_FRAUD,79669.26,NEFT,BANK_HDFC_SYNTH,NEW_DIGITAL,ZONE_SOUTH,14,6,REGISTERED
CMP-2026-01223,2026-08-05 14:23:28,2026-08-05 14:46:52,23.4,EXTORTION,13356.1,UPI,BANK_SBI_SYNTH,NEW_DIGITAL,ZONE_EAST,14,2,REGISTERED
CMP-2026-01224,2026-04-24 11:33:19,2026-04-24 12:11:31,38.2,TASK_FRAUD,65250.58,UPI,BANK_SBI_SYNTH,STANDARD,ZONE_NORTH,11,4,REGISTERED
CMP-2026-01225,2026-07-20 17:49:12,2026-07-20 18:01:12,12.0,PHISHING_UPI,23705.99,UPI,BANK_HDFC_SYNTH,STANDARD,ZONE_SOUTH,17,0,REGISTERED
CMP-2026-01226,2026-05-19 13:01:51,2026-05-19 14:17:39,75.8,INVESTMENT_FRAUD,193127.52,UPI,BANK_ICIC_SYNTH,STANDARD,ZONE_NORTH,13,1,REGISTERED
CMP-2026-01227,2026-04-04 17:59:30,2026-04-04 18:22:06,22.6,PHISHING_UPI,31870.86,UPI,BANK_SBI_SYNTH,NEW_DIGITAL,ZONE_NORTH,17,5,REGISTERED
CMP-2026-01228,2026-03-26 14:55:06,2026-03-26 15:45:36,50.5,INVESTMENT_FRAUD,116476.82,NEFT,BANK_PNB_SYNTH,NEW_DIGITAL,ZONE_WEST,14,3,REGISTERED
CMP-2026-01229,2026-08-16 16:43:08,2026-08-16 17:20:14,37.1,INVESTMENT_FRAUD,184920.77,UPI,BANK_PNB_SYNTH,STANDARD,ZONE_NORTH,16,6,REGISTERED
CMP-2026-01230,2026-05-22 19:45:55,2026-05-22 21:20:37,94.7,LOAN_SCAM,39865.14,UPI,BANK_PNB_SYNTH,NEW_DIGITAL,ZONE_EAST,19,4,REGISTERED
CMP-2026-01231,2026-04-25 19:02:43,2026-04-25 19:42:25,39.7,PHISHING_UPI,55496.12,UPI,BANK_ICIC_SYNTH,NEW_DIGITAL,ZONE_EAST,19,5,REGISTERED
CMP-2026-01232,2026-08-04 13:21:29,2026-08-04 13:34:59,13.5,PHISHING_UPI,53481.11,IMPS,BANK_HDFC_SYNTH,NEW_DIGITAL,ZONE_EAST,13,1,REGISTERED
CMP-2026-01233,2026-03-19 17:49:42,2026-03-19 19:55:36,125.9,INVESTMENT_FRAUD,63030.67,UPI,BANK_SBI_SYNTH,STANDARD,ZONE_CENTRAL,17,3,REGISTERED
CMP-2026-01234,2026-06-12 14:19:40,2026-06-12 14:39:58,20.3,EXTORTION,37820.18,IMPS,BANK_SBI_SYNTH,STANDARD,ZONE_WEST,14,4,REGISTERED
CMP-2026-01235,2026-04-27 06:12:18,2026-04-27 06:47:00,34.7,INVESTMENT_FRAUD,54790.13,IMPS,BANK_HDFC_SYNTH,STANDARD,ZONE_WEST,6,0,REGISTERED
CMP-2026-01236,2026-07-18 09:42:07,2026-07-18 10:27:31,45.4,TASK_FRAUD,94097.13,IMPS,BANK_SBI_SYNTH,RURAL_REGIONAL,ZONE_CENTRAL,9,5,REGISTERED
CMP-2026-01237,2026-04-19 14:00:39,2026-04-19 16:05:09,124.5,LOAN_SCAM,11010.59,UPI,BANK_HDFC_SYNTH,RURAL_REGIONAL,ZONE_EAST,14,6,REGISTERED
CMP-2026-01238,2026-04-07 14:22:35,2026-04-07 14:45:41,23.1,PHISHING_UPI,38874.76,IMPS,BANK_PNB_SYNTH,NEW_DIGITAL,ZONE_NORTH,14,1,REGISTERED
CMP-2026-01239,2026-07-23 20:36:15,2026-07-23 21:47:51,71.6,LOAN_SCAM,30731.44,UPI,BANK_PNB_SYNTH,NEW_DIGITAL,ZONE_EAST,20,3,REGISTERED
CMP-2026-01240,2026-06-19 04:21:34,2026-06-19 06:30:04,128.5,LOAN_SCAM,25374.25,NEFT,BANK_AXIS_SYNTH,STANDARD,ZONE_NORTH,4,4,REGISTERED
CMP-2026-01241,2026-03-06 13:57:43,2026-03-06 14:11:01,13.3,EXTORTION,14502.18,IMPS,BANK_SBI_SYNTH,NEW_DIGITAL,ZONE_CENTRAL,13,4,REGISTERED
CMP-2026-01242,2026-03-10 21:27:25,2026-03-10 21:49:25,22.0,TASK_FRAUD,63779.68,UPI,BANK_AXIS_SYNTH,NEW_DIGITAL,ZONE_WEST,21,1,REGISTERED
CMP-2026-01243,2026-06-19 13:19:21,2026-06-19 13:51:45,32.4,INVESTMENT_FRAUD,143689.52,UPI,BANK_AXIS_SYNTH,STANDARD,ZONE_SOUTH,13,4,REGISTERED
CMP-2026-01244,2026-08-23 12:48:48,2026-08-23 13:41:42,52.9,EXTORTION,21528.7,UPI,BANK_AXIS_SYNTH,NEW_DIGITAL,ZONE_NORTH,12,6,REGISTERED
CMP-2026-01245,2026-03-17 11:51:58,2026-03-17 12:27:28,35.5,TASK_FRAUD,41499.76,UPI,BANK_PNB_SYNTH,RURAL_REGIONAL,ZONE_NORTH,11,1,REGISTERED
CMP-2026-01246,2026-05-22 19:43:41,2026-05-22 21:10:53,87.2,LOAN_SCAM,14552.26,UPI,BANK_HDFC_SYNTH,STANDARD,ZONE_WEST,19,4,REGISTERED
CMP-2026-01247,2026-05-24 14:14:09,2026-05-24 14:31:39,17.5,PHISHING_UPI,27072.9,UPI,BANK_HDFC_SYNTH,NEW_DIGITAL,ZONE_EAST,14,6,REGISTERED
CMP-2026-01248,2026-06-20 16:58:23,2026-06-20 17:10:47,12.4,PHISHING_UPI,16799.71,NEFT,BANK_SBI_SYNTH,NEW_DIGITAL,ZONE_NORTH,16,5,REGISTERED
CMP-2026-01249,2026-08-06 18:29:31,2026-08-06 19:36:07,66.6,TASK_FRAUD,92723.28,NEFT,BANK_SBI_SYNTH,NEW_DIGITAL,ZONE_WEST,18,3,REGISTERED
CMP-2026-01250,2026-05-26 11:54:10,2026-05-26 12:20:46,26.6,PHISHING_UPI,36179.46,UPI,BANK_ICIC_SYNTH,STANDARD,ZONE_NORTH,11,1,REGISTERED
CMP-2026-01251,2026-06-17 10:08:32,2026-06-17 10:30:26,21.9,EXTORTION,25769.85,NEFT,BANK_PNB_SYNTH,NEW_DIGITAL,ZONE_NORTH,10,2,REGISTERED
CMP-2026-01252,2026-06-25 13:50:19,2026-06-25 14:21:49,31.5,INVESTMENT_FRAUD,154912.19,NEFT,BANK_ICIC_SYNTH,STANDARD,ZONE_CENTRAL,13,3,REGISTERED
CMP-2026-01253,2026-04-12 14:15:35,2026-04-12 14:28:05,12.5,PHISHING_UPI,19521.49,IMPS,BANK_ICIC_SYNTH,NEW_DIGITAL,ZONE_SOUTH,14,6,REGISTERED
CMP-2026-01254,2026-05-01 14:52:44,2026-05-01 15:35:44,43.0,TASK_FRAUD,35087.91,IMPS,BANK_ICIC_SYNTH,STANDARD,ZONE_SOUTH,14,4,REGISTERED
CMP-2026-01255,2026-05-01 11:44:15,2026-05-01 11:56:15,12.0,PHISHING_UPI,35440.38,NEFT,BANK_SBI_SYNTH,NEW_DIGITAL,ZONE_CENTRAL,11,4,REGISTERED
CMP-2026-01256,2026-07-07 08:53:31,2026-07-07 09:08:31,15.0,EXTORTION,19425.69,NEFT,BANK_AXIS_SYNTH,RURAL_REGIONAL,ZONE_SOUTH,8,1,REGISTERED
CMP-2026-01257,2026-03-18 17:28:11,2026-03-18 17:51:53,23.7,TASK_FRAUD,66542.84,UPI,BANK_SBI_SYNTH,STANDARD,ZONE_SOUTH,17,2,REGISTERED
CMP-2026-01258,2026-03-13 15:06:43,2026-03-13 15:18:43,12.0,EXTORTION,37005.75,UPI,BANK_SBI_SYNTH,RURAL_REGIONAL,ZONE_NORTH,15,4,REGISTERED
CMP-2026-01259,2026-04-28 13:41:42,2026-04-28 14:37:06,55.4,TASK_FRAUD,98553.42,IMPS,BANK_PNB_SYNTH,NEW_DIGITAL,ZONE_SOUTH,13,1,REGISTERED
CMP-2026-01260,2026-07-26 16:56:37,2026-07-26 17:38:49,42.2,TASK_FRAUD,88003.19,IMPS,BANK_SBI_SYNTH,STANDARD,ZONE_SOUTH,16,6,REGISTERED
CMP-2026-01261,2026-06-23 15:00:48,2026-06-23 15:17:18,16.5,INVESTMENT_FRAUD,149449.75,NEFT,BANK_AXIS_SYNTH,NEW_DIGITAL,ZONE_SOUTH,15,1,REGISTERED
CMP-2026-01262,2026-04-22 11:39:36,2026-04-22 12:33:24,53.8,INVESTMENT_FRAUD,118761.93,UPI,BANK_AXIS_SYNTH,NEW_DIGITAL,ZONE_NORTH,11,2,REGISTERED
CMP-2026-01263,2026-07-01 13:20:19,2026-07-01 14:05:19,45.0,TASK_FRAUD,22925.58,UPI,BANK_ICIC_SYNTH,NEW_DIGITAL,ZONE_NORTH,13,2,REGISTERED
CMP-2026-01264,2026-08-16 12:45:58,2026-08-16 13:11:10,25.2,INVESTMENT_FRAUD,134215.88,IMPS,BANK_SBI_SYNTH,STANDARD,ZONE_EAST,12,6,REGISTERED
CMP-2026-01265,2026-06-13 08:39:32,2026-06-13 09:07:14,27.7,TASK_FRAUD,83213.27,IMPS,BANK_ICIC_SYNTH,NEW_DIGITAL,ZONE_SOUTH,8,5,REGISTERED
CMP-2026-01266,2026-03-12 17:57:35,2026-03-12 19:23:29,85.9,INVESTMENT_FRAUD,142637.13,NEFT,BANK_HDFC_SYNTH,RURAL_REGIONAL,ZONE_NORTH,17,3,REGISTERED
CMP-2026-01267,2026-03-01 15:35:52,2026-03-01 16:01:52,26.0,INVESTMENT_FRAUD,123510.88,IMPS,BANK_ICIC_SYNTH,STANDARD,ZONE_EAST,15,6,REGISTERED
CMP-2026-01268,2026-03-20 14:18:55,2026-03-20 14:39:19,20.4,INVESTMENT_FRAUD,58261.59,IMPS,BANK_ICIC_SYNTH,NEW_DIGITAL,ZONE_CENTRAL,14,4,REGISTERED
CMP-2026-01269,2026-05-10 14:20:45,2026-05-10 14:50:33,29.8,TASK_FRAUD,91007.12,IMPS,BANK_ICIC_SYNTH,NEW_DIGITAL,ZONE_CENTRAL,14,6,REGISTERED
CMP-2026-01270,2026-04-08 08:11:30,2026-04-08 08:36:24,24.9,PHISHING_UPI,50774.4,UPI,BANK_ICIC_SYNTH,STANDARD,ZONE_NORTH,8,2,REGISTERED
CMP-2026-01271,2026-05-04 12:26:09,2026-05-04 13:01:03,34.9,EXTORTION,22400.65,UPI,BANK_HDFC_SYNTH,RURAL_REGIONAL,ZONE_CENTRAL,12,0,REGISTERED
CMP-2026-01272,2026-03-13 12:01:09,2026-03-13 12:13:09,12.0,PHISHING_UPI,29588.39,NEFT,BANK_PNB_SYNTH,NEW_DIGITAL,ZONE_CENTRAL,12,4,REGISTERED
CMP-2026-01273,2026-08-23 12:08:05,2026-08-23 12:41:23,33.3,PHISHING_UPI,17640.68,UPI,BANK_HDFC_SYNTH,RURAL_REGIONAL,ZONE_EAST,12,6,REGISTERED
CMP-2026-01274,2026-08-02 16:57:50,2026-08-02 17:38:08,40.3,TASK_FRAUD,88218.4,UPI,BANK_SBI_SYNTH,STANDARD,ZONE_NORTH,16,6,REGISTERED
CMP-2026-01275,2026-06-21 17:29:32,2026-06-21 18:51:26,81.9,INVESTMENT_FRAUD,61518.07,IMPS,BANK_HDFC_SYNTH,NEW_DIGITAL,ZONE_SOUTH,17,6,REGISTERED
CMP-2026-01276,2026-05-09 09:14:11,2026-05-09 09:26:11,12.0,PHISHING_UPI,56591.55,IMPS,BANK_HDFC_SYNTH,STANDARD,ZONE_CENTRAL,9,5,REGISTERED
CMP-2026-01277,2026-07-31 05:15:45,2026-07-31 06:04:21,48.6,INVESTMENT_FRAUD,91904.17,IMPS,BANK_PNB_SYNTH,NEW_DIGITAL,ZONE_CENTRAL,5,4,REGISTERED
CMP-2026-01278,2026-08-14 10:36:23,2026-08-14 11:42:35,66.2,INVESTMENT_FRAUD,154837.27,UPI,BANK_ICIC_SYNTH,NEW_DIGITAL,ZONE_WEST,10,4,REGISTERED
CMP-2026-01279,2026-06-11 12:45:23,2026-06-11 12:57:23,12.0,PHISHING_UPI,52836.76,IMPS,BANK_SBI_SYNTH,STANDARD,ZONE_CENTRAL,12,3,REGISTERED
CMP-2026-01280,2026-03-15 12:46:46,2026-03-15 13:03:34,16.8,INVESTMENT_FRAUD,99024.56,UPI,BANK_SBI_SYNTH,STANDARD,ZONE_WEST,12,6,REGISTERED
CMP-2026-01281,2026-05-23 15:05:33,2026-05-23 15:32:09,26.6,PHISHING_UPI,17491.95,NEFT,BANK_HDFC_SYNTH,STANDARD,ZONE_NORTH,15,5,REGISTERED
CMP-2026-01282,2026-03-16 20:30:40,2026-03-16 21:04:04,33.4,INVESTMENT_FRAUD,76859.56,UPI,BANK_ICIC_SYNTH,NEW_DIGITAL,ZONE_SOUTH,20,0,REGISTERED
CMP-2026-01283,2026-07-02 19:34:51,2026-07-02 20:24:33,49.7,PHISHING_UPI,51389.22,UPI,BANK_HDFC_SYNTH,NEW_DIGITAL,ZONE_WEST,19,3,REGISTERED
CMP-2026-01284,2026-08-10 08:34:49,2026-08-10 08:57:07,22.3,TASK_FRAUD,35224.25,NEFT,BANK_HDFC_SYNTH,NEW_DIGITAL,ZONE_SOUTH,8,0,REGISTERED
CMP-2026-01285,2026-05-24 15:46:21,2026-05-24 16:09:03,22.7,PHISHING_UPI,18052.28,UPI,BANK_PNB_SYNTH,NEW_DIGITAL,ZONE_CENTRAL,15,6,REGISTERED
CMP-2026-01286,2026-04-22 21:02:44,2026-04-22 23:37:38,154.9,LOAN_SCAM,8306.0,UPI,BANK_ICIC_SYNTH,NEW_DIGITAL,ZONE_CENTRAL,21,2,REGISTERED
CMP-2026-01287,2026-07-13 16:46:50,2026-07-13 17:20:44,33.9,TASK_FRAUD,67412.69,UPI,BANK_AXIS_SYNTH,STANDARD,ZONE_WEST,16,0,REGISTERED
CMP-2026-01288,2026-06-22 15:37:10,2026-06-22 16:02:04,24.9,PHISHING_UPI,11723.91,NEFT,BANK_SBI_SYNTH,NEW_DIGITAL,ZONE_WEST,15,0,REGISTERED
CMP-2026-01289,2026-06-21 19:18:31,2026-06-21 19:47:55,29.4,TASK_FRAUD,41015.81,UPI,BANK_SBI_SYNTH,NEW_DIGITAL,ZONE_SOUTH,19,6,REGISTERED
CMP-2026-01290,2026-08-01 21:17:16,2026-08-01 23:32:04,134.8,EXTORTION,14062.89,UPI,BANK_HDFC_SYNTH,STANDARD,ZONE_CENTRAL,21,5,REGISTERED
CMP-2026-01291,2026-04-19 10:16:00,2026-04-19 10:28:00,12.0,PHISHING_UPI,6848.53,UPI,BANK_HDFC_SYNTH,STANDARD,ZONE_WEST,10,6,REGISTERED
CMP-2026-01292,2026-07-12 13:42:28,2026-07-12 14:09:16,26.8,LOAN_SCAM,34765.85,UPI,BANK_SBI_SYNTH,RURAL_REGIONAL,ZONE_SOUTH,13,6,REGISTERED
CMP-2026-01293,2026-07-05 22:31:11,2026-07-05 22:53:29,22.3,INVESTMENT_FRAUD,199203.35,UPI,BANK_ICIC_SYNTH,RURAL_REGIONAL,ZONE_NORTH,22,6,REGISTERED
CMP-2026-01294,2026-05-01 19:05:09,2026-05-01 20:19:03,73.9,TASK_FRAUD,24593.88,IMPS,BANK_HDFC_SYNTH,NEW_DIGITAL,ZONE_CENTRAL,19,4,REGISTERED
CMP-2026-01295,2026-07-29 16:48:26,2026-07-29 17:01:44,13.3,PHISHING_UPI,18576.69,UPI,BANK_PNB_SYNTH,NEW_DIGITAL,ZONE_SOUTH,16,2,REGISTERED
CMP-2026-01296,2026-06-27 12:46:40,2026-06-27 13:25:10,38.5,TASK_FRAUD,21422.81,UPI,BANK_HDFC_SYNTH,NEW_DIGITAL,ZONE_EAST,12,5,REGISTERED
CMP-2026-01297,2026-03-10 09:16:48,2026-03-10 09:51:36,34.8,TASK_FRAUD,23235.11,NEFT,BANK_AXIS_SYNTH,NEW_DIGITAL,ZONE_SOUTH,9,1,REGISTERED
CMP-2026-01298,2026-05-11 10:19:30,2026-05-11 11:36:18,76.8,INVESTMENT_FRAUD,146213.79,UPI,BANK_HDFC_SYNTH,NEW_DIGITAL,ZONE_EAST,10,0,REGISTERED
CMP-2026-01299,2026-05-08 18:45:24,2026-05-08 19:13:36,28.2,PHISHING_UPI,33585.84,IMPS,BANK_HDFC_SYNTH,NEW_DIGITAL,ZONE_NORTH,18,4,REGISTERED
CMP-2026-01300,2026-06-04 22:27:00,2026-06-04 23:08:12,41.2,TASK_FRAUD,45528.0,NEFT,BANK_SBI_SYNTH,NEW_DIGITAL,ZONE_EAST,22,3,REGISTERED
CMP-2026-01301,2026-04-26 14:33:43,2026-04-26 15:02:49,29.1,TASK_FRAUD,42792.69,NEFT,BANK_PNB_SYNTH,NEW_DIGITAL,ZONE_CENTRAL,14,6,REGISTERED
CMP-2026-01302,2026-03-18 12:34:40,2026-03-18 16:05:04,210.4,LOAN_SCAM,24548.07,UPI,BANK_PNB_SYNTH,NEW_DIGITAL,ZONE_NORTH,12,2,REGISTERED
CMP-2026-01303,2026-06-18 06:41:54,2026-06-18 07:20:48,38.9,TASK_FRAUD,51172.47,UPI,BANK_HDFC_SYNTH,NEW_DIGITAL,ZONE_CENTRAL,6,3,REGISTERED
CMP-2026-01304,2026-04-18 23:06:16,2026-04-19 00:00:52,54.6,TASK_FRAUD,84734.5,UPI,BANK_HDFC_SYNTH,STANDARD,ZONE_SOUTH,23,5,REGISTERED
CMP-2026-01305,2026-05-22 10:43:47,2026-05-22 11:03:17,19.5,PHISHING_UPI,18580.41,NEFT,BANK_ICIC_SYNTH,NEW_DIGITAL,ZONE_EAST,10,4,REGISTERED
CMP-2026-01306,2026-06-30 11:11:20,2026-06-30 11:33:26,22.1,TASK_FRAUD,37078.77,NEFT,BANK_PNB_SYNTH,NEW_DIGITAL,ZONE_CENTRAL,11,1,REGISTERED
CMP-2026-01307,2026-03-03 12:06:33,2026-03-03 12:31:09,24.6,TASK_FRAUD,45450.6,NEFT,BANK_ICIC_SYNTH,STANDARD,ZONE_WEST,12,1,REGISTERED
CMP-2026-01308,2026-07-09 10:16:12,2026-07-09 10:44:18,28.1,INVESTMENT_FRAUD,143373.24,IMPS,BANK_HDFC_SYNTH,STANDARD,ZONE_NORTH,10,3,REGISTERED
CMP-2026-01309,2026-03-11 13:38:42,2026-03-11 13:52:06,13.4,PHISHING_UPI,42201.43,IMPS,BANK_SBI_SYNTH,NEW_DIGITAL,ZONE_NORTH,13,2,REGISTERED
CMP-2026-01310,2026-04-09 19:38:40,2026-04-09 20:11:04,32.4,INVESTMENT_FRAUD,111663.47,UPI,BANK_HDFC_SYNTH,NEW_DIGITAL,ZONE_CENTRAL,19,3,REGISTERED
CMP-2026-01311,2026-03-16 13:38:08,2026-03-16 14:24:50,46.7,TASK_FRAUD,22147.83,IMPS,BANK_HDFC_SYNTH,STANDARD,ZONE_NORTH,13,0,REGISTERED
CMP-2026-01312,2026-08-09 14:44:11,2026-08-09 15:11:59,27.8,PHISHING_UPI,48486.27,IMPS,BANK_AXIS_SYNTH,NEW_DIGITAL,ZONE_NORTH,14,6,REGISTERED
CMP-2026-01313,2026-06-27 11:04:40,2026-06-27 11:27:52,23.2,PHISHING_UPI,9661.77,IMPS,BANK_ICIC_SYNTH,NEW_DIGITAL,ZONE_EAST,11,5,REGISTERED
CMP-2026-01314,2026-07-17 18:44:57,2026-07-17 19:24:51,39.9,LOAN_SCAM,25819.94,NEFT,BANK_SBI_SYNTH,NEW_DIGITAL,ZONE_EAST,18,4,REGISTERED
CMP-2026-01315,2026-07-19 10:17:49,2026-07-19 11:12:19,54.5,INVESTMENT_FRAUD,83123.7,UPI,BANK_PNB_SYNTH,NEW_DIGITAL,ZONE_SOUTH,10,6,REGISTERED
CMP-2026-01316,2026-04-29 14:03:16,2026-04-29 14:15:16,12.0,PHISHING_UPI,11671.76,UPI,BANK_SBI_SYNTH,RURAL_REGIONAL,ZONE_EAST,14,2,REGISTERED
CMP-2026-01317,2026-04-17 09:28:04,2026-04-17 10:16:04,48.0,INVESTMENT_FRAUD,182103.97,UPI,BANK_PNB_SYNTH,STANDARD,ZONE_CENTRAL,9,4,REGISTERED
CMP-2026-01318,2026-06-18 08:11:41,2026-06-18 09:16:35,64.9,LOAN_SCAM,34103.72,UPI,BANK_ICIC_SYNTH,NEW_DIGITAL,ZONE_SOUTH,8,3,REGISTERED
CMP-2026-01319,2026-06-06 18:27:13,2026-06-06 19:28:37,61.4,INVESTMENT_FRAUD,57350.67,IMPS,BANK_AXIS_SYNTH,STANDARD,ZONE_SOUTH,18,5,REGISTERED
CMP-2026-01320,2026-08-12 12:45:16,2026-08-12 13:22:10,36.9,EXTORTION,12890.88,NEFT,BANK_HDFC_SYNTH,NEW_DIGITAL,ZONE_SOUTH,12,2,REGISTERED
CMP-2026-01321,2026-07-09 11:49:28,2026-07-09 12:07:46,18.3,TASK_FRAUD,21141.69,NEFT,BANK_SBI_SYNTH,NEW_DIGITAL,ZONE_WEST,11,3,REGISTERED
CMP-2026-01322,2026-06-24 19:59:02,2026-06-24 20:44:20,45.3,INVESTMENT_FRAUD,120148.39,UPI,BANK_ICIC_SYNTH,RURAL_REGIONAL,ZONE_EAST,19,2,REGISTERED
CMP-2026-01323,2026-03-28 18:21:57,2026-03-28 19:40:27,78.5,INVESTMENT_FRAUD,110251.08,UPI,BANK_SBI_SYNTH,NEW_DIGITAL,ZONE_WEST,18,5,REGISTERED
CMP-2026-01324,2026-06-01 14:49:31,2026-06-01 15:18:49,29.3,PHISHING_UPI,43309.65,IMPS,BANK_SBI_SYNTH,RURAL_REGIONAL,ZONE_CENTRAL,14,0,REGISTERED
CMP-2026-01325,2026-07-30 15:49:51,2026-07-30 16:51:39,61.8,TASK_FRAUD,93747.64,UPI,BANK_PNB_SYNTH,NEW_DIGITAL,ZONE_SOUTH,15,3,REGISTERED
CMP-2026-01326,2026-03-01 15:44:52,2026-03-01 16:46:22,61.5,TASK_FRAUD,79725.33,IMPS,BANK_ICIC_SYNTH,RURAL_REGIONAL,ZONE_SOUTH,15,6,REGISTERED
CMP-2026-01327,2026-06-11 17:59:22,2026-06-11 18:18:34,19.2,PHISHING_UPI,8402.38,IMPS,BANK_SBI_SYNTH,STANDARD,ZONE_CENTRAL,17,3,REGISTERED
CMP-2026-01328,2026-06-22 15:41:05,2026-06-22 17:22:17,101.2,INVESTMENT_FRAUD,147046.4,IMPS,BANK_HDFC_SYNTH,RURAL_REGIONAL,ZONE_SOUTH,15,0,REGISTERED
CMP-2026-01329,2026-03-15 10:29:48,2026-03-15 10:50:18,20.5,EXTORTION,38115.97,UPI,BANK_SBI_SYNTH,STANDARD,ZONE_CENTRAL,10,6,REGISTERED
CMP-2026-01330,2026-04-01 20:02:24,2026-04-01 20:50:54,48.5,TASK_FRAUD,60519.69,UPI,BANK_ICIC_SYNTH,RURAL_REGIONAL,ZONE_EAST,20,2,REGISTERED
CMP-2026-01331,2026-07-04 08:57:06,2026-07-04 09:18:12,21.1,PHISHING_UPI,47094.36,NEFT,BANK_ICIC_SYNTH,NEW_DIGITAL,ZONE_CENTRAL,8,5,REGISTERED
CMP-2026-01332,2026-08-07 16:28:47,2026-08-07 17:19:53,51.1,TASK_FRAUD,28289.5,IMPS,BANK_HDFC_SYNTH,STANDARD,ZONE_SOUTH,16,4,REGISTERED
CMP-2026-01333,2026-07-08 12:37:15,2026-07-08 13:04:21,27.1,INVESTMENT_FRAUD,93528.77,UPI,BANK_HDFC_SYNTH,NEW_DIGITAL,ZONE_EAST,12,2,REGISTERED
CMP-2026-01334,2026-07-21 15:41:19,2026-07-21 16:05:43,24.4,PHISHING_UPI,16091.93,UPI,BANK_SBI_SYNTH,RURAL_REGIONAL,ZONE_WEST,15,1,REGISTERED
CMP-2026-01335,2026-08-21 14:01:02,2026-08-21 14:24:56,23.9,PHISHING_UPI,19601.03,UPI,BANK_AXIS_SYNTH,NEW_DIGITAL,ZONE_NORTH,14,4,REGISTERED
CMP-2026-01336,2026-07-20 18:02:25,2026-07-20 19:47:43,105.3,TASK_FRAUD,37340.62,IMPS,BANK_SBI_SYNTH,STANDARD,ZONE_CENTRAL,18,0,REGISTERED
CMP-2026-01337,2026-08-17 11:55:55,2026-08-17 12:40:01,44.1,INVESTMENT_FRAUD,87960.49,UPI,BANK_HDFC_SYNTH,RURAL_REGIONAL,ZONE_NORTH,11,0,REGISTERED
CMP-2026-01338,2026-08-14 07:02:47,2026-08-14 07:43:53,41.1,PHISHING_UPI,50827.2,IMPS,BANK_SBI_SYNTH,RURAL_REGIONAL,ZONE_EAST,7,4,REGISTERED
CMP-2026-01339,2026-08-13 11:02:15,2026-08-13 11:14:15,12.0,PHISHING_UPI,15977.31,UPI,BANK_HDFC_SYNTH,NEW_DIGITAL,ZONE_CENTRAL,11,3,REGISTERED
CMP-2026-01340,2026-03-03 17:40:03,2026-03-03 18:17:09,37.1,TASK_FRAUD,80436.3,NEFT,BANK_AXIS_SYNTH,NEW_DIGITAL,ZONE_CENTRAL,17,1,REGISTERED
CMP-2026-01341,2026-07-26 08:06:29,2026-07-26 08:30:59,24.5,INVESTMENT_FRAUD,92320.56,NEFT,BANK_SBI_SYNTH,STANDARD,ZONE_EAST,8,6,REGISTERED
CMP-2026-01342,2026-03-20 23:31:38,2026-03-20 23:57:20,25.7,INVESTMENT_FRAUD,195077.14,IMPS,BANK_SBI_SYNTH,STANDARD,ZONE_WEST,23,4,REGISTERED
CMP-2026-01343,2026-03-12 13:12:27,2026-03-12 16:38:39,206.2,LOAN_SCAM,18694.69,UPI,BANK_AXIS_SYNTH,STANDARD,ZONE_SOUTH,13,3,REGISTERED
CMP-2026-01344,2026-04-28 06:43:36,2026-04-28 07:00:12,16.6,TASK_FRAUD,86153.91,UPI,BANK_SBI_SYNTH,STANDARD,ZONE_WEST,6,1,REGISTERED
CMP-2026-01345,2026-07-29 17:50:13,2026-07-29 18:20:55,30.7,TASK_FRAUD,58883.61,UPI,BANK_SBI_SYNTH,RURAL_REGIONAL,ZONE_SOUTH,17,2,REGISTERED
CMP-2026-01346,2026-04-30 13:07:17,2026-04-30 13:45:53,38.6,INVESTMENT_FRAUD,109709.8,UPI,BANK_SBI_SYNTH,RURAL_REGIONAL,ZONE_NORTH,13,3,REGISTERED
CMP-2026-01347,2026-03-31 08:23:35,2026-03-31 08:35:35,12.0,PHISHING_UPI,33660.61,UPI,BANK_SBI_SYNTH,STANDARD,ZONE_WEST,8,1,REGISTERED
CMP-2026-01348,2026-08-14 17:02:08,2026-08-14 18:23:50,81.7,TASK_FRAUD,76415.12,UPI,BANK_HDFC_SYNTH,STANDARD,ZONE_SOUTH,17,4,REGISTERED
CMP-2026-01349,2026-07-18 17:01:56,2026-07-18 19:05:08,123.2,LOAN_SCAM,5343.28,UPI,BANK_SBI_SYNTH,STANDARD,ZONE_NORTH,17,5,REGISTERED
CMP-2026-01350,2026-03-02 13:59:05,2026-03-02 14:35:17,36.2,TASK_FRAUD,57816.55,UPI,BANK_PNB_SYNTH,NEW_DIGITAL,ZONE_WEST,13,0,REGISTERED
CMP-2026-01351,2026-05-14 13:51:50,2026-05-14 14:21:38,29.8,PHISHING_UPI,50597.07,UPI,BANK_AXIS_SYNTH,STANDARD,ZONE_CENTRAL,13,3,REGISTERED
CMP-2026-01352,2026-04-07 17:40:17,2026-04-07 18:12:41,32.4,TASK_FRAUD,70185.96,UPI,BANK_SBI_SYNTH,NEW_DIGITAL,ZONE_SOUTH,17,1,REGISTERED
CMP-2026-01353,2026-04-13 11:11:39,2026-04-13 11:39:51,28.2,PHISHING_UPI,17849.08,UPI,BANK_SBI_SYNTH,NEW_DIGITAL,ZONE_EAST,11,0,REGISTERED
CMP-2026-01354,2026-07-08 12:39:05,2026-07-08 14:50:35,131.5,EXTORTION,47040.3,UPI,BANK_SBI_SYNTH,RURAL_REGIONAL,ZONE_CENTRAL,12,2,REGISTERED
CMP-2026-01355,2026-05-02 13:00:35,2026-05-02 14:16:05,75.5,INVESTMENT_FRAUD,60823.8,UPI,BANK_HDFC_SYNTH,STANDARD,ZONE_EAST,13,5,REGISTERED
CMP-2026-01356,2026-08-25 20:06:39,2026-08-25 20:41:51,35.2,PHISHING_UPI,22655.74,IMPS,BANK_HDFC_SYNTH,NEW_DIGITAL,ZONE_CENTRAL,20,1,REGISTERED
CMP-2026-01357,2026-05-23 15:40:42,2026-05-23 16:08:24,27.7,TASK_FRAUD,34036.4,IMPS,BANK_PNB_SYNTH,RURAL_REGIONAL,ZONE_EAST,15,5,REGISTERED
CMP-2026-01358,2026-04-04 10:50:09,2026-04-04 11:33:15,43.1,TASK_FRAUD,54033.24,NEFT,BANK_HDFC_SYNTH,STANDARD,ZONE_EAST,10,5,REGISTERED
CMP-2026-01359,2026-03-29 17:59:02,2026-03-29 21:11:44,192.7,LOAN_SCAM,10308.34,UPI,BANK_HDFC_SYNTH,RURAL_REGIONAL,ZONE_SOUTH,17,6,REGISTERED
CMP-2026-01360,2026-04-21 16:27:16,2026-04-21 16:55:16,28.0,TASK_FRAUD,56402.61,UPI,BANK_HDFC_SYNTH,STANDARD,ZONE_EAST,16,1,REGISTERED
CMP-2026-01361,2026-03-08 12:47:03,2026-03-08 14:44:15,117.2,INVESTMENT_FRAUD,115687.87,IMPS,BANK_HDFC_SYNTH,RURAL_REGIONAL,ZONE_SOUTH,12,6,REGISTERED
CMP-2026-01362,2026-04-01 17:50:01,2026-04-01 18:12:07,22.1,PHISHING_UPI,24528.52,NEFT,BANK_ICIC_SYNTH,RURAL_REGIONAL,ZONE_NORTH,17,2,REGISTERED
CMP-2026-01363,2026-04-12 10:28:37,2026-04-12 10:58:43,30.1,TASK_FRAUD,54718.07,UPI,BANK_PNB_SYNTH,STANDARD,ZONE_NORTH,10,6,REGISTERED
CMP-2026-01364,2026-04-05 17:43:57,2026-04-05 18:04:33,20.6,PHISHING_UPI,33887.0,IMPS,BANK_SBI_SYNTH,STANDARD,ZONE_SOUTH,17,6,REGISTERED
CMP-2026-01365,2026-04-28 07:06:15,2026-04-28 07:24:09,17.9,TASK_FRAUD,32192.55,UPI,BANK_SBI_SYNTH,NEW_DIGITAL,ZONE_CENTRAL,7,1,REGISTERED
CMP-2026-01366,2026-05-07 17:14:04,2026-05-07 17:31:28,17.4,TASK_FRAUD,23005.83,UPI,BANK_PNB_SYNTH,NEW_DIGITAL,ZONE_SOUTH,17,3,REGISTERED
CMP-2026-01367,2026-03-10 14:27:09,2026-03-10 14:50:39,23.5,INVESTMENT_FRAUD,93064.33,UPI,BANK_HDFC_SYNTH,RURAL_REGIONAL,ZONE_EAST,14,1,REGISTERED
CMP-2026-01368,2026-04-02 20:23:08,2026-04-02 20:49:44,26.6,PHISHING_UPI,56939.36,UPI,BANK_SBI_SYNTH,STANDARD,ZONE_EAST,20,3,REGISTERED
CMP-2026-01369,2026-06-22 12:17:12,2026-06-22 13:39:36,82.4,INVESTMENT_FRAUD,164524.86,UPI,BANK_HDFC_SYNTH,NEW_DIGITAL,ZONE_SOUTH,12,0,REGISTERED
CMP-2026-01370,2026-07-03 12:03:17,2026-07-03 12:40:17,37.0,EXTORTION,43460.81,IMPS,BANK_ICIC_SYNTH,NEW_DIGITAL,ZONE_SOUTH,12,4,REGISTERED
CMP-2026-01371,2026-03-31 13:21:14,2026-03-31 14:13:38,52.4,INVESTMENT_FRAUD,134928.09,NEFT,BANK_SBI_SYNTH,STANDARD,ZONE_CENTRAL,13,1,REGISTERED
CMP-2026-01372,2026-06-17 11:50:50,2026-06-17 12:18:32,27.7,EXTORTION,31182.52,UPI,BANK_SBI_SYNTH,STANDARD,ZONE_EAST,11,2,REGISTERED
CMP-2026-01373,2026-06-08 12:14:05,2026-06-08 13:08:59,54.9,INVESTMENT_FRAUD,135627.82,UPI,BANK_SBI_SYNTH,STANDARD,ZONE_WEST,12,0,REGISTERED
CMP-2026-01374,2026-08-03 15:13:37,2026-08-03 15:41:07,27.5,PHISHING_UPI,10470.39,UPI,BANK_ICIC_SYNTH,STANDARD,ZONE_SOUTH,15,0,REGISTERED
CMP-2026-01375,2026-04-20 08:46:27,2026-04-20 09:12:51,26.4,TASK_FRAUD,56407.17,UPI,BANK_ICIC_SYNTH,NEW_DIGITAL,ZONE_SOUTH,8,0,REGISTERED
CMP-2026-01376,2026-05-18 09:14:57,2026-05-18 09:33:33,18.6,TASK_FRAUD,31645.42,IMPS,BANK_SBI_SYNTH,NEW_DIGITAL,ZONE_NORTH,9,0,REGISTERED
CMP-2026-01377,2026-08-18 23:58:36,2026-08-19 00:56:30,57.9,LOAN_SCAM,36035.42,UPI,BANK_HDFC_SYNTH,RURAL_REGIONAL,ZONE_EAST,23,1,REGISTERED
CMP-2026-01378,2026-05-15 09:02:02,2026-05-15 09:35:08,33.1,INVESTMENT_FRAUD,157150.29,IMPS,BANK_AXIS_SYNTH,STANDARD,ZONE_WEST,9,4,REGISTERED
CMP-2026-01379,2026-07-11 16:32:02,2026-07-11 18:34:44,122.7,LOAN_SCAM,6250.85,IMPS,BANK_ICIC_SYNTH,NEW_DIGITAL,ZONE_EAST,16,5,REGISTERED
CMP-2026-01380,2026-05-26 04:51:44,2026-05-26 05:41:08,49.4,LOAN_SCAM,39068.27,UPI,BANK_SBI_SYNTH,NEW_DIGITAL,ZONE_NORTH,4,1,REGISTERED
CMP-2026-01381,2026-05-21 14:15:05,2026-05-21 14:45:17,30.2,PHISHING_UPI,59260.07,NEFT,BANK_ICIC_SYNTH,NEW_DIGITAL,ZONE_WEST,14,3,REGISTERED
CMP-2026-01382,2026-05-13 11:13:08,2026-05-13 11:56:08,43.0,PHISHING_UPI,29491.21,UPI,BANK_HDFC_SYNTH,STANDARD,ZONE_WEST,11,2,REGISTERED
CMP-2026-01383,2026-06-25 15:05:01,2026-06-25 15:32:55,27.9,TASK_FRAUD,90822.63,UPI,BANK_AXIS_SYNTH,STANDARD,ZONE_CENTRAL,15,3,REGISTERED
CMP-2026-01384,2026-03-30 19:29:54,2026-03-30 20:06:24,36.5,INVESTMENT_FRAUD,60402.96,NEFT,BANK_AXIS_SYNTH,NEW_DIGITAL,ZONE_WEST,19,0,REGISTERED
CMP-2026-01385,2026-05-23 04:08:55,2026-05-23 04:48:49,39.9,TASK_FRAUD,61197.9,IMPS,BANK_HDFC_SYNTH,STANDARD,ZONE_WEST,4,5,REGISTERED
CMP-2026-01386,2026-07-21 21:23:40,2026-07-21 22:06:34,42.9,INVESTMENT_FRAUD,135902.71,UPI,BANK_PNB_SYNTH,NEW_DIGITAL,ZONE_WEST,21,1,REGISTERED
CMP-2026-01387,2026-08-02 06:04:24,2026-08-02 06:22:12,17.8,EXTORTION,23418.56,UPI,BANK_ICIC_SYNTH,STANDARD,ZONE_SOUTH,6,6,REGISTERED
CMP-2026-01388,2026-04-29 13:02:18,2026-04-29 13:38:30,36.2,PHISHING_UPI,51792.92,UPI,BANK_HDFC_SYNTH,NEW_DIGITAL,ZONE_CENTRAL,13,2,REGISTERED
CMP-2026-01389,2026-07-04 07:39:34,2026-07-04 09:06:28,86.9,INVESTMENT_FRAUD,92381.23,IMPS,BANK_SBI_SYNTH,NEW_DIGITAL,ZONE_CENTRAL,7,5,REGISTERED
CMP-2026-01390,2026-07-20 18:05:39,2026-07-20 18:31:45,26.1,EXTORTION,23683.8,UPI,BANK_AXIS_SYNTH,STANDARD,ZONE_WEST,18,0,REGISTERED
CMP-2026-01391,2026-07-11 13:03:32,2026-07-11 13:30:56,27.4,INVESTMENT_FRAUD,53454.58,IMPS,BANK_AXIS_SYNTH,RURAL_REGIONAL,ZONE_SOUTH,13,5,REGISTERED
CMP-2026-01392,2026-06-30 15:56:03,2026-06-30 16:11:51,15.8,PHISHING_UPI,59711.45,IMPS,BANK_HDFC_SYNTH,NEW_DIGITAL,ZONE_EAST,15,1,REGISTERED
CMP-2026-01393,2026-05-23 19:02:23,2026-05-23 19:19:53,17.5,EXTORTION,41155.71,IMPS,BANK_HDFC_SYNTH,STANDARD,ZONE_NORTH,19,5,REGISTERED
CMP-2026-01394,2026-07-18 19:08:21,2026-07-18 19:25:33,17.2,PHISHING_UPI,53687.59,UPI,BANK_HDFC_SYNTH,STANDARD,ZONE_WEST,19,5,REGISTERED
CMP-2026-01395,2026-07-11 14:48:37,2026-07-11 15:42:55,54.3,TASK_FRAUD,46621.1,UPI,BANK_ICIC_SYNTH,NEW_DIGITAL,ZONE_EAST,14,5,REGISTERED
CMP-2026-01396,2026-07-05 18:48:47,2026-07-05 20:11:29,82.7,TASK_FRAUD,61036.86,UPI,BANK_PNB_SYNTH,NEW_DIGITAL,ZONE_EAST,18,6,REGISTERED
CMP-2026-01397,2026-05-03 15:17:32,2026-05-03 15:29:32,12.0,PHISHING_UPI,38982.25,IMPS,BANK_SBI_SYNTH,RURAL_REGIONAL,ZONE_NORTH,15,6,REGISTERED
CMP-2026-01398,2026-05-07 18:28:31,2026-05-07 18:45:55,17.4,PHISHING_UPI,6600.58,UPI,BANK_HDFC_SYNTH,NEW_DIGITAL,ZONE_EAST,18,3,REGISTERED
CMP-2026-01399,2026-05-24 19:34:43,2026-05-24 19:54:31,19.8,PHISHING_UPI,12540.68,UPI,BANK_SBI_SYNTH,STANDARD,ZONE_SOUTH,19,6,REGISTERED
CMP-2026-01400,2026-08-09 03:28:39,2026-08-09 04:52:33,83.9,EXTORTION,14342.53,IMPS,BANK_SBI_SYNTH,NEW_DIGITAL,ZONE_NORTH,3,6,REGISTERED
CMP-2026-01401,2026-04-03 12:56:29,2026-04-03 13:15:35,19.1,PHISHING_UPI,21909.73,IMPS,BANK_AXIS_SYNTH,NEW_DIGITAL,ZONE_EAST,12,4,REGISTERED
CMP-2026-01402,2026-08-09 10:18:04,2026-08-09 12:07:46,109.7,EXTORTION,42274.86,IMPS,BANK_SBI_SYNTH,NEW_DIGITAL,ZONE_NORTH,10,6,REGISTERED
CMP-2026-01403,2026-03-21 21:09:31,2026-03-21 21:27:55,18.4,TASK_FRAUD,40409.23,UPI,BANK_PNB_SYNTH,RURAL_REGIONAL,ZONE_SOUTH,21,5,REGISTERED
CMP-2026-01404,2026-06-02 17:40:01,2026-06-02 17:53:25,13.4,PHISHING_UPI,12386.33,NEFT,BANK_PNB_SYNTH,NEW_DIGITAL,ZONE_WEST,17,1,REGISTERED
CMP-2026-01405,2026-05-15 16:47:41,2026-05-15 17:14:05,26.4,EXTORTION,33193.31,UPI,BANK_AXIS_SYNTH,RURAL_REGIONAL,ZONE_WEST,16,4,REGISTERED
CMP-2026-01406,2026-03-12 17:55:51,2026-03-12 18:46:45,50.9,INVESTMENT_FRAUD,86388.02,IMPS,BANK_HDFC_SYNTH,NEW_DIGITAL,ZONE_NORTH,17,3,REGISTERED
CMP-2026-01407,2026-05-14 10:21:41,2026-05-14 10:51:59,30.3,TASK_FRAUD,56583.98,IMPS,BANK_SBI_SYNTH,RURAL_REGIONAL,ZONE_SOUTH,10,3,REGISTERED
CMP-2026-01408,2026-06-28 14:33:53,2026-06-28 15:07:59,34.1,TASK_FRAUD,32740.94,UPI,BANK_PNB_SYNTH,STANDARD,ZONE_WEST,14,6,REGISTERED
CMP-2026-01409,2026-04-24 14:08:57,2026-04-24 15:06:15,57.3,LOAN_SCAM,17360.4,UPI,BANK_AXIS_SYNTH,NEW_DIGITAL,ZONE_EAST,14,4,REGISTERED
CMP-2026-01410,2026-07-21 19:14:30,2026-07-21 19:49:06,34.6,TASK_FRAUD,86864.51,IMPS,BANK_SBI_SYNTH,NEW_DIGITAL,ZONE_SOUTH,19,1,REGISTERED
CMP-2026-01411,2026-07-17 13:03:09,2026-07-17 13:40:15,37.1,LOAN_SCAM,36142.9,UPI,BANK_HDFC_SYNTH,NEW_DIGITAL,ZONE_CENTRAL,13,4,REGISTERED
CMP-2026-01412,2026-06-20 19:10:45,2026-06-20 20:09:21,58.6,INVESTMENT_FRAUD,173094.91,UPI,BANK_SBI_SYNTH,NEW_DIGITAL,ZONE_CENTRAL,19,5,REGISTERED
CMP-2026-01413,2026-08-23 08:53:45,2026-08-23 09:49:27,55.7,INVESTMENT_FRAUD,137017.66,UPI,BANK_SBI_SYNTH,STANDARD,ZONE_SOUTH,8,6,REGISTERED
CMP-2026-01414,2026-03-30 08:07:02,2026-03-30 08:48:14,41.2,TASK_FRAUD,55737.72,UPI,BANK_SBI_SYNTH,STANDARD,ZONE_EAST,8,0,REGISTERED
CMP-2026-01415,2026-06-12 17:28:16,2026-06-12 17:53:58,25.7,EXTORTION,42949.38,UPI,BANK_HDFC_SYNTH,NEW_DIGITAL,ZONE_CENTRAL,17,4,REGISTERED
CMP-2026-01416,2026-03-07 13:20:22,2026-03-07 13:58:58,38.6,PHISHING_UPI,28903.13,UPI,BANK_ICIC_SYNTH,NEW_DIGITAL,ZONE_SOUTH,13,5,REGISTERED
CMP-2026-01417,2026-06-06 12:10:34,2026-06-06 12:24:52,14.3,PHISHING_UPI,48899.39,IMPS,BANK_HDFC_SYNTH,RURAL_REGIONAL,ZONE_SOUTH,12,5,REGISTERED
CMP-2026-01418,2026-05-29 10:09:29,2026-05-29 11:26:59,77.5,EXTORTION,30087.25,IMPS,BANK_SBI_SYNTH,NEW_DIGITAL,ZONE_EAST,10,4,REGISTERED
CMP-2026-01419,2026-03-29 12:47:34,2026-03-29 13:17:16,29.7,PHISHING_UPI,11777.91,IMPS,BANK_ICIC_SYNTH,NEW_DIGITAL,ZONE_NORTH,12,6,REGISTERED
CMP-2026-01420,2026-04-29 11:45:18,2026-04-29 12:20:30,35.2,PHISHING_UPI,6217.7,UPI,BANK_SBI_SYNTH,NEW_DIGITAL,ZONE_CENTRAL,11,2,REGISTERED
CMP-2026-01421,2026-08-22 20:48:36,2026-08-22 21:00:36,12.0,INVESTMENT_FRAUD,155867.92,IMPS,BANK_SBI_SYNTH,NEW_DIGITAL,ZONE_EAST,20,5,REGISTERED
CMP-2026-01422,2026-04-30 11:07:46,2026-04-30 12:10:04,62.3,LOAN_SCAM,37218.73,IMPS,BANK_HDFC_SYNTH,NEW_DIGITAL,ZONE_CENTRAL,11,3,REGISTERED
CMP-2026-01423,2026-03-26 10:35:07,2026-03-26 11:18:25,43.3,TASK_FRAUD,66897.66,NEFT,BANK_HDFC_SYNTH,NEW_DIGITAL,ZONE_EAST,10,3,REGISTERED
CMP-2026-01424,2026-04-09 16:22:05,2026-04-09 16:37:11,15.1,INVESTMENT_FRAUD,125914.22,UPI,BANK_AXIS_SYNTH,NEW_DIGITAL,ZONE_NORTH,16,3,REGISTERED
CMP-2026-01425,2026-06-14 13:14:50,2026-06-14 13:38:44,23.9,EXTORTION,24551.44,IMPS,BANK_HDFC_SYNTH,STANDARD,ZONE_WEST,13,6,REGISTERED
CMP-2026-01426,2026-04-20 15:01:05,2026-04-20 15:15:11,14.1,INVESTMENT_FRAUD,72815.56,UPI,BANK_HDFC_SYNTH,STANDARD,ZONE_NORTH,15,0,REGISTERED
CMP-2026-01427,2026-08-20 13:32:25,2026-08-20 14:06:19,33.9,PHISHING_UPI,31695.51,UPI,BANK_SBI_SYNTH,NEW_DIGITAL,ZONE_EAST,13,3,REGISTERED
CMP-2026-01428,2026-06-17 12:32:03,2026-06-17 12:59:33,27.5,TASK_FRAUD,44050.55,IMPS,BANK_SBI_SYNTH,STANDARD,ZONE_WEST,12,2,REGISTERED
CMP-2026-01429,2026-05-04 18:09:45,2026-05-04 18:48:21,38.6,INVESTMENT_FRAUD,168907.18,IMPS,BANK_SBI_SYNTH,STANDARD,ZONE_SOUTH,18,0,REGISTERED
CMP-2026-01430,2026-05-06 11:23:00,2026-05-06 11:46:18,23.3,PHISHING_UPI,28740.85,UPI,BANK_HDFC_SYNTH,STANDARD,ZONE_CENTRAL,11,2,REGISTERED
CMP-2026-01431,2026-04-25 18:28:55,2026-04-25 18:46:07,17.2,PHISHING_UPI,51851.17,UPI,BANK_SBI_SYNTH,NEW_DIGITAL,ZONE_WEST,18,5,REGISTERED
CMP-2026-01432,2026-05-19 18:26:51,2026-05-19 18:59:27,32.6,EXTORTION,16804.05,UPI,BANK_PNB_SYNTH,STANDARD,ZONE_CENTRAL,18,1,REGISTERED
CMP-2026-01433,2026-07-24 21:57:27,2026-07-24 22:12:39,15.2,PHISHING_UPI,14778.91,UPI,BANK_ICIC_SYNTH,NEW_DIGITAL,ZONE_EAST,21,4,REGISTERED
CMP-2026-01434,2026-06-14 13:05:09,2026-06-14 13:39:57,34.8,PHISHING_UPI,19114.47,IMPS,BANK_AXIS_SYNTH,STANDARD,ZONE_SOUTH,13,6,REGISTERED
CMP-2026-01435,2026-08-25 23:33:21,2026-08-26 00:20:57,47.6,INVESTMENT_FRAUD,148585.46,UPI,BANK_PNB_SYNTH,NEW_DIGITAL,ZONE_NORTH,23,1,REGISTERED
CMP-2026-01436,2026-03-16 16:26:40,2026-03-16 18:00:16,93.6,INVESTMENT_FRAUD,141562.75,UPI,BANK_PNB_SYNTH,NEW_DIGITAL,ZONE_SOUTH,16,0,REGISTERED
CMP-2026-01437,2026-05-14 16:35:29,2026-05-14 17:19:53,44.4,TASK_FRAUD,57747.44,NEFT,BANK_HDFC_SYNTH,STANDARD,ZONE_SOUTH,16,3,REGISTERED
CMP-2026-01438,2026-07-28 23:18:35,2026-07-28 23:34:59,16.4,PHISHING_UPI,29959.88,IMPS,BANK_HDFC_SYNTH,NEW_DIGITAL,ZONE_SOUTH,23,1,REGISTERED
CMP-2026-01439,2026-07-29 16:19:31,2026-07-29 16:36:19,16.8,PHISHING_UPI,17997.93,UPI,BANK_SBI_SYNTH,NEW_DIGITAL,ZONE_WEST,16,2,REGISTERED
CMP-2026-01440,2026-04-10 15:50:00,2026-04-10 16:26:36,36.6,INVESTMENT_FRAUD,190951.64,NEFT,BANK_SBI_SYNTH,STANDARD,ZONE_NORTH,15,4,REGISTERED
CMP-2026-01441,2026-07-29 13:30:07,2026-07-29 14:22:43,52.6,INVESTMENT_FRAUD,99835.83,IMPS,BANK_HDFC_SYNTH,NEW_DIGITAL,ZONE_EAST,13,2,REGISTERED
CMP-2026-01442,2026-05-15 23:31:58,2026-05-15 23:43:58,12.0,PHISHING_UPI,25104.08,UPI,BANK_ICIC_SYNTH,NEW_DIGITAL,ZONE_SOUTH,23,4,REGISTERED
CMP-2026-01443,2026-07-16 17:31:04,2026-07-16 18:19:52,48.8,INVESTMENT_FRAUD,111868.84,UPI,BANK_SBI_SYNTH,STANDARD,ZONE_WEST,17,3,REGISTERED
CMP-2026-01444,2026-06-13 23:36:27,2026-06-13 23:55:03,18.6,TASK_FRAUD,25558.95,UPI,BANK_HDFC_SYNTH,NEW_DIGITAL,ZONE_WEST,23,5,REGISTERED
CMP-2026-01445,2026-06-22 17:30:44,2026-06-22 18:30:08,59.4,EXTORTION,12287.19,IMPS,BANK_HDFC_SYNTH,NEW_DIGITAL,ZONE_EAST,17,0,REGISTERED
CMP-2026-01446,2026-06-01 12:36:01,2026-06-01 12:48:31,12.5,PHISHING_UPI,57300.13,UPI,BANK_ICIC_SYNTH,STANDARD,ZONE_CENTRAL,12,0,REGISTERED
CMP-2026-01447,2026-03-30 10:03:09,2026-03-30 10:17:27,14.3,EXTORTION,38426.69,NEFT,BANK_ICIC_SYNTH,NEW_DIGITAL,ZONE_SOUTH,10,0,REGISTERED
CMP-2026-01448,2026-03-10 14:23:26,2026-03-10 14:55:14,31.8,INVESTMENT_FRAUD,133445.47,IMPS,BANK_HDFC_SYNTH,STANDARD,ZONE_CENTRAL,14,1,REGISTERED
CMP-2026-01449,2026-04-22 08:40:59,2026-04-22 09:23:53,42.9,INVESTMENT_FRAUD,90020.41,UPI,BANK_HDFC_SYNTH,NEW_DIGITAL,ZONE_NORTH,8,2,REGISTERED
CMP-2026-01450,2026-07-16 19:11:48,2026-07-16 19:40:06,28.3,TASK_FRAUD,47987.12,NEFT,BANK_HDFC_SYNTH,STANDARD,ZONE_NORTH,19,3,REGISTERED
CMP-2026-01451,2026-08-05 10:52:54,2026-08-05 11:05:48,12.9,PHISHING_UPI,9352.96,UPI,BANK_SBI_SYNTH,STANDARD,ZONE_EAST,10,2,REGISTERED
CMP-2026-01452,2026-04-18 17:44:44,2026-04-18 17:59:44,15.0,PHISHING_UPI,7520.85,UPI,BANK_HDFC_SYNTH,NEW_DIGITAL,ZONE_WEST,17,5,REGISTERED
CMP-2026-01453,2026-07-27 19:00:08,2026-07-27 19:32:20,32.2,TASK_FRAUD,68485.18,UPI,BANK_SBI_SYNTH,NEW_DIGITAL,ZONE_SOUTH,19,0,REGISTERED
CMP-2026-01454,2026-07-19 17:26:21,2026-07-19 18:35:15,68.9,INVESTMENT_FRAUD,49605.64,NEFT,BANK_HDFC_SYNTH,RURAL_REGIONAL,ZONE_WEST,17,6,REGISTERED
CMP-2026-01455,2026-03-30 18:13:09,2026-03-30 18:43:57,30.8,INVESTMENT_FRAUD,83310.26,UPI,BANK_SBI_SYNTH,RURAL_REGIONAL,ZONE_EAST,18,0,REGISTERED
CMP-2026-01456,2026-07-22 10:35:39,2026-07-22 11:01:45,26.1,EXTORTION,45706.25,UPI,BANK_ICIC_SYNTH,RURAL_REGIONAL,ZONE_SOUTH,10,2,REGISTERED
CMP-2026-01457,2026-05-15 16:58:04,2026-05-15 17:40:22,42.3,TASK_FRAUD,25263.22,IMPS,BANK_AXIS_SYNTH,NEW_DIGITAL,ZONE_EAST,16,4,REGISTERED
CMP-2026-01458,2026-08-14 15:30:22,2026-08-14 15:42:22,12.0,PHISHING_UPI,40265.98,NEFT,BANK_ICIC_SYNTH,NEW_DIGITAL,ZONE_CENTRAL,15,4,REGISTERED
CMP-2026-01459,2026-05-19 19:38:33,2026-05-19 21:05:57,87.4,LOAN_SCAM,16109.56,UPI,BANK_SBI_SYNTH,STANDARD,ZONE_SOUTH,19,1,REGISTERED
CMP-2026-01460,2026-03-31 14:19:01,2026-03-31 15:40:07,81.1,LOAN_SCAM,13164.31,IMPS,BANK_ICIC_SYNTH,NEW_DIGITAL,ZONE_EAST,14,1,REGISTERED
CMP-2026-01461,2026-04-10 22:54:44,2026-04-10 23:06:44,12.0,PHISHING_UPI,43288.03,NEFT,BANK_ICIC_SYNTH,RURAL_REGIONAL,ZONE_CENTRAL,22,4,REGISTERED
CMP-2026-01462,2026-04-07 13:05:27,2026-04-07 13:35:09,29.7,EXTORTION,19664.97,IMPS,BANK_SBI_SYNTH,RURAL_REGIONAL,ZONE_SOUTH,13,1,REGISTERED
CMP-2026-01463,2026-07-18 21:48:27,2026-07-18 22:10:27,22.0,INVESTMENT_FRAUD,134594.32,NEFT,BANK_PNB_SYNTH,NEW_DIGITAL,ZONE_WEST,21,5,REGISTERED
CMP-2026-01464,2026-06-27 08:37:03,2026-06-27 10:19:51,102.8,INVESTMENT_FRAUD,82682.18,IMPS,BANK_SBI_SYNTH,NEW_DIGITAL,ZONE_SOUTH,8,5,REGISTERED
CMP-2026-01465,2026-03-08 16:19:42,2026-03-08 16:31:42,12.0,PHISHING_UPI,14274.55,NEFT,BANK_HDFC_SYNTH,NEW_DIGITAL,ZONE_CENTRAL,16,6,REGISTERED
CMP-2026-01466,2026-08-13 18:13:37,2026-08-13 18:29:13,15.6,TASK_FRAUD,81242.51,UPI,BANK_HDFC_SYNTH,NEW_DIGITAL,ZONE_NORTH,18,3,REGISTERED
CMP-2026-01467,2026-04-03 11:22:01,2026-04-03 11:49:25,27.4,INVESTMENT_FRAUD,153772.0,IMPS,BANK_HDFC_SYNTH,STANDARD,ZONE_SOUTH,11,4,REGISTERED
CMP-2026-01468,2026-05-02 11:10:54,2026-05-02 11:35:24,24.5,PHISHING_UPI,58854.71,UPI,BANK_SBI_SYNTH,STANDARD,ZONE_CENTRAL,11,5,REGISTERED
CMP-2026-01469,2026-05-30 20:04:06,2026-05-30 20:51:54,47.8,INVESTMENT_FRAUD,101271.45,UPI,BANK_ICIC_SYNTH,STANDARD,ZONE_WEST,20,5,REGISTERED
CMP-2026-01470,2026-06-04 18:45:12,2026-06-04 19:46:48,61.6,INVESTMENT_FRAUD,181666.51,UPI,BANK_SBI_SYNTH,RURAL_REGIONAL,ZONE_SOUTH,18,3,REGISTERED
CMP-2026-01471,2026-03-31 21:48:34,2026-03-31 22:00:34,12.0,PHISHING_UPI,22562.51,UPI,BANK_HDFC_SYNTH,NEW_DIGITAL,ZONE_SOUTH,21,1,REGISTERED
CMP-2026-01472,2026-08-14 21:58:32,2026-08-14 22:29:08,30.6,PHISHING_UPI,39255.61,UPI,BANK_PNB_SYNTH,NEW_DIGITAL,ZONE_EAST,21,4,REGISTERED
CMP-2026-01473,2026-05-25 10:44:37,2026-05-25 11:12:07,27.5,TASK_FRAUD,45422.83,UPI,BANK_ICIC_SYNTH,STANDARD,ZONE_WEST,10,0,REGISTERED
CMP-2026-01474,2026-04-02 13:22:24,2026-04-02 13:53:30,31.1,TASK_FRAUD,30429.2,UPI,BANK_ICIC_SYNTH,STANDARD,ZONE_WEST,13,3,REGISTERED
CMP-2026-01475,2026-05-13 16:48:20,2026-05-13 17:23:08,34.8,INVESTMENT_FRAUD,144559.34,NEFT,BANK_HDFC_SYNTH,NEW_DIGITAL,ZONE_WEST,16,2,REGISTERED
CMP-2026-01476,2026-05-29 14:23:45,2026-05-29 14:58:15,34.5,TASK_FRAUD,67772.06,UPI,BANK_SBI_SYNTH,NEW_DIGITAL,ZONE_WEST,14,4,REGISTERED
CMP-2026-01477,2026-03-15 16:31:07,2026-03-15 16:53:37,22.5,PHISHING_UPI,14153.11,NEFT,BANK_SBI_SYNTH,NEW_DIGITAL,ZONE_NORTH,16,6,REGISTERED
CMP-2026-01478,2026-04-26 18:53:28,2026-04-26 19:18:58,25.5,EXTORTION,40023.89,NEFT,BANK_HDFC_SYNTH,STANDARD,ZONE_WEST,18,6,REGISTERED
CMP-2026-01479,2026-08-01 20:12:54,2026-08-01 20:54:12,41.3,INVESTMENT_FRAUD,118915.36,UPI,BANK_ICIC_SYNTH,STANDARD,ZONE_SOUTH,20,5,REGISTERED
CMP-2026-01480,2026-05-06 11:00:43,2026-05-06 11:39:49,39.1,INVESTMENT_FRAUD,36183.78,UPI,BANK_SBI_SYNTH,STANDARD,ZONE_SOUTH,11,2,REGISTERED
CMP-2026-01481,2026-05-11 21:33:42,2026-05-11 21:54:18,20.6,PHISHING_UPI,39125.78,UPI,BANK_SBI_SYNTH,NEW_DIGITAL,ZONE_WEST,21,0,REGISTERED
CMP-2026-01482,2026-03-26 15:25:44,2026-03-26 16:07:44,42.0,EXTORTION,40634.09,UPI,BANK_HDFC_SYNTH,NEW_DIGITAL,ZONE_CENTRAL,15,3,REGISTERED
CMP-2026-01483,2026-07-12 15:57:10,2026-07-12 16:30:22,33.2,PHISHING_UPI,34041.86,UPI,BANK_PNB_SYNTH,NEW_DIGITAL,ZONE_SOUTH,15,6,REGISTERED
CMP-2026-01484,2026-04-30 16:38:54,2026-04-30 16:55:42,16.8,PHISHING_UPI,34008.98,UPI,BANK_SBI_SYNTH,STANDARD,ZONE_CENTRAL,16,3,REGISTERED
CMP-2026-01485,2026-03-23 08:53:27,2026-03-23 09:32:51,39.4,INVESTMENT_FRAUD,60027.67,UPI,BANK_PNB_SYNTH,RURAL_REGIONAL,ZONE_NORTH,8,0,REGISTERED
CMP-2026-01486,2026-07-16 14:49:37,2026-07-16 15:04:01,14.4,PHISHING_UPI,46035.14,IMPS,BANK_ICIC_SYNTH,NEW_DIGITAL,ZONE_NORTH,14,3,REGISTERED
CMP-2026-01487,2026-06-29 21:25:31,2026-06-29 21:52:49,27.3,TASK_FRAUD,43618.26,IMPS,BANK_ICIC_SYNTH,NEW_DIGITAL,ZONE_EAST,21,0,REGISTERED
CMP-2026-01488,2026-07-17 17:06:07,2026-07-17 17:43:55,37.8,INVESTMENT_FRAUD,73486.96,UPI,BANK_SBI_SYNTH,NEW_DIGITAL,ZONE_WEST,17,4,REGISTERED
CMP-2026-01489,2026-04-11 23:08:01,2026-04-11 23:52:01,44.0,LOAN_SCAM,8500.43,UPI,BANK_SBI_SYNTH,NEW_DIGITAL,ZONE_NORTH,23,5,REGISTERED
CMP-2026-01490,2026-07-28 12:31:43,2026-07-28 12:52:01,20.3,PHISHING_UPI,11090.87,UPI,BANK_SBI_SYNTH,NEW_DIGITAL,ZONE_CENTRAL,12,1,REGISTERED
CMP-2026-01491,2026-05-08 09:43:20,2026-05-08 12:03:50,140.5,INVESTMENT_FRAUD,83900.66,IMPS,BANK_ICIC_SYNTH,NEW_DIGITAL,ZONE_SOUTH,9,4,REGISTERED
CMP-2026-01492,2026-07-15 16:42:48,2026-07-15 18:42:00,119.2,INVESTMENT_FRAUD,69658.73,IMPS,BANK_ICIC_SYNTH,STANDARD,ZONE_EAST,16,2,REGISTERED
CMP-2026-01493,2026-07-21 18:12:18,2026-07-21 18:40:06,27.8,TASK_FRAUD,63704.77,IMPS,BANK_AXIS_SYNTH,NEW_DIGITAL,ZONE_NORTH,18,1,REGISTERED
CMP-2026-01494,2026-05-30 18:34:21,2026-05-30 18:47:21,13.0,EXTORTION,29012.15,IMPS,BANK_SBI_SYNTH,STANDARD,ZONE_WEST,18,5,REGISTERED
CMP-2026-01495,2026-08-19 11:02:27,2026-08-19 13:06:03,123.6,INVESTMENT_FRAUD,128288.55,UPI,BANK_PNB_SYNTH,STANDARD,ZONE_EAST,11,2,REGISTERED
CMP-2026-01496,2026-03-22 19:28:20,2026-03-22 19:58:50,30.5,TASK_FRAUD,39921.6,NEFT,BANK_PNB_SYNTH,RURAL_REGIONAL,ZONE_SOUTH,19,6,REGISTERED
CMP-2026-01497,2026-05-19 12:02:02,2026-05-19 12:19:50,17.8,INVESTMENT_FRAUD,161844.9,IMPS,BANK_SBI_SYNTH,NEW_DIGITAL,ZONE_CENTRAL,12,1,REGISTERED
CMP-2026-01498,2026-08-07 10:10:31,2026-08-07 10:40:07,29.6,INVESTMENT_FRAUD,115832.53,UPI,BANK_ICIC_SYNTH,STANDARD,ZONE_NORTH,10,4,REGISTERED
CMP-2026-01499,2026-05-27 08:07:36,2026-05-27 08:19:36,12.0,PHISHING_UPI,33984.24,UPI,BANK_AXIS_SYNTH,NEW_DIGITAL,ZONE_NORTH,8,2,REGISTERED
CMP-2026-01500,2026-05-25 16:54:10,2026-05-25 19:34:22,160.2,LOAN_SCAM,21246.85,IMPS,BANK_SBI_SYNTH,NEW_DIGITAL,ZONE_SOUTH,16,0,REGISTERED
CMP-2026-01501,2026-04-17 09:37:24,2026-04-17 10:09:48,32.4,PHISHING_UPI,38276.7,UPI,BANK_HDFC_SYNTH,NEW_DIGITAL,ZONE_WEST,9,4,REGISTERED
CMP-2026-01502,2026-07-16 10:18:20,2026-07-16 11:26:56,68.6,INVESTMENT_FRAUD,69824.22,UPI,BANK_HDFC_SYNTH,NEW_DIGITAL,ZONE_SOUTH,10,3,REGISTERED
CMP-2026-01503,2026-03-24 16:23:22,2026-03-24 19:47:58,204.6,INVESTMENT_FRAUD,142783.16,UPI,BANK_AXIS_SYNTH,STANDARD,ZONE_SOUTH,16,1,REGISTERED
CMP-2026-01504,2026-07-16 12:40:21,2026-07-16 13:48:15,67.9,PHISHING_UPI,26628.56,UPI,BANK_ICIC_SYNTH,STANDARD,ZONE_SOUTH,12,3,REGISTERED
CMP-2026-01505,2026-05-02 14:22:26,2026-05-02 15:20:32,58.1,INVESTMENT_FRAUD,124100.26,IMPS,BANK_ICIC_SYNTH,STANDARD,ZONE_SOUTH,14,5,REGISTERED
CMP-2026-01506,2026-04-14 12:41:19,2026-04-14 13:00:55,19.6,EXTORTION,22523.33,UPI,BANK_PNB_SYNTH,RURAL_REGIONAL,ZONE_CENTRAL,12,1,REGISTERED
CMP-2026-01507,2026-03-21 10:10:01,2026-03-21 11:25:55,75.9,EXTORTION,36664.62,IMPS,BANK_PNB_SYNTH,NEW_DIGITAL,ZONE_EAST,10,5,REGISTERED
CMP-2026-01508,2026-05-22 16:55:27,2026-05-22 17:24:57,29.5,TASK_FRAUD,27735.18,UPI,BANK_PNB_SYNTH,RURAL_REGIONAL,ZONE_CENTRAL,16,4,REGISTERED
CMP-2026-01509,2026-04-17 15:44:30,2026-04-17 16:52:24,67.9,INVESTMENT_FRAUD,138584.22,IMPS,BANK_HDFC_SYNTH,STANDARD,ZONE_CENTRAL,15,4,REGISTERED
CMP-2026-01510,2026-05-07 09:24:20,2026-05-07 10:11:56,47.6,LOAN_SCAM,32951.46,UPI,BANK_SBI_SYNTH,STANDARD,ZONE_WEST,9,3,REGISTERED
CMP-2026-01511,2026-03-19 06:43:13,2026-03-19 07:02:49,19.6,PHISHING_UPI,29840.02,UPI,BANK_SBI_SYNTH,NEW_DIGITAL,ZONE_CENTRAL,6,3,REGISTERED
CMP-2026-01512,2026-04-23 17:27:12,2026-04-23 18:06:42,39.5,TASK_FRAUD,73140.72,NEFT,BANK_ICIC_SYNTH,STANDARD,ZONE_CENTRAL,17,3,REGISTERED
CMP-2026-01513,2026-06-05 10:18:16,2026-06-05 10:30:16,12.0,PHISHING_UPI,19192.41,UPI,BANK_ICIC_SYNTH,NEW_DIGITAL,ZONE_CENTRAL,10,4,REGISTERED
CMP-2026-01514,2026-06-21 16:05:45,2026-06-21 17:09:33,63.8,PHISHING_UPI,24103.98,UPI,BANK_ICIC_SYNTH,NEW_DIGITAL,ZONE_WEST,16,6,REGISTERED
CMP-2026-01515,2026-03-18 11:21:17,2026-03-18 11:38:47,17.5,TASK_FRAUD,43871.27,UPI,BANK_SBI_SYNTH,NEW_DIGITAL,ZONE_EAST,11,2,REGISTERED
CMP-2026-01516,2026-05-16 11:22:50,2026-05-16 11:37:56,15.1,EXTORTION,28338.7,UPI,BANK_HDFC_SYNTH,NEW_DIGITAL,ZONE_NORTH,11,5,REGISTERED
CMP-2026-01517,2026-05-30 15:19:27,2026-05-30 15:46:51,27.4,INVESTMENT_FRAUD,184694.71,NEFT,BANK_HDFC_SYNTH,NEW_DIGITAL,ZONE_NORTH,15,5,REGISTERED
CMP-2026-01518,2026-05-12 20:39:32,2026-05-12 20:51:32,12.0,EXTORTION,41894.93,UPI,BANK_SBI_SYNTH,NEW_DIGITAL,ZONE_CENTRAL,20,1,REGISTERED
CMP-2026-01519,2026-08-06 13:40:45,2026-08-06 14:10:03,29.3,INVESTMENT_FRAUD,91583.39,IMPS,BANK_HDFC_SYNTH,NEW_DIGITAL,ZONE_WEST,13,3,REGISTERED
CMP-2026-01520,2026-06-12 14:13:42,2026-06-12 14:46:30,32.8,INVESTMENT_FRAUD,78713.6,UPI,BANK_SBI_SYNTH,NEW_DIGITAL,ZONE_CENTRAL,14,4,REGISTERED
CMP-2026-01521,2026-07-12 08:29:17,2026-07-12 09:36:11,66.9,INVESTMENT_FRAUD,192901.07,UPI,BANK_SBI_SYNTH,NEW_DIGITAL,ZONE_EAST,8,6,REGISTERED
CMP-2026-01522,2026-06-04 08:39:54,2026-06-04 08:54:48,14.9,PHISHING_UPI,50220.06,IMPS,BANK_PNB_SYNTH,RURAL_REGIONAL,ZONE_EAST,8,3,REGISTERED
CMP-2026-01523,2026-08-16 17:46:40,2026-08-16 18:34:28,47.8,TASK_FRAUD,98641.21,UPI,BANK_AXIS_SYNTH,NEW_DIGITAL,ZONE_SOUTH,17,6,REGISTERED
CMP-2026-01524,2026-05-05 13:09:15,2026-05-05 13:41:03,31.8,TASK_FRAUD,33811.25,UPI,BANK_PNB_SYNTH,NEW_DIGITAL,ZONE_WEST,13,1,REGISTERED
CMP-2026-01525,2026-07-30 12:26:20,2026-07-30 12:43:20,17.0,PHISHING_UPI,18063.77,IMPS,BANK_HDFC_SYNTH,STANDARD,ZONE_WEST,12,3,REGISTERED
CMP-2026-01526,2026-08-12 11:40:13,2026-08-12 12:05:07,24.9,TASK_FRAUD,32094.63,IMPS,BANK_ICIC_SYNTH,NEW_DIGITAL,ZONE_NORTH,11,2,REGISTERED
CMP-2026-01527,2026-04-18 22:18:41,2026-04-19 00:06:29,107.8,INVESTMENT_FRAUD,71545.8,UPI,BANK_ICIC_SYNTH,NEW_DIGITAL,ZONE_NORTH,22,5,REGISTERED
CMP-2026-01528,2026-05-13 23:07:09,2026-05-13 23:39:27,32.3,EXTORTION,28684.15,IMPS,BANK_SBI_SYNTH,NEW_DIGITAL,ZONE_CENTRAL,23,2,REGISTERED
CMP-2026-01529,2026-07-22 18:19:29,2026-07-22 18:39:47,20.3,PHISHING_UPI,23226.62,NEFT,BANK_SBI_SYNTH,STANDARD,ZONE_SOUTH,18,2,REGISTERED
CMP-2026-01530,2026-08-11 19:12:10,2026-08-11 21:10:04,117.9,EXTORTION,40049.76,NEFT,BANK_AXIS_SYNTH,NEW_DIGITAL,ZONE_NORTH,19,1,REGISTERED
CMP-2026-01531,2026-04-16 14:51:17,2026-04-16 15:03:17,12.0,PHISHING_UPI,25897.59,UPI,BANK_SBI_SYNTH,NEW_DIGITAL,ZONE_WEST,14,3,REGISTERED
CMP-2026-01532,2026-06-24 16:02:46,2026-06-24 17:29:22,86.6,INVESTMENT_FRAUD,170286.31,UPI,BANK_HDFC_SYNTH,STANDARD,ZONE_CENTRAL,16,2,REGISTERED
CMP-2026-01533,2026-03-10 20:57:05,2026-03-10 21:50:53,53.8,INVESTMENT_FRAUD,77195.83,UPI,BANK_AXIS_SYNTH,NEW_DIGITAL,ZONE_EAST,20,1,REGISTERED
CMP-2026-01534,2026-08-04 16:57:26,2026-08-04 18:00:20,62.9,TASK_FRAUD,28767.83,NEFT,BANK_SBI_SYNTH,RURAL_REGIONAL,ZONE_CENTRAL,16,1,REGISTERED
CMP-2026-01535,2026-06-29 10:56:05,2026-06-29 11:26:53,30.8,PHISHING_UPI,59772.51,IMPS,BANK_SBI_SYNTH,RURAL_REGIONAL,ZONE_CENTRAL,10,0,REGISTERED
CMP-2026-01536,2026-04-12 20:36:47,2026-04-12 21:04:47,28.0,EXTORTION,48617.58,UPI,BANK_HDFC_SYNTH,STANDARD,ZONE_NORTH,20,6,REGISTERED
CMP-2026-01537,2026-06-02 14:53:37,2026-06-02 15:42:01,48.4,INVESTMENT_FRAUD,47604.9,IMPS,BANK_SBI_SYNTH,STANDARD,ZONE_NORTH,14,1,REGISTERED
CMP-2026-01538,2026-08-15 14:16:31,2026-08-15 14:28:31,12.0,PHISHING_UPI,38682.16,NEFT,BANK_PNB_SYNTH,RURAL_REGIONAL,ZONE_SOUTH,14,5,REGISTERED
CMP-2026-01539,2026-04-12 20:07:49,2026-04-12 20:27:31,19.7,TASK_FRAUD,43020.34,UPI,BANK_HDFC_SYNTH,STANDARD,ZONE_WEST,20,6,REGISTERED
CMP-2026-01540,2026-07-28 15:47:24,2026-07-28 15:59:24,12.0,PHISHING_UPI,23057.18,UPI,BANK_ICIC_SYNTH,NEW_DIGITAL,ZONE_SOUTH,15,1,REGISTERED
CMP-2026-01541,2026-08-16 09:13:09,2026-08-16 09:37:39,24.5,INVESTMENT_FRAUD,171969.29,IMPS,BANK_SBI_SYNTH,NEW_DIGITAL,ZONE_EAST,9,6,REGISTERED
CMP-2026-01542,2026-05-19 16:16:55,2026-05-19 16:58:43,41.8,INVESTMENT_FRAUD,61239.15,IMPS,BANK_SBI_SYNTH,RURAL_REGIONAL,ZONE_NORTH,16,1,REGISTERED
CMP-2026-01543,2026-06-05 17:44:07,2026-06-05 18:33:19,49.2,INVESTMENT_FRAUD,109556.68,UPI,BANK_PNB_SYNTH,RURAL_REGIONAL,ZONE_NORTH,17,4,REGISTERED
CMP-2026-01544,2026-05-25 21:15:17,2026-05-25 21:39:05,23.8,EXTORTION,49033.28,IMPS,BANK_HDFC_SYNTH,NEW_DIGITAL,ZONE_EAST,21,0,REGISTERED
CMP-2026-01545,2026-08-16 10:23:30,2026-08-16 10:43:54,20.4,INVESTMENT_FRAUD,106390.8,IMPS,BANK_HDFC_SYNTH,STANDARD,ZONE_EAST,10,6,REGISTERED
CMP-2026-01546,2026-03-04 16:57:38,2026-03-04 17:30:32,32.9,TASK_FRAUD,71966.48,UPI,BANK_ICIC_SYNTH,RURAL_REGIONAL,ZONE_NORTH,16,2,REGISTERED
CMP-2026-01547,2026-07-20 17:15:16,2026-07-20 17:27:16,12.0,EXTORTION,49474.47,UPI,BANK_SBI_SYNTH,NEW_DIGITAL,ZONE_NORTH,17,0,REGISTERED
CMP-2026-01548,2026-06-24 09:44:23,2026-06-24 11:55:11,130.8,LOAN_SCAM,28485.44,IMPS,BANK_HDFC_SYNTH,NEW_DIGITAL,ZONE_WEST,9,2,REGISTERED
CMP-2026-01549,2026-07-02 15:34:55,2026-07-02 15:58:01,23.1,PHISHING_UPI,13177.89,UPI,BANK_HDFC_SYNTH,RURAL_REGIONAL,ZONE_NORTH,15,3,REGISTERED
CMP-2026-01550,2026-08-11 09:25:59,2026-08-11 10:00:53,34.9,TASK_FRAUD,97420.35,UPI,BANK_HDFC_SYNTH,NEW_DIGITAL,ZONE_EAST,9,1,REGISTERED
CMP-2026-01551,2026-04-15 12:05:59,2026-04-15 12:56:17,50.3,INVESTMENT_FRAUD,118306.98,NEFT,BANK_ICIC_SYNTH,STANDARD,ZONE_CENTRAL,12,2,REGISTERED
CMP-2026-01552,2026-04-12 05:13:55,2026-04-12 05:30:55,17.0,INVESTMENT_FRAUD,190984.09,UPI,BANK_PNB_SYNTH,NEW_DIGITAL,ZONE_NORTH,5,6,REGISTERED
CMP-2026-01553,2026-08-12 19:40:20,2026-08-12 20:10:26,30.1,EXTORTION,21658.25,UPI,BANK_ICIC_SYNTH,STANDARD,ZONE_EAST,19,2,REGISTERED
CMP-2026-01554,2026-07-17 22:26:50,2026-07-17 22:49:50,23.0,PHISHING_UPI,21652.55,UPI,BANK_HDFC_SYNTH,NEW_DIGITAL,ZONE_EAST,22,4,REGISTERED
CMP-2026-01555,2026-07-27 07:31:30,2026-07-27 08:40:36,69.1,TASK_FRAUD,78597.16,UPI,BANK_ICIC_SYNTH,NEW_DIGITAL,ZONE_WEST,7,0,REGISTERED
CMP-2026-01556,2026-07-08 13:56:58,2026-07-08 14:46:40,49.7,LOAN_SCAM,25975.51,UPI,BANK_ICIC_SYNTH,RURAL_REGIONAL,ZONE_WEST,13,2,REGISTERED
CMP-2026-01557,2026-07-27 19:44:16,2026-07-27 19:56:16,12.0,PHISHING_UPI,56272.52,UPI,BANK_ICIC_SYNTH,NEW_DIGITAL,ZONE_WEST,19,0,REGISTERED
CMP-2026-01558,2026-05-15 19:46:52,2026-05-15 20:05:34,18.7,EXTORTION,28551.5,UPI,BANK_ICIC_SYNTH,RURAL_REGIONAL,ZONE_NORTH,19,4,REGISTERED
CMP-2026-01559,2026-05-21 16:01:48,2026-05-21 16:38:18,36.5,EXTORTION,39439.77,IMPS,BANK_SBI_SYNTH,RURAL_REGIONAL,ZONE_EAST,16,3,REGISTERED
CMP-2026-01560,2026-06-22 10:50:41,2026-06-22 11:39:47,49.1,PHISHING_UPI,26222.05,UPI,BANK_ICIC_SYNTH,STANDARD,ZONE_NORTH,10,0,REGISTERED
CMP-2026-01561,2026-04-06 06:19:20,2026-04-06 06:37:14,17.9,PHISHING_UPI,55299.08,UPI,BANK_SBI_SYNTH,NEW_DIGITAL,ZONE_WEST,6,0,REGISTERED
CMP-2026-01562,2026-03-29 12:33:45,2026-03-29 13:17:21,43.6,TASK_FRAUD,98627.08,UPI,BANK_ICIC_SYNTH,NEW_DIGITAL,ZONE_WEST,12,6,REGISTERED
CMP-2026-01563,2026-07-28 20:48:08,2026-07-28 22:31:50,103.7,LOAN_SCAM,27640.11,NEFT,BANK_SBI_SYNTH,NEW_DIGITAL,ZONE_WEST,20,1,REGISTERED
CMP-2026-01564,2026-07-02 10:50:20,2026-07-02 11:25:02,34.7,INVESTMENT_FRAUD,137487.18,UPI,BANK_SBI_SYNTH,RURAL_REGIONAL,ZONE_NORTH,10,3,REGISTERED
CMP-2026-01565,2026-07-02 11:52:20,2026-07-02 12:05:44,13.4,TASK_FRAUD,91237.3,UPI,BANK_SBI_SYNTH,RURAL_REGIONAL,ZONE_NORTH,11,3,REGISTERED
CMP-2026-01566,2026-05-06 09:25:56,2026-05-06 09:43:26,17.5,EXTORTION,24986.12,UPI,BANK_HDFC_SYNTH,STANDARD,ZONE_NORTH,9,2,REGISTERED
CMP-2026-01567,2026-03-04 08:01:59,2026-03-04 09:40:23,98.4,LOAN_SCAM,12212.46,UPI,BANK_SBI_SYNTH,STANDARD,ZONE_CENTRAL,8,2,REGISTERED
CMP-2026-01568,2026-08-11 17:29:12,2026-08-11 19:20:42,111.5,TASK_FRAUD,89852.74,UPI,BANK_SBI_SYNTH,STANDARD,ZONE_CENTRAL,17,1,REGISTERED
CMP-2026-01569,2026-03-09 16:39:27,2026-03-09 17:05:51,26.4,EXTORTION,29007.56,UPI,BANK_SBI_SYNTH,RURAL_REGIONAL,ZONE_WEST,16,0,REGISTERED
CMP-2026-01570,2026-03-17 09:23:10,2026-03-17 09:37:40,14.5,EXTORTION,31164.94,UPI,BANK_SBI_SYNTH,STANDARD,ZONE_CENTRAL,9,1,REGISTERED
CMP-2026-01571,2026-03-22 20:45:33,2026-03-22 20:57:33,12.0,PHISHING_UPI,47827.11,IMPS,BANK_HDFC_SYNTH,RURAL_REGIONAL,ZONE_SOUTH,20,6,REGISTERED
CMP-2026-01572,2026-05-28 12:14:45,2026-05-28 13:23:57,69.2,LOAN_SCAM,22478.32,UPI,BANK_SBI_SYNTH,RURAL_REGIONAL,ZONE_SOUTH,12,3,REGISTERED
CMP-2026-01573,2026-04-21 21:31:24,2026-04-21 21:53:18,21.9,EXTORTION,28176.14,IMPS,BANK_HDFC_SYNTH,RURAL_REGIONAL,ZONE_EAST,21,1,REGISTERED
CMP-2026-01574,2026-06-17 07:52:18,2026-06-17 08:13:42,21.4,INVESTMENT_FRAUD,60877.56,IMPS,BANK_SBI_SYNTH,RURAL_REGIONAL,ZONE_EAST,7,2,REGISTERED
CMP-2026-01575,2026-05-15 13:26:50,2026-05-15 14:02:50,36.0,PHISHING_UPI,32618.8,IMPS,BANK_SBI_SYNTH,RURAL_REGIONAL,ZONE_EAST,13,4,REGISTERED
CMP-2026-01576,2026-04-12 09:28:58,2026-04-12 10:19:58,51.0,INVESTMENT_FRAUD,173241.24,UPI,BANK_ICIC_SYNTH,NEW_DIGITAL,ZONE_SOUTH,9,6,REGISTERED
CMP-2026-01577,2026-03-16 17:30:08,2026-03-16 18:17:50,47.7,TASK_FRAUD,26619.09,IMPS,BANK_SBI_SYNTH,NEW_DIGITAL,ZONE_SOUTH,17,0,REGISTERED
CMP-2026-01578,2026-08-23 19:25:43,2026-08-23 20:02:01,36.3,TASK_FRAUD,94118.49,UPI,BANK_ICIC_SYNTH,NEW_DIGITAL,ZONE_EAST,19,6,REGISTERED
CMP-2026-01579,2026-07-06 15:47:38,2026-07-06 16:35:32,47.9,TASK_FRAUD,98950.15,UPI,BANK_SBI_SYNTH,NEW_DIGITAL,ZONE_CENTRAL,15,0,REGISTERED
CMP-2026-01580,2026-06-09 20:03:21,2026-06-09 21:32:57,89.6,INVESTMENT_FRAUD,116280.6,UPI,BANK_HDFC_SYNTH,STANDARD,ZONE_WEST,20,1,REGISTERED
CMP-2026-01581,2026-05-24 08:22:38,2026-05-24 08:49:26,26.8,TASK_FRAUD,67368.58,UPI,BANK_SBI_SYNTH,NEW_DIGITAL,ZONE_CENTRAL,8,6,REGISTERED
CMP-2026-01582,2026-08-22 08:38:45,2026-08-22 09:18:39,39.9,TASK_FRAUD,56755.32,IMPS,BANK_SBI_SYNTH,STANDARD,ZONE_CENTRAL,8,5,REGISTERED
CMP-2026-01583,2026-03-01 12:32:39,2026-03-01 13:08:33,35.9,EXTORTION,31807.63,IMPS,BANK_ICIC_SYNTH,NEW_DIGITAL,ZONE_SOUTH,12,6,REGISTERED
CMP-2026-01584,2026-06-29 16:08:57,2026-06-29 17:40:09,91.2,INVESTMENT_FRAUD,195662.63,UPI,BANK_HDFC_SYNTH,NEW_DIGITAL,ZONE_WEST,16,0,REGISTERED
CMP-2026-01585,2026-04-16 22:32:31,2026-04-16 22:44:37,12.1,PHISHING_UPI,33417.2,NEFT,BANK_SBI_SYNTH,NEW_DIGITAL,ZONE_CENTRAL,22,3,REGISTERED
CMP-2026-01586,2026-08-06 15:08:05,2026-08-06 15:52:53,44.8,INVESTMENT_FRAUD,149527.74,NEFT,BANK_ICIC_SYNTH,NEW_DIGITAL,ZONE_CENTRAL,15,3,REGISTERED
CMP-2026-01587,2026-03-22 17:02:08,2026-03-22 17:46:08,44.0,LOAN_SCAM,6467.83,UPI,BANK_AXIS_SYNTH,STANDARD,ZONE_CENTRAL,17,6,REGISTERED
CMP-2026-01588,2026-07-13 16:59:27,2026-07-13 18:30:15,90.8,LOAN_SCAM,30583.66,NEFT,BANK_SBI_SYNTH,STANDARD,ZONE_NORTH,16,0,REGISTERED
CMP-2026-01589,2026-06-19 03:48:59,2026-06-19 04:01:05,12.1,EXTORTION,35015.89,IMPS,BANK_AXIS_SYNTH,RURAL_REGIONAL,ZONE_SOUTH,3,4,REGISTERED
CMP-2026-01590,2026-03-30 15:47:31,2026-03-30 16:07:01,19.5,INVESTMENT_FRAUD,138446.4,IMPS,BANK_ICIC_SYNTH,NEW_DIGITAL,ZONE_SOUTH,15,0,REGISTERED
CMP-2026-01591,2026-06-09 12:59:42,2026-06-09 13:24:54,25.2,TASK_FRAUD,91093.49,UPI,BANK_HDFC_SYNTH,STANDARD,ZONE_SOUTH,12,1,REGISTERED
CMP-2026-01592,2026-03-10 12:09:03,2026-03-10 12:35:57,26.9,TASK_FRAUD,23942.42,NEFT,BANK_HDFC_SYNTH,STANDARD,ZONE_SOUTH,12,1,REGISTERED
CMP-2026-01593,2026-03-30 16:29:27,2026-03-30 16:45:03,15.6,EXTORTION,21725.62,UPI,BANK_SBI_SYNTH,NEW_DIGITAL,ZONE_NORTH,16,0,REGISTERED
CMP-2026-01594,2026-03-08 03:22:45,2026-03-08 03:52:15,29.5,EXTORTION,13044.04,UPI,BANK_PNB_SYNTH,STANDARD,ZONE_EAST,3,6,REGISTERED
CMP-2026-01595,2026-07-31 10:55:09,2026-07-31 11:22:39,27.5,TASK_FRAUD,22438.66,UPI,BANK_HDFC_SYNTH,RURAL_REGIONAL,ZONE_NORTH,10,4,REGISTERED
CMP-2026-01596,2026-04-06 10:18:11,2026-04-06 10:35:59,17.8,TASK_FRAUD,61390.56,UPI,BANK_ICIC_SYNTH,RURAL_REGIONAL,ZONE_SOUTH,10,0,REGISTERED
CMP-2026-01597,2026-07-13 17:52:17,2026-07-13 18:58:11,65.9,INVESTMENT_FRAUD,138558.08,NEFT,BANK_ICIC_SYNTH,NEW_DIGITAL,ZONE_SOUTH,17,0,REGISTERED
CMP-2026-01598,2026-08-22 08:33:49,2026-08-22 10:03:01,89.2,INVESTMENT_FRAUD,100189.61,NEFT,BANK_ICIC_SYNTH,NEW_DIGITAL,ZONE_NORTH,8,5,REGISTERED
CMP-2026-01599,2026-04-14 03:31:43,2026-04-14 03:51:37,19.9,EXTORTION,39173.82,UPI,BANK_ICIC_SYNTH,STANDARD,ZONE_EAST,3,1,REGISTERED
CMP-2026-01600,2026-03-05 20:43:43,2026-03-05 21:41:49,58.1,TASK_FRAUD,73360.12,UPI,BANK_PNB_SYNTH,NEW_DIGITAL,ZONE_CENTRAL,20,3,REGISTERED
CMP-2026-01601,2026-06-15 09:06:53,2026-06-15 09:37:41,30.8,PHISHING_UPI,25561.2,IMPS,BANK_HDFC_SYNTH,NEW_DIGITAL,ZONE_SOUTH,9,0,REGISTERED
CMP-2026-01602,2026-03-15 14:53:45,2026-03-15 15:46:09,52.4,INVESTMENT_FRAUD,84114.64,UPI,BANK_SBI_SYNTH,NEW_DIGITAL,ZONE_NORTH,14,6,REGISTERED
CMP-2026-01603,2026-06-22 17:17:38,2026-06-22 17:55:02,37.4,INVESTMENT_FRAUD,42876.08,IMPS,BANK_HDFC_SYNTH,STANDARD,ZONE_WEST,17,0,REGISTERED
CMP-2026-01604,2026-06-27 12:28:20,2026-06-27 12:43:32,15.2,PHISHING_UPI,16036.53,IMPS,BANK_HDFC_SYNTH,RURAL_REGIONAL,ZONE_WEST,12,5,REGISTERED
CMP-2026-01605,2026-08-27 15:58:51,2026-08-27 16:10:51,12.0,EXTORTION,14445.91,IMPS,BANK_SBI_SYNTH,STANDARD,ZONE_SOUTH,15,3,REGISTERED
CMP-2026-01606,2026-07-23 22:18:20,2026-07-24 00:01:56,103.6,INVESTMENT_FRAUD,75061.71,NEFT,BANK_SBI_SYNTH,STANDARD,ZONE_WEST,22,3,REGISTERED
CMP-2026-01607,2026-06-07 07:38:24,2026-06-07 08:00:18,21.9,PHISHING_UPI,36038.76,NEFT,BANK_PNB_SYNTH,STANDARD,ZONE_NORTH,7,6,REGISTERED
CMP-2026-01608,2026-08-21 10:55:25,2026-08-21 16:17:37,322.2,LOAN_SCAM,19010.88,UPI,BANK_ICIC_SYNTH,NEW_DIGITAL,ZONE_NORTH,10,4,REGISTERED
CMP-2026-01609,2026-03-30 19:49:25,2026-03-30 21:08:13,78.8,LOAN_SCAM,25426.43,UPI,BANK_AXIS_SYNTH,STANDARD,ZONE_WEST,19,0,REGISTERED
CMP-2026-01610,2026-03-22 14:31:51,2026-03-22 15:33:57,62.1,TASK_FRAUD,60534.17,IMPS,BANK_SBI_SYNTH,STANDARD,ZONE_EAST,14,6,REGISTERED
CMP-2026-01611,2026-08-10 15:38:08,2026-08-10 16:09:14,31.1,LOAN_SCAM,23125.44,IMPS,BANK_ICIC_SYNTH,STANDARD,ZONE_CENTRAL,15,0,REGISTERED
CMP-2026-01612,2026-07-28 14:32:12,2026-07-28 14:45:30,13.3,PHISHING_UPI,49959.62,UPI,BANK_HDFC_SYNTH,NEW_DIGITAL,ZONE_NORTH,14,1,REGISTERED
CMP-2026-01613,2026-05-25 23:36:38,2026-05-26 01:08:32,91.9,INVESTMENT_FRAUD,129607.17,IMPS,BANK_ICIC_SYNTH,NEW_DIGITAL,ZONE_EAST,23,0,REGISTERED
CMP-2026-01614,2026-07-24 18:39:11,2026-07-24 19:00:53,21.7,PHISHING_UPI,42324.49,IMPS,BANK_ICIC_SYNTH,NEW_DIGITAL,ZONE_CENTRAL,18,4,REGISTERED
CMP-2026-01615,2026-06-01 13:29:43,2026-06-01 13:43:31,13.8,TASK_FRAUD,41484.33,UPI,BANK_HDFC_SYNTH,STANDARD,ZONE_SOUTH,13,0,REGISTERED
CMP-2026-01616,2026-08-15 12:33:40,2026-08-15 13:01:52,28.2,INVESTMENT_FRAUD,79321.96,IMPS,BANK_PNB_SYNTH,STANDARD,ZONE_SOUTH,12,5,REGISTERED
CMP-2026-01617,2026-05-18 11:58:51,2026-05-18 12:20:45,21.9,TASK_FRAUD,84996.48,IMPS,BANK_HDFC_SYNTH,STANDARD,ZONE_WEST,11,0,REGISTERED
CMP-2026-01618,2026-07-02 16:19:53,2026-07-02 18:21:41,121.8,LOAN_SCAM,16946.71,IMPS,BANK_PNB_SYNTH,STANDARD,ZONE_CENTRAL,16,3,REGISTERED
CMP-2026-01619,2026-04-23 17:03:35,2026-04-23 17:29:59,26.4,EXTORTION,21421.72,UPI,BANK_HDFC_SYNTH,NEW_DIGITAL,ZONE_CENTRAL,17,3,REGISTERED
CMP-2026-01620,2026-05-31 14:26:06,2026-05-31 14:56:30,30.4,INVESTMENT_FRAUD,170413.52,IMPS,BANK_SBI_SYNTH,RURAL_REGIONAL,ZONE_SOUTH,14,6,REGISTERED
CMP-2026-01621,2026-05-03 16:37:05,2026-05-03 17:34:23,57.3,INVESTMENT_FRAUD,137377.22,IMPS,BANK_PNB_SYNTH,NEW_DIGITAL,ZONE_CENTRAL,16,6,REGISTERED
CMP-2026-01622,2026-03-21 14:42:29,2026-03-21 14:54:29,12.0,EXTORTION,34870.38,UPI,BANK_SBI_SYNTH,NEW_DIGITAL,ZONE_NORTH,14,5,REGISTERED
CMP-2026-01623,2026-07-30 23:02:05,2026-07-30 23:28:17,26.2,INVESTMENT_FRAUD,195514.12,UPI,BANK_AXIS_SYNTH,NEW_DIGITAL,ZONE_CENTRAL,23,3,REGISTERED
CMP-2026-01624,2026-04-26 12:46:29,2026-04-26 13:50:41,64.2,LOAN_SCAM,7910.66,IMPS,BANK_AXIS_SYNTH,RURAL_REGIONAL,ZONE_CENTRAL,12,6,REGISTERED
CMP-2026-01625,2026-06-21 14:16:21,2026-06-21 14:29:39,13.3,PHISHING_UPI,37123.96,UPI,BANK_SBI_SYNTH,NEW_DIGITAL,ZONE_EAST,14,6,REGISTERED
CMP-2026-01626,2026-08-04 07:11:13,2026-08-04 07:33:25,22.2,PHISHING_UPI,31039.08,UPI,BANK_PNB_SYNTH,STANDARD,ZONE_WEST,7,1,REGISTERED
CMP-2026-01627,2026-08-04 18:06:27,2026-08-04 19:39:03,92.6,LOAN_SCAM,8482.48,IMPS,BANK_ICIC_SYNTH,NEW_DIGITAL,ZONE_NORTH,18,1,REGISTERED
CMP-2026-01628,2026-05-11 10:00:10,2026-05-11 10:33:04,32.9,INVESTMENT_FRAUD,137165.32,UPI,BANK_PNB_SYNTH,NEW_DIGITAL,ZONE_WEST,10,0,REGISTERED
CMP-2026-01629,2026-07-03 19:55:42,2026-07-03 21:53:48,118.1,LOAN_SCAM,16770.38,UPI,BANK_HDFC_SYNTH,STANDARD,ZONE_CENTRAL,19,4,REGISTERED
CMP-2026-01630,2026-06-17 14:31:19,2026-06-17 14:47:31,16.2,EXTORTION,27536.37,UPI,BANK_AXIS_SYNTH,STANDARD,ZONE_CENTRAL,14,2,REGISTERED
CMP-2026-01631,2026-07-03 23:44:43,2026-07-04 00:07:01,22.3,PHISHING_UPI,24932.67,IMPS,BANK_PNB_SYNTH,NEW_DIGITAL,ZONE_CENTRAL,23,4,REGISTERED
CMP-2026-01632,2026-03-16 10:08:00,2026-03-16 10:40:54,32.9,INVESTMENT_FRAUD,134364.4,IMPS,BANK_ICIC_SYNTH,NEW_DIGITAL,ZONE_NORTH,10,0,REGISTERED
CMP-2026-01633,2026-04-03 16:01:13,2026-04-03 16:13:13,12.0,PHISHING_UPI,53429.18,IMPS,BANK_HDFC_SYNTH,NEW_DIGITAL,ZONE_WEST,16,4,REGISTERED
CMP-2026-01634,2026-06-25 17:27:53,2026-06-25 18:12:59,45.1,INVESTMENT_FRAUD,76431.54,UPI,BANK_ICIC_SYNTH,NEW_DIGITAL,ZONE_EAST,17,3,REGISTERED
CMP-2026-01635,2026-03-16 18:49:29,2026-03-16 19:09:05,19.6,PHISHING_UPI,9257.64,UPI,BANK_ICIC_SYNTH,RURAL_REGIONAL,ZONE_NORTH,18,0,REGISTERED
CMP-2026-01636,2026-03-30 23:09:47,2026-03-31 00:33:35,83.8,LOAN_SCAM,31167.56,NEFT,BANK_HDFC_SYNTH,STANDARD,ZONE_CENTRAL,23,0,REGISTERED
CMP-2026-01637,2026-08-02 19:37:15,2026-08-02 19:52:57,15.7,PHISHING_UPI,21737.07,UPI,BANK_SBI_SYNTH,RURAL_REGIONAL,ZONE_NORTH,19,6,REGISTERED
CMP-2026-01638,2026-03-02 16:40:54,2026-03-02 16:57:42,16.8,EXTORTION,20259.22,UPI,BANK_AXIS_SYNTH,NEW_DIGITAL,ZONE_SOUTH,16,0,REGISTERED
CMP-2026-01639,2026-07-11 16:38:46,2026-07-11 17:33:34,54.8,TASK_FRAUD,26144.88,IMPS,BANK_ICIC_SYNTH,RURAL_REGIONAL,ZONE_NORTH,16,5,REGISTERED
CMP-2026-01640,2026-03-07 21:25:31,2026-03-07 21:39:25,13.9,TASK_FRAUD,92169.38,IMPS,BANK_HDFC_SYNTH,NEW_DIGITAL,ZONE_NORTH,21,5,REGISTERED
CMP-2026-01641,2026-03-11 09:01:27,2026-03-11 09:33:45,32.3,EXTORTION,29374.73,IMPS,BANK_SBI_SYNTH,NEW_DIGITAL,ZONE_EAST,9,2,REGISTERED
CMP-2026-01642,2026-04-18 19:41:26,2026-04-18 20:21:32,40.1,INVESTMENT_FRAUD,96779.16,UPI,BANK_AXIS_SYNTH,STANDARD,ZONE_CENTRAL,19,5,REGISTERED
CMP-2026-01643,2026-03-22 14:39:41,2026-03-22 15:49:05,69.4,EXTORTION,46251.86,UPI,BANK_HDFC_SYNTH,RURAL_REGIONAL,ZONE_EAST,14,6,REGISTERED
CMP-2026-01644,2026-03-04 10:18:46,2026-03-04 10:46:22,27.6,TASK_FRAUD,56458.19,NEFT,BANK_ICIC_SYNTH,STANDARD,ZONE_WEST,10,2,REGISTERED
CMP-2026-01645,2026-05-31 19:37:58,2026-05-31 20:06:34,28.6,TASK_FRAUD,63891.07,IMPS,BANK_HDFC_SYNTH,RURAL_REGIONAL,ZONE_CENTRAL,19,6,REGISTERED
CMP-2026-01646,2026-03-24 20:18:46,2026-03-24 20:33:22,14.6,PHISHING_UPI,28833.36,NEFT,BANK_HDFC_SYNTH,NEW_DIGITAL,ZONE_WEST,20,1,REGISTERED
CMP-2026-01647,2026-06-30 19:47:23,2026-06-30 20:14:05,26.7,TASK_FRAUD,58359.75,UPI,BANK_ICIC_SYNTH,NEW_DIGITAL,ZONE_EAST,19,1,REGISTERED
CMP-2026-01648,2026-06-20 17:18:44,2026-06-20 17:40:14,21.5,TASK_FRAUD,56580.86,UPI,BANK_HDFC_SYNTH,NEW_DIGITAL,ZONE_NORTH,17,5,REGISTERED
CMP-2026-01649,2026-03-24 12:12:10,2026-03-24 12:40:58,28.8,PHISHING_UPI,39691.44,NEFT,BANK_HDFC_SYNTH,STANDARD,ZONE_CENTRAL,12,1,REGISTERED
CMP-2026-01650,2026-08-17 16:31:19,2026-08-17 16:55:43,24.4,INVESTMENT_FRAUD,149612.68,UPI,BANK_SBI_SYNTH,RURAL_REGIONAL,ZONE_NORTH,16,0,REGISTERED
CMP-2026-01651,2026-08-27 11:22:56,2026-08-27 12:36:26,73.5,INVESTMENT_FRAUD,173802.33,UPI,BANK_HDFC_SYNTH,NEW_DIGITAL,ZONE_SOUTH,11,3,REGISTERED
CMP-2026-01652,2026-04-01 16:55:57,2026-04-01 17:19:33,23.6,PHISHING_UPI,10112.11,UPI,BANK_SBI_SYNTH,NEW_DIGITAL,ZONE_EAST,16,2,REGISTERED
CMP-2026-01653,2026-04-30 16:07:39,2026-04-30 16:45:15,37.6,INVESTMENT_FRAUD,118458.76,IMPS,BANK_SBI_SYNTH,STANDARD,ZONE_SOUTH,16,3,REGISTERED
CMP-2026-01654,2026-05-27 13:21:50,2026-05-27 13:45:20,23.5,TASK_FRAUD,78619.22,UPI,BANK_SBI_SYNTH,STANDARD,ZONE_SOUTH,13,2,REGISTERED
CMP-2026-01655,2026-07-17 21:35:17,2026-07-17 21:59:29,24.2,PHISHING_UPI,26272.36,NEFT,BANK_SBI_SYNTH,NEW_DIGITAL,ZONE_CENTRAL,21,4,REGISTERED
CMP-2026-01656,2026-08-01 09:55:32,2026-08-01 10:16:08,20.6,EXTORTION,33462.34,UPI,BANK_SBI_SYNTH,NEW_DIGITAL,ZONE_EAST,9,5,REGISTERED
CMP-2026-01657,2026-07-06 08:59:28,2026-07-06 09:16:40,17.2,TASK_FRAUD,83481.7,UPI,BANK_HDFC_SYNTH,STANDARD,ZONE_SOUTH,8,0,REGISTERED
CMP-2026-01658,2026-08-23 17:50:39,2026-08-23 18:58:51,68.2,TASK_FRAUD,36003.94,IMPS,BANK_SBI_SYNTH,NEW_DIGITAL,ZONE_NORTH,17,6,REGISTERED
CMP-2026-01659,2026-07-27 11:02:32,2026-07-27 11:49:20,46.8,INVESTMENT_FRAUD,171855.19,UPI,BANK_SBI_SYNTH,STANDARD,ZONE_SOUTH,11,0,REGISTERED
CMP-2026-01660,2026-08-04 11:58:23,2026-08-04 13:49:17,110.9,LOAN_SCAM,27790.34,UPI,BANK_HDFC_SYNTH,STANDARD,ZONE_NORTH,11,1,REGISTERED
CMP-2026-01661,2026-07-06 13:48:32,2026-07-06 14:23:08,34.6,TASK_FRAUD,84338.7,UPI,BANK_SBI_SYNTH,STANDARD,ZONE_NORTH,13,0,REGISTERED
CMP-2026-01662,2026-03-28 10:23:21,2026-03-28 10:54:57,31.6,PHISHING_UPI,16958.26,UPI,BANK_ICIC_SYNTH,NEW_DIGITAL,ZONE_SOUTH,10,5,REGISTERED
CMP-2026-01663,2026-07-31 13:28:26,2026-07-31 13:40:26,12.0,PHISHING_UPI,29187.27,IMPS,BANK_ICIC_SYNTH,NEW_DIGITAL,ZONE_EAST,13,4,REGISTERED
CMP-2026-01664,2026-04-14 04:51:30,2026-04-14 05:07:24,15.9,TASK_FRAUD,90517.76,IMPS,BANK_ICIC_SYNTH,STANDARD,ZONE_WEST,4,1,REGISTERED
CMP-2026-01665,2026-05-07 17:48:26,2026-05-07 18:35:38,47.2,LOAN_SCAM,30448.25,NEFT,BANK_ICIC_SYNTH,NEW_DIGITAL,ZONE_EAST,17,3,REGISTERED
CMP-2026-01666,2026-07-14 19:26:50,2026-07-14 19:38:50,12.0,TASK_FRAUD,29424.58,UPI,BANK_SBI_SYNTH,NEW_DIGITAL,ZONE_CENTRAL,19,1,REGISTERED
CMP-2026-01667,2026-05-14 12:26:57,2026-05-14 13:30:45,63.8,PHISHING_UPI,17933.56,IMPS,BANK_PNB_SYNTH,RURAL_REGIONAL,ZONE_EAST,12,3,REGISTERED
CMP-2026-01668,2026-08-17 14:28:09,2026-08-17 15:15:09,47.0,TASK_FRAUD,28849.67,UPI,BANK_HDFC_SYNTH,RURAL_REGIONAL,ZONE_NORTH,14,0,REGISTERED
CMP-2026-01669,2026-03-16 10:20:25,2026-03-16 10:53:07,32.7,TASK_FRAUD,39505.91,UPI,BANK_SBI_SYNTH,NEW_DIGITAL,ZONE_CENTRAL,10,0,REGISTERED
CMP-2026-01670,2026-03-30 13:03:25,2026-03-30 13:23:19,19.9,TASK_FRAUD,98810.1,UPI,BANK_ICIC_SYNTH,NEW_DIGITAL,ZONE_NORTH,13,0,REGISTERED
CMP-2026-01671,2026-08-10 20:03:40,2026-08-10 20:50:28,46.8,TASK_FRAUD,30859.53,IMPS,BANK_SBI_SYNTH,STANDARD,ZONE_NORTH,20,0,REGISTERED
CMP-2026-01672,2026-07-22 13:56:33,2026-07-22 15:05:39,69.1,LOAN_SCAM,13902.22,IMPS,BANK_ICIC_SYNTH,STANDARD,ZONE_SOUTH,13,2,REGISTERED
CMP-2026-01673,2026-05-15 18:56:43,2026-05-15 19:08:43,12.0,PHISHING_UPI,54306.69,UPI,BANK_SBI_SYNTH,NEW_DIGITAL,ZONE_EAST,18,4,REGISTERED
CMP-2026-01674,2026-07-08 15:20:58,2026-07-08 15:50:46,29.8,TASK_FRAUD,83682.94,UPI,BANK_AXIS_SYNTH,NEW_DIGITAL,ZONE_WEST,15,2,REGISTERED
CMP-2026-01675,2026-08-10 13:39:58,2026-08-10 14:22:28,42.5,INVESTMENT_FRAUD,136984.95,UPI,BANK_HDFC_SYNTH,STANDARD,ZONE_SOUTH,13,0,REGISTERED
CMP-2026-01676,2026-05-20 14:13:56,2026-05-20 14:45:02,31.1,TASK_FRAUD,90846.78,UPI,BANK_SBI_SYNTH,NEW_DIGITAL,ZONE_NORTH,14,2,REGISTERED
CMP-2026-01677,2026-07-04 16:56:51,2026-07-04 17:09:21,12.5,PHISHING_UPI,54072.7,IMPS,BANK_SBI_SYNTH,RURAL_REGIONAL,ZONE_SOUTH,16,5,REGISTERED
CMP-2026-01678,2026-07-18 14:56:19,2026-07-18 15:24:31,28.2,INVESTMENT_FRAUD,57985.47,UPI,BANK_SBI_SYNTH,NEW_DIGITAL,ZONE_CENTRAL,14,5,REGISTERED
CMP-2026-01679,2026-05-10 14:46:47,2026-05-10 17:10:17,143.5,INVESTMENT_FRAUD,80214.07,NEFT,BANK_SBI_SYNTH,STANDARD,ZONE_NORTH,14,6,REGISTERED
CMP-2026-01680,2026-06-02 15:34:18,2026-06-02 16:44:24,70.1,INVESTMENT_FRAUD,175684.32,UPI,BANK_HDFC_SYNTH,NEW_DIGITAL,ZONE_WEST,15,1,REGISTERED
CMP-2026-01681,2026-06-02 11:48:40,2026-06-02 12:30:58,42.3,INVESTMENT_FRAUD,99902.82,IMPS,BANK_SBI_SYNTH,NEW_DIGITAL,ZONE_EAST,11,1,REGISTERED
CMP-2026-01682,2026-08-08 16:34:37,2026-08-08 16:48:13,13.6,EXTORTION,30349.61,IMPS,BANK_HDFC_SYNTH,NEW_DIGITAL,ZONE_CENTRAL,16,5,REGISTERED
CMP-2026-01683,2026-08-25 16:07:46,2026-08-25 16:42:34,34.8,TASK_FRAUD,39709.05,IMPS,BANK_SBI_SYNTH,STANDARD,ZONE_WEST,16,1,REGISTERED
CMP-2026-01684,2026-04-16 15:32:22,2026-04-16 16:27:04,54.7,INVESTMENT_FRAUD,90336.76,UPI,BANK_ICIC_SYNTH,STANDARD,ZONE_NORTH,15,3,REGISTERED
CMP-2026-01685,2026-05-20 10:36:47,2026-05-20 10:53:05,16.3,PHISHING_UPI,57810.36,IMPS,BANK_ICIC_SYNTH,STANDARD,ZONE_SOUTH,10,2,REGISTERED
CMP-2026-01686,2026-07-23 19:37:36,2026-07-23 19:53:00,15.4,EXTORTION,41358.43,IMPS,BANK_AXIS_SYNTH,RURAL_REGIONAL,ZONE_CENTRAL,19,3,REGISTERED
CMP-2026-01687,2026-04-21 10:50:52,2026-04-21 11:09:46,18.9,PHISHING_UPI,58291.74,IMPS,BANK_SBI_SYNTH,RURAL_REGIONAL,ZONE_WEST,10,1,REGISTERED
CMP-2026-01688,2026-06-02 16:15:06,2026-06-02 16:46:36,31.5,INVESTMENT_FRAUD,188714.02,NEFT,BANK_PNB_SYNTH,NEW_DIGITAL,ZONE_EAST,16,1,REGISTERED
CMP-2026-01689,2026-05-05 11:06:09,2026-05-05 12:09:15,63.1,INVESTMENT_FRAUD,173335.85,IMPS,BANK_SBI_SYNTH,STANDARD,ZONE_CENTRAL,11,1,REGISTERED
CMP-2026-01690,2026-03-15 18:03:27,2026-03-15 18:41:45,38.3,PHISHING_UPI,30025.09,NEFT,BANK_HDFC_SYNTH,STANDARD,ZONE_CENTRAL,18,6,REGISTERED
CMP-2026-01691,2026-05-25 11:28:04,2026-05-25 12:28:10,60.1,TASK_FRAUD,77213.76,UPI,BANK_HDFC_SYNTH,STANDARD,ZONE_NORTH,11,0,REGISTERED
CMP-2026-01692,2026-06-14 12:33:49,2026-06-14 12:47:07,13.3,PHISHING_UPI,57345.32,IMPS,BANK_HDFC_SYNTH,NEW_DIGITAL,ZONE_WEST,12,6,REGISTERED
CMP-2026-01693,2026-06-23 12:28:44,2026-06-23 13:08:08,39.4,TASK_FRAUD,56622.35,UPI,BANK_SBI_SYNTH,NEW_DIGITAL,ZONE_NORTH,12,1,REGISTERED
CMP-2026-01694,2026-05-28 08:26:52,2026-05-28 08:52:52,26.0,INVESTMENT_FRAUD,78317.05,UPI,BANK_SBI_SYNTH,NEW_DIGITAL,ZONE_EAST,8,3,REGISTERED
CMP-2026-01695,2026-05-22 10:45:32,2026-05-22 10:59:08,13.6,PHISHING_UPI,50931.94,UPI,BANK_ICIC_SYNTH,NEW_DIGITAL,ZONE_EAST,10,4,REGISTERED
CMP-2026-01696,2026-03-22 01:13:29,2026-03-22 02:02:11,48.7,LOAN_SCAM,39663.45,IMPS,BANK_SBI_SYNTH,STANDARD,ZONE_CENTRAL,1,6,REGISTERED
CMP-2026-01697,2026-08-17 19:23:58,2026-08-17 19:39:04,15.1,PHISHING_UPI,49582.3,IMPS,BANK_PNB_SYNTH,NEW_DIGITAL,ZONE_WEST,19,0,REGISTERED
CMP-2026-01698,2026-06-17 16:26:07,2026-06-17 16:47:07,21.0,PHISHING_UPI,20441.36,UPI,BANK_ICIC_SYNTH,STANDARD,ZONE_NORTH,16,2,REGISTERED
CMP-2026-01699,2026-03-28 16:23:19,2026-03-28 18:50:37,147.3,LOAN_SCAM,38356.82,IMPS,BANK_HDFC_SYNTH,NEW_DIGITAL,ZONE_NORTH,16,5,REGISTERED
CMP-2026-01700,2026-04-24 13:31:01,2026-04-24 13:44:01,13.0,PHISHING_UPI,27953.78,NEFT,BANK_ICIC_SYNTH,NEW_DIGITAL,ZONE_CENTRAL,13,4,REGISTERED
CMP-2026-01701,2026-05-15 12:59:57,2026-05-15 13:28:21,28.4,TASK_FRAUD,54799.14,UPI,BANK_ICIC_SYNTH,RURAL_REGIONAL,ZONE_NORTH,12,4,REGISTERED
CMP-2026-01702,2026-07-26 15:31:00,2026-07-26 15:43:00,12.0,EXTORTION,35669.73,UPI,BANK_SBI_SYNTH,NEW_DIGITAL,ZONE_CENTRAL,15,6,REGISTERED
CMP-2026-01703,2026-03-09 13:30:36,2026-03-09 13:57:30,26.9,TASK_FRAUD,74355.79,UPI,BANK_SBI_SYNTH,NEW_DIGITAL,ZONE_CENTRAL,13,0,REGISTERED
CMP-2026-01704,2026-07-19 13:30:53,2026-07-19 13:43:35,12.7,PHISHING_UPI,21165.41,IMPS,BANK_HDFC_SYNTH,NEW_DIGITAL,ZONE_CENTRAL,13,6,REGISTERED
CMP-2026-01705,2026-05-30 08:29:48,2026-05-30 09:13:24,43.6,INVESTMENT_FRAUD,160951.04,IMPS,BANK_PNB_SYNTH,RURAL_REGIONAL,ZONE_EAST,8,5,REGISTERED
CMP-2026-01706,2026-07-10 12:05:51,2026-07-10 12:34:39,28.8,TASK_FRAUD,69193.38,UPI,BANK_HDFC_SYNTH,STANDARD,ZONE_CENTRAL,12,4,REGISTERED
CMP-2026-01707,2026-05-09 05:57:25,2026-05-09 06:20:37,23.2,PHISHING_UPI,24273.24,NEFT,BANK_HDFC_SYNTH,RURAL_REGIONAL,ZONE_EAST,5,5,REGISTERED
CMP-2026-01708,2026-08-08 17:47:17,2026-08-08 18:15:53,28.6,TASK_FRAUD,51370.25,IMPS,BANK_PNB_SYNTH,NEW_DIGITAL,ZONE_EAST,17,5,REGISTERED
CMP-2026-01709,2026-07-06 16:36:40,2026-07-06 16:48:40,12.0,PHISHING_UPI,14667.49,IMPS,BANK_SBI_SYNTH,NEW_DIGITAL,ZONE_CENTRAL,16,0,REGISTERED
CMP-2026-01710,2026-03-23 10:35:05,2026-03-23 10:50:53,15.8,EXTORTION,16499.17,UPI,BANK_SBI_SYNTH,STANDARD,ZONE_WEST,10,0,REGISTERED
CMP-2026-01711,2026-06-02 16:48:30,2026-06-02 17:21:06,32.6,INVESTMENT_FRAUD,169862.14,UPI,BANK_ICIC_SYNTH,NEW_DIGITAL,ZONE_SOUTH,16,1,REGISTERED
CMP-2026-01712,2026-03-22 14:59:34,2026-03-22 15:41:16,41.7,TASK_FRAUD,79462.26,UPI,BANK_SBI_SYNTH,RURAL_REGIONAL,ZONE_SOUTH,14,6,REGISTERED
CMP-2026-01713,2026-04-19 12:13:15,2026-04-19 12:46:09,32.9,EXTORTION,38611.29,NEFT,BANK_SBI_SYNTH,RURAL_REGIONAL,ZONE_NORTH,12,6,REGISTERED
CMP-2026-01714,2026-07-30 12:37:28,2026-07-30 12:56:52,19.4,PHISHING_UPI,53300.5,IMPS,BANK_SBI_SYNTH,NEW_DIGITAL,ZONE_NORTH,12,3,REGISTERED
CMP-2026-01715,2026-03-09 14:55:59,2026-03-09 15:17:17,21.3,INVESTMENT_FRAUD,190385.13,IMPS,BANK_PNB_SYNTH,RURAL_REGIONAL,ZONE_EAST,14,0,REGISTERED
CMP-2026-01716,2026-03-05 06:33:20,2026-03-05 06:49:08,15.8,TASK_FRAUD,23585.3,NEFT,BANK_AXIS_SYNTH,NEW_DIGITAL,ZONE_SOUTH,6,3,REGISTERED
CMP-2026-01717,2026-03-18 02:10:18,2026-03-18 02:38:54,28.6,TASK_FRAUD,84600.93,UPI,BANK_ICIC_SYNTH,NEW_DIGITAL,ZONE_EAST,2,2,REGISTERED
CMP-2026-01718,2026-03-28 15:26:43,2026-03-28 15:56:13,29.5,PHISHING_UPI,24482.14,IMPS,BANK_AXIS_SYNTH,STANDARD,ZONE_CENTRAL,15,5,REGISTERED
CMP-2026-01719,2026-04-02 18:45:03,2026-04-02 19:08:03,23.0,PHISHING_UPI,38819.43,IMPS,BANK_PNB_SYNTH,NEW_DIGITAL,ZONE_WEST,18,3,REGISTERED
CMP-2026-01720,2026-04-27 06:26:57,2026-04-27 06:45:15,18.3,PHISHING_UPI,30461.55,UPI,BANK_SBI_SYNTH,STANDARD,ZONE_WEST,6,0,REGISTERED
CMP-2026-01721,2026-08-17 12:57:07,2026-08-17 13:50:13,53.1,EXTORTION,12198.31,NEFT,BANK_HDFC_SYNTH,STANDARD,ZONE_SOUTH,12,0,REGISTERED
CMP-2026-01722,2026-06-14 08:31:32,2026-06-14 09:36:32,65.0,INVESTMENT_FRAUD,115751.26,UPI,BANK_PNB_SYNTH,NEW_DIGITAL,ZONE_NORTH,8,6,REGISTERED
CMP-2026-01723,2026-08-18 09:17:03,2026-08-18 09:58:45,41.7,PHISHING_UPI,36649.25,UPI,BANK_SBI_SYNTH,NEW_DIGITAL,ZONE_CENTRAL,9,1,REGISTERED
CMP-2026-01724,2026-03-12 16:01:26,2026-03-12 16:13:26,12.0,PHISHING_UPI,36352.08,IMPS,BANK_SBI_SYNTH,RURAL_REGIONAL,ZONE_WEST,16,3,REGISTERED
CMP-2026-01725,2026-04-18 17:37:43,2026-04-18 18:18:25,40.7,TASK_FRAUD,54387.66,UPI,BANK_SBI_SYNTH,STANDARD,ZONE_CENTRAL,17,5,REGISTERED
CMP-2026-01726,2026-04-24 15:26:28,2026-04-24 15:39:46,13.3,PHISHING_UPI,15064.87,UPI,BANK_ICIC_SYNTH,NEW_DIGITAL,ZONE_SOUTH,15,4,REGISTERED
CMP-2026-01727,2026-03-26 02:34:10,2026-03-26 02:46:46,12.6,EXTORTION,38344.14,UPI,BANK_SBI_SYNTH,RURAL_REGIONAL,ZONE_SOUTH,2,3,REGISTERED
CMP-2026-01728,2026-06-08 19:02:00,2026-06-08 20:09:06,67.1,LOAN_SCAM,13305.3,UPI,BANK_ICIC_SYNTH,STANDARD,ZONE_WEST,19,0,REGISTERED
CMP-2026-01729,2026-06-26 15:10:00,2026-06-26 15:42:06,32.1,TASK_FRAUD,31188.36,UPI,BANK_HDFC_SYNTH,STANDARD,ZONE_SOUTH,15,4,REGISTERED
CMP-2026-01730,2026-04-19 13:16:53,2026-04-19 14:37:41,80.8,TASK_FRAUD,27688.83,UPI,BANK_SBI_SYNTH,RURAL_REGIONAL,ZONE_SOUTH,13,6,REGISTERED
CMP-2026-01731,2026-07-30 09:13:37,2026-07-30 10:04:25,50.8,TASK_FRAUD,67409.26,UPI,BANK_HDFC_SYNTH,RURAL_REGIONAL,ZONE_WEST,9,3,REGISTERED
CMP-2026-01732,2026-04-20 08:10:47,2026-04-20 08:46:23,35.6,EXTORTION,24355.13,NEFT,BANK_AXIS_SYNTH,RURAL_REGIONAL,ZONE_SOUTH,8,0,REGISTERED
CMP-2026-01733,2026-05-11 17:07:53,2026-05-11 17:21:17,13.4,PHISHING_UPI,12219.42,IMPS,BANK_PNB_SYNTH,NEW_DIGITAL,ZONE_WEST,17,0,REGISTERED
CMP-2026-01734,2026-04-07 12:32:51,2026-04-07 13:18:21,45.5,LOAN_SCAM,30053.69,IMPS,BANK_ICIC_SYNTH,NEW_DIGITAL,ZONE_EAST,12,1,REGISTERED
CMP-2026-01735,2026-06-23 21:48:45,2026-06-23 22:28:33,39.8,INVESTMENT_FRAUD,146816.17,UPI,BANK_HDFC_SYNTH,STANDARD,ZONE_EAST,21,1,REGISTERED
CMP-2026-01736,2026-06-28 12:20:21,2026-06-28 12:40:33,20.2,INVESTMENT_FRAUD,195232.41,IMPS,BANK_SBI_SYNTH,NEW_DIGITAL,ZONE_CENTRAL,12,6,REGISTERED
CMP-2026-01737,2026-07-03 11:41:59,2026-07-03 12:04:17,22.3,INVESTMENT_FRAUD,41884.59,UPI,BANK_ICIC_SYNTH,NEW_DIGITAL,ZONE_CENTRAL,11,4,REGISTERED
CMP-2026-01738,2026-03-01 07:00:43,2026-03-01 07:49:01,48.3,INVESTMENT_FRAUD,104945.58,NEFT,BANK_ICIC_SYNTH,STANDARD,ZONE_WEST,7,6,REGISTERED
CMP-2026-01739,2026-07-16 20:34:05,2026-07-16 20:47:59,13.9,INVESTMENT_FRAUD,148298.88,NEFT,BANK_HDFC_SYNTH,STANDARD,ZONE_CENTRAL,20,3,REGISTERED
CMP-2026-01740,2026-08-08 21:52:42,2026-08-08 22:10:54,18.2,EXTORTION,45315.41,UPI,BANK_PNB_SYNTH,NEW_DIGITAL,ZONE_EAST,21,5,REGISTERED
CMP-2026-01741,2026-07-25 14:52:38,2026-07-25 15:10:08,17.5,PHISHING_UPI,44063.95,UPI,BANK_SBI_SYNTH,NEW_DIGITAL,ZONE_WEST,14,5,REGISTERED
CMP-2026-01742,2026-07-30 12:51:44,2026-07-30 13:38:56,47.2,PHISHING_UPI,45779.2,UPI,BANK_ICIC_SYNTH,STANDARD,ZONE_EAST,12,3,REGISTERED
CMP-2026-01743,2026-03-23 14:23:59,2026-03-23 14:48:05,24.1,PHISHING_UPI,12774.66,UPI,BANK_HDFC_SYNTH,STANDARD,ZONE_EAST,14,0,REGISTERED
CMP-2026-01744,2026-04-09 08:01:48,2026-04-09 08:22:06,20.3,PHISHING_UPI,23146.15,NEFT,BANK_SBI_SYNTH,NEW_DIGITAL,ZONE_CENTRAL,8,3,REGISTERED
CMP-2026-01745,2026-07-25 16:40:19,2026-07-25 16:57:55,17.6,TASK_FRAUD,30195.44,UPI,BANK_SBI_SYNTH,STANDARD,ZONE_SOUTH,16,5,REGISTERED
CMP-2026-01746,2026-05-28 18:23:02,2026-05-28 18:35:02,12.0,PHISHING_UPI,29702.18,NEFT,BANK_ICIC_SYNTH,RURAL_REGIONAL,ZONE_WEST,18,3,REGISTERED
CMP-2026-01747,2026-08-25 09:40:25,2026-08-25 10:06:01,25.6,TASK_FRAUD,37164.34,UPI,BANK_ICIC_SYNTH,STANDARD,ZONE_CENTRAL,9,1,REGISTERED
CMP-2026-01748,2026-06-11 10:31:10,2026-06-11 11:18:10,47.0,TASK_FRAUD,27486.83,UPI,BANK_SBI_SYNTH,STANDARD,ZONE_WEST,10,3,REGISTERED
CMP-2026-01749,2026-03-12 16:08:47,2026-03-12 16:20:47,12.0,PHISHING_UPI,22552.67,UPI,BANK_ICIC_SYNTH,NEW_DIGITAL,ZONE_CENTRAL,16,3,REGISTERED
CMP-2026-01750,2026-08-16 13:54:14,2026-08-16 14:11:50,17.6,PHISHING_UPI,55957.07,IMPS,BANK_ICIC_SYNTH,NEW_DIGITAL,ZONE_EAST,13,6,REGISTERED
CMP-2026-01751,2026-07-10 13:17:12,2026-07-10 14:00:12,43.0,INVESTMENT_FRAUD,46092.72,IMPS,BANK_HDFC_SYNTH,RURAL_REGIONAL,ZONE_NORTH,13,4,REGISTERED
CMP-2026-01752,2026-03-05 20:44:43,2026-03-05 20:59:43,15.0,TASK_FRAUD,77552.36,IMPS,BANK_AXIS_SYNTH,NEW_DIGITAL,ZONE_WEST,20,3,REGISTERED
CMP-2026-01753,2026-08-06 14:00:27,2026-08-06 14:47:39,47.2,INVESTMENT_FRAUD,119552.38,IMPS,BANK_SBI_SYNTH,NEW_DIGITAL,ZONE_SOUTH,14,3,REGISTERED
CMP-2026-01754,2026-08-01 14:20:27,2026-08-01 14:35:21,14.9,PHISHING_UPI,57392.23,UPI,BANK_SBI_SYNTH,NEW_DIGITAL,ZONE_CENTRAL,14,5,REGISTERED
CMP-2026-01755,2026-05-13 15:07:43,2026-05-13 16:57:37,109.9,LOAN_SCAM,34002.75,UPI,BANK_AXIS_SYNTH,NEW_DIGITAL,ZONE_WEST,15,2,REGISTERED
CMP-2026-01756,2026-05-05 05:48:02,2026-05-05 06:46:56,58.9,INVESTMENT_FRAUD,49066.21,UPI,BANK_PNB_SYNTH,STANDARD,ZONE_EAST,5,1,REGISTERED
CMP-2026-01757,2026-04-10 10:17:58,2026-04-10 10:29:58,12.0,EXTORTION,28721.39,UPI,BANK_AXIS_SYNTH,STANDARD,ZONE_EAST,10,4,REGISTERED
CMP-2026-01758,2026-04-26 20:25:12,2026-04-26 20:49:54,24.7,EXTORTION,23557.03,UPI,BANK_SBI_SYNTH,NEW_DIGITAL,ZONE_SOUTH,20,6,REGISTERED
CMP-2026-01759,2026-08-26 19:14:44,2026-08-26 19:32:08,17.4,TASK_FRAUD,63934.12,IMPS,BANK_HDFC_SYNTH,RURAL_REGIONAL,ZONE_SOUTH,19,2,REGISTERED
CMP-2026-01760,2026-08-13 09:12:10,2026-08-13 09:44:40,32.5,PHISHING_UPI,38714.22,UPI,BANK_PNB_SYNTH,STANDARD,ZONE_SOUTH,9,3,REGISTERED
CMP-2026-01761,2026-06-21 07:06:01,2026-06-21 07:40:49,34.8,INVESTMENT_FRAUD,90688.42,UPI,BANK_ICIC_SYNTH,STANDARD,ZONE_WEST,7,6,REGISTERED
CMP-2026-01762,2026-06-15 13:40:59,2026-06-15 14:16:05,35.1,TASK_FRAUD,33515.53,NEFT,BANK_SBI_SYNTH,NEW_DIGITAL,ZONE_CENTRAL,13,0,REGISTERED
CMP-2026-01763,2026-05-25 14:21:53,2026-05-25 14:40:53,19.0,TASK_FRAUD,94504.45,UPI,BANK_ICIC_SYNTH,STANDARD,ZONE_EAST,14,0,REGISTERED
CMP-2026-01764,2026-06-02 11:15:04,2026-06-02 11:41:04,26.0,PHISHING_UPI,5573.5,UPI,BANK_ICIC_SYNTH,NEW_DIGITAL,ZONE_SOUTH,11,1,REGISTERED
CMP-2026-01765,2026-07-16 12:40:28,2026-07-16 13:32:16,51.8,INVESTMENT_FRAUD,77772.65,UPI,BANK_ICIC_SYNTH,STANDARD,ZONE_EAST,12,3,REGISTERED
CMP-2026-01766,2026-08-23 15:58:02,2026-08-23 16:26:02,28.0,INVESTMENT_FRAUD,43356.48,NEFT,BANK_PNB_SYNTH,NEW_DIGITAL,ZONE_EAST,15,6,REGISTERED
CMP-2026-01767,2026-03-12 21:51:28,2026-03-12 22:28:16,36.8,INVESTMENT_FRAUD,39742.05,UPI,BANK_SBI_SYNTH,STANDARD,ZONE_NORTH,21,3,REGISTERED
CMP-2026-01768,2026-06-30 18:35:03,2026-06-30 20:01:33,86.5,INVESTMENT_FRAUD,100028.71,IMPS,BANK_HDFC_SYNTH,NEW_DIGITAL,ZONE_CENTRAL,18,1,REGISTERED
CMP-2026-01769,2026-05-12 17:39:48,2026-05-12 22:28:30,288.7,INVESTMENT_FRAUD,94949.92,UPI,BANK_HDFC_SYNTH,RURAL_REGIONAL,ZONE_CENTRAL,17,1,REGISTERED
CMP-2026-01770,2026-05-21 10:29:50,2026-05-21 12:07:08,97.3,INVESTMENT_FRAUD,89287.08,UPI,BANK_SBI_SYNTH,NEW_DIGITAL,ZONE_EAST,10,3,REGISTERED
CMP-2026-01771,2026-05-01 15:43:50,2026-05-01 16:18:38,34.8,TASK_FRAUD,75515.13,NEFT,BANK_HDFC_SYNTH,RURAL_REGIONAL,ZONE_SOUTH,15,4,REGISTERED
CMP-2026-01772,2026-03-20 20:00:38,2026-03-20 21:16:14,75.6,INVESTMENT_FRAUD,96508.21,UPI,BANK_HDFC_SYNTH,RURAL_REGIONAL,ZONE_CENTRAL,20,4,REGISTERED
CMP-2026-01773,2026-08-10 07:08:40,2026-08-10 07:33:46,25.1,PHISHING_UPI,36675.08,UPI,BANK_AXIS_SYNTH,RURAL_REGIONAL,ZONE_WEST,7,0,REGISTERED
CMP-2026-01774,2026-05-15 13:46:39,2026-05-15 14:43:03,56.4,INVESTMENT_FRAUD,147179.34,NEFT,BANK_ICIC_SYNTH,NEW_DIGITAL,ZONE_NORTH,13,4,REGISTERED
CMP-2026-01775,2026-03-08 12:08:19,2026-03-08 12:51:37,43.3,PHISHING_UPI,47342.19,UPI,BANK_HDFC_SYNTH,NEW_DIGITAL,ZONE_WEST,12,6,REGISTERED
CMP-2026-01776,2026-04-26 15:56:34,2026-04-26 17:06:22,69.8,TASK_FRAUD,84438.54,UPI,BANK_AXIS_SYNTH,NEW_DIGITAL,ZONE_EAST,15,6,REGISTERED
CMP-2026-01777,2026-05-24 23:38:21,2026-05-24 23:53:27,15.1,EXTORTION,42541.85,IMPS,BANK_PNB_SYNTH,STANDARD,ZONE_SOUTH,23,6,REGISTERED
CMP-2026-01778,2026-06-02 12:42:43,2026-06-02 13:50:01,67.3,PHISHING_UPI,33113.83,UPI,BANK_PNB_SYNTH,NEW_DIGITAL,ZONE_NORTH,12,1,REGISTERED
CMP-2026-01779,2026-05-31 13:53:35,2026-05-31 15:22:17,88.7,TASK_FRAUD,88437.4,UPI,BANK_PNB_SYNTH,RURAL_REGIONAL,ZONE_SOUTH,13,6,REGISTERED
CMP-2026-01780,2026-05-15 13:12:12,2026-05-15 13:56:18,44.1,LOAN_SCAM,24483.37,UPI,BANK_AXIS_SYNTH,NEW_DIGITAL,ZONE_EAST,13,4,REGISTERED
CMP-2026-01781,2026-07-20 16:21:12,2026-07-20 16:39:24,18.2,TASK_FRAUD,31107.33,NEFT,BANK_ICIC_SYNTH,STANDARD,ZONE_NORTH,16,0,REGISTERED
CMP-2026-01782,2026-04-29 16:37:36,2026-04-29 17:07:24,29.8,INVESTMENT_FRAUD,150848.74,IMPS,BANK_HDFC_SYNTH,NEW_DIGITAL,ZONE_CENTRAL,16,2,REGISTERED
CMP-2026-01783,2026-06-19 19:26:21,2026-06-19 20:07:15,40.9,TASK_FRAUD,71325.6,UPI,BANK_HDFC_SYNTH,NEW_DIGITAL,ZONE_SOUTH,19,4,REGISTERED
CMP-2026-01784,2026-08-05 11:58:02,2026-08-05 13:37:26,99.4,LOAN_SCAM,15462.76,IMPS,BANK_HDFC_SYNTH,NEW_DIGITAL,ZONE_CENTRAL,11,2,REGISTERED
CMP-2026-01785,2026-06-23 13:44:14,2026-06-23 13:57:08,12.9,PHISHING_UPI,43690.47,UPI,BANK_HDFC_SYNTH,NEW_DIGITAL,ZONE_CENTRAL,13,1,REGISTERED
CMP-2026-01786,2026-04-13 22:47:49,2026-04-13 23:32:19,44.5,PHISHING_UPI,38324.99,UPI,BANK_PNB_SYNTH,NEW_DIGITAL,ZONE_NORTH,22,0,REGISTERED
CMP-2026-01787,2026-04-29 21:47:24,2026-04-29 22:16:36,29.2,TASK_FRAUD,58928.8,NEFT,BANK_ICIC_SYNTH,NEW_DIGITAL,ZONE_NORTH,21,2,REGISTERED
CMP-2026-01788,2026-03-02 10:00:04,2026-03-02 10:33:52,33.8,PHISHING_UPI,39507.83,UPI,BANK_PNB_SYNTH,RURAL_REGIONAL,ZONE_NORTH,10,0,REGISTERED
CMP-2026-01789,2026-03-26 13:28:12,2026-03-26 13:50:48,22.6,EXTORTION,29608.06,UPI,BANK_HDFC_SYNTH,NEW_DIGITAL,ZONE_CENTRAL,13,3,REGISTERED
CMP-2026-01790,2026-03-08 11:01:12,2026-03-08 11:45:00,43.8,TASK_FRAUD,69627.02,UPI,BANK_HDFC_SYNTH,NEW_DIGITAL,ZONE_SOUTH,11,6,REGISTERED
CMP-2026-01791,2026-04-09 04:16:46,2026-04-09 05:40:28,83.7,INVESTMENT_FRAUD,124117.73,IMPS,BANK_AXIS_SYNTH,RURAL_REGIONAL,ZONE_SOUTH,4,3,REGISTERED
CMP-2026-01792,2026-04-02 12:01:11,2026-04-02 12:24:47,23.6,PHISHING_UPI,29185.08,NEFT,BANK_ICIC_SYNTH,NEW_DIGITAL,ZONE_SOUTH,12,3,REGISTERED
CMP-2026-01793,2026-08-11 11:01:53,2026-08-11 11:52:59,51.1,INVESTMENT_FRAUD,52893.2,IMPS,BANK_SBI_SYNTH,NEW_DIGITAL,ZONE_SOUTH,11,1,REGISTERED
CMP-2026-01794,2026-06-26 23:56:07,2026-06-27 00:23:49,27.7,TASK_FRAUD,51825.25,NEFT,BANK_SBI_SYNTH,NEW_DIGITAL,ZONE_NORTH,23,4,REGISTERED
CMP-2026-01795,2026-04-13 15:51:23,2026-04-13 16:50:47,59.4,TASK_FRAUD,81563.48,UPI,BANK_PNB_SYNTH,NEW_DIGITAL,ZONE_SOUTH,15,0,REGISTERED
CMP-2026-01796,2026-08-06 23:04:07,2026-08-06 23:45:31,41.4,INVESTMENT_FRAUD,76466.64,NEFT,BANK_AXIS_SYNTH,STANDARD,ZONE_WEST,23,3,REGISTERED
CMP-2026-01797,2026-04-04 18:24:44,2026-04-04 19:01:02,36.3,TASK_FRAUD,91122.88,UPI,BANK_SBI_SYNTH,RURAL_REGIONAL,ZONE_CENTRAL,18,5,REGISTERED
CMP-2026-01798,2026-08-23 15:15:58,2026-08-23 15:41:58,26.0,PHISHING_UPI,22015.18,IMPS,BANK_PNB_SYNTH,NEW_DIGITAL,ZONE_NORTH,15,6,REGISTERED
CMP-2026-01799,2026-08-01 06:18:50,2026-08-01 07:18:02,59.2,INVESTMENT_FRAUD,162350.0,UPI,BANK_SBI_SYNTH,NEW_DIGITAL,ZONE_SOUTH,6,5,REGISTERED
CMP-2026-01800,2026-03-10 17:50:17,2026-03-10 19:17:05,86.8,INVESTMENT_FRAUD,87025.31,UPI,BANK_AXIS_SYNTH,NEW_DIGITAL,ZONE_WEST,17,1,REGISTERED
CMP-2026-01801,2026-08-01 12:37:56,2026-08-01 13:24:56,47.0,EXTORTION,48104.07,NEFT,BANK_SBI_SYNTH,RURAL_REGIONAL,ZONE_SOUTH,12,5,REGISTERED
CMP-2026-01802,2026-07-21 08:39:04,2026-07-21 09:20:34,41.5,INVESTMENT_FRAUD,157654.61,NEFT,BANK_ICIC_SYNTH,NEW_DIGITAL,ZONE_CENTRAL,8,1,REGISTERED
CMP-2026-01803,2026-06-25 10:32:23,2026-06-25 11:20:17,47.9,EXTORTION,13657.0,UPI,BANK_SBI_SYNTH,NEW_DIGITAL,ZONE_NORTH,10,3,REGISTERED
CMP-2026-01804,2026-04-02 15:45:23,2026-04-02 16:25:41,40.3,EXTORTION,27091.27,UPI,BANK_SBI_SYNTH,STANDARD,ZONE_SOUTH,15,3,REGISTERED
CMP-2026-01805,2026-07-07 15:31:30,2026-07-07 16:08:18,36.8,INVESTMENT_FRAUD,46719.56,UPI,BANK_SBI_SYNTH,NEW_DIGITAL,ZONE_WEST,15,1,REGISTERED
CMP-2026-01806,2026-06-23 13:50:37,2026-06-23 14:02:37,12.0,EXTORTION,37092.86,IMPS,BANK_ICIC_SYNTH,RURAL_REGIONAL,ZONE_NORTH,13,1,REGISTERED
CMP-2026-01807,2026-04-06 19:55:15,2026-04-06 22:19:57,144.7,INVESTMENT_FRAUD,180212.66,UPI,BANK_PNB_SYNTH,NEW_DIGITAL,ZONE_NORTH,19,0,REGISTERED
CMP-2026-01808,2026-05-16 17:24:36,2026-05-16 19:47:36,143.0,LOAN_SCAM,28998.68,NEFT,BANK_SBI_SYNTH,NEW_DIGITAL,ZONE_EAST,17,5,REGISTERED
CMP-2026-01809,2026-04-15 17:05:08,2026-04-15 18:32:38,87.5,LOAN_SCAM,16027.31,UPI,BANK_SBI_SYNTH,STANDARD,ZONE_NORTH,17,2,REGISTERED
CMP-2026-01810,2026-05-20 18:22:14,2026-05-20 18:52:26,30.2,INVESTMENT_FRAUD,107183.18,UPI,BANK_SBI_SYNTH,STANDARD,ZONE_EAST,18,2,REGISTERED
CMP-2026-01811,2026-06-01 12:21:27,2026-06-01 12:53:51,32.4,PHISHING_UPI,41644.37,IMPS,BANK_SBI_SYNTH,STANDARD,ZONE_WEST,12,0,REGISTERED
CMP-2026-01812,2026-05-13 20:51:31,2026-05-13 21:32:07,40.6,LOAN_SCAM,8258.36,UPI,BANK_HDFC_SYNTH,NEW_DIGITAL,ZONE_CENTRAL,20,2,REGISTERED
CMP-2026-01813,2026-03-05 21:28:14,2026-03-05 21:45:14,17.0,PHISHING_UPI,11256.89,UPI,BANK_HDFC_SYNTH,NEW_DIGITAL,ZONE_WEST,21,3,REGISTERED
CMP-2026-01814,2026-05-04 17:05:18,2026-05-04 17:50:06,44.8,TASK_FRAUD,39981.52,UPI,BANK_HDFC_SYNTH,RURAL_REGIONAL,ZONE_WEST,17,0,REGISTERED
CMP-2026-01815,2026-06-01 23:41:05,2026-06-02 01:30:17,109.2,INVESTMENT_FRAUD,106931.61,UPI,BANK_SBI_SYNTH,RURAL_REGIONAL,ZONE_SOUTH,23,0,REGISTERED
CMP-2026-01816,2026-03-18 16:04:23,2026-03-18 16:55:29,51.1,PHISHING_UPI,46546.34,UPI,BANK_PNB_SYNTH,STANDARD,ZONE_WEST,16,2,REGISTERED
CMP-2026-01817,2026-04-30 18:43:21,2026-04-30 20:40:39,117.3,LOAN_SCAM,6183.76,UPI,BANK_ICIC_SYNTH,NEW_DIGITAL,ZONE_CENTRAL,18,3,REGISTERED
CMP-2026-01818,2026-04-04 14:38:08,2026-04-04 15:11:44,33.6,INVESTMENT_FRAUD,153441.91,IMPS,BANK_HDFC_SYNTH,RURAL_REGIONAL,ZONE_WEST,14,5,REGISTERED
CMP-2026-01819,2026-07-14 23:47:34,2026-07-15 00:08:04,20.5,TASK_FRAUD,30757.4,UPI,BANK_SBI_SYNTH,RURAL_REGIONAL,ZONE_WEST,23,1,REGISTERED
CMP-2026-01820,2026-03-02 16:19:18,2026-03-02 16:37:30,18.2,PHISHING_UPI,15523.96,UPI,BANK_SBI_SYNTH,NEW_DIGITAL,ZONE_SOUTH,16,0,REGISTERED
CMP-2026-01821,2026-07-19 18:25:25,2026-07-19 22:17:43,232.3,LOAN_SCAM,31650.73,UPI,BANK_ICIC_SYNTH,NEW_DIGITAL,ZONE_SOUTH,18,6,REGISTERED
CMP-2026-01822,2026-07-15 14:00:30,2026-07-15 14:52:48,52.3,TASK_FRAUD,61836.36,UPI,BANK_SBI_SYNTH,NEW_DIGITAL,ZONE_EAST,14,2,REGISTERED
CMP-2026-01823,2026-08-03 11:14:14,2026-08-03 11:44:56,30.7,TASK_FRAUD,21208.6,NEFT,BANK_HDFC_SYNTH,RURAL_REGIONAL,ZONE_WEST,11,0,REGISTERED
CMP-2026-01824,2026-06-01 16:50:35,2026-06-01 18:07:59,77.4,TASK_FRAUD,64220.15,IMPS,BANK_SBI_SYNTH,RURAL_REGIONAL,ZONE_NORTH,16,0,REGISTERED
CMP-2026-01825,2026-05-01 18:05:20,2026-05-01 18:58:32,53.2,TASK_FRAUD,26193.78,UPI,BANK_SBI_SYNTH,NEW_DIGITAL,ZONE_WEST,18,4,REGISTERED
CMP-2026-01826,2026-05-17 10:44:26,2026-05-17 11:23:50,39.4,INVESTMENT_FRAUD,182912.18,IMPS,BANK_AXIS_SYNTH,NEW_DIGITAL,ZONE_EAST,10,6,REGISTERED
CMP-2026-01827,2026-03-06 22:08:36,2026-03-07 00:04:54,116.3,INVESTMENT_FRAUD,144399.77,NEFT,BANK_HDFC_SYNTH,STANDARD,ZONE_WEST,22,4,REGISTERED
CMP-2026-01828,2026-04-25 11:47:00,2026-04-25 12:15:30,28.5,PHISHING_UPI,55894.52,UPI,BANK_ICIC_SYNTH,NEW_DIGITAL,ZONE_SOUTH,11,5,REGISTERED
CMP-2026-01829,2026-05-01 19:26:27,2026-05-01 20:02:09,35.7,LOAN_SCAM,6377.58,IMPS,BANK_ICIC_SYNTH,NEW_DIGITAL,ZONE_SOUTH,19,4,REGISTERED
CMP-2026-01830,2026-07-16 11:44:34,2026-07-16 12:05:04,20.5,TASK_FRAUD,22405.78,NEFT,BANK_ICIC_SYNTH,STANDARD,ZONE_EAST,11,3,REGISTERED
CMP-2026-01831,2026-03-06 06:08:09,2026-03-06 06:31:51,23.7,TASK_FRAUD,54333.76,IMPS,BANK_AXIS_SYNTH,NEW_DIGITAL,ZONE_WEST,6,4,REGISTERED
CMP-2026-01832,2026-08-26 19:36:40,2026-08-26 21:13:16,96.6,INVESTMENT_FRAUD,198538.56,UPI,BANK_HDFC_SYNTH,RURAL_REGIONAL,ZONE_EAST,19,2,REGISTERED
CMP-2026-01833,2026-08-24 15:13:25,2026-08-24 15:25:37,12.2,PHISHING_UPI,7020.05,IMPS,BANK_SBI_SYNTH,NEW_DIGITAL,ZONE_WEST,15,0,REGISTERED
CMP-2026-01834,2026-04-03 14:06:21,2026-04-03 14:45:21,39.0,TASK_FRAUD,81691.76,UPI,BANK_AXIS_SYNTH,STANDARD,ZONE_EAST,14,4,REGISTERED
CMP-2026-01835,2026-06-24 13:19:05,2026-06-24 14:46:59,87.9,INVESTMENT_FRAUD,199204.92,IMPS,BANK_HDFC_SYNTH,RURAL_REGIONAL,ZONE_NORTH,13,2,REGISTERED
CMP-2026-01836,2026-03-06 12:44:38,2026-03-06 13:29:20,44.7,INVESTMENT_FRAUD,165143.66,IMPS,BANK_ICIC_SYNTH,RURAL_REGIONAL,ZONE_WEST,12,4,REGISTERED
CMP-2026-01837,2026-04-05 10:58:24,2026-04-05 11:50:48,52.4,TASK_FRAUD,43813.1,IMPS,BANK_PNB_SYNTH,NEW_DIGITAL,ZONE_EAST,10,6,REGISTERED
CMP-2026-01838,2026-04-22 19:33:04,2026-04-22 20:08:46,35.7,PHISHING_UPI,11926.83,UPI,BANK_SBI_SYNTH,RURAL_REGIONAL,ZONE_SOUTH,19,2,REGISTERED
CMP-2026-01839,2026-06-02 20:10:20,2026-06-02 20:27:26,17.1,PHISHING_UPI,33973.56,IMPS,BANK_PNB_SYNTH,NEW_DIGITAL,ZONE_SOUTH,20,1,REGISTERED
CMP-2026-01840,2026-05-13 13:10:07,2026-05-13 14:18:37,68.5,INVESTMENT_FRAUD,140983.94,UPI,BANK_HDFC_SYNTH,NEW_DIGITAL,ZONE_SOUTH,13,2,REGISTERED
CMP-2026-01841,2026-05-26 17:04:24,2026-05-26 18:24:30,80.1,INVESTMENT_FRAUD,155312.51,IMPS,BANK_HDFC_SYNTH,STANDARD,ZONE_WEST,17,1,REGISTERED
CMP-2026-01842,2026-08-03 16:08:55,2026-08-03 17:53:07,104.2,EXTORTION,20871.22,NEFT,BANK_AXIS_SYNTH,RURAL_REGIONAL,ZONE_SOUTH,16,0,REGISTERED
CMP-2026-01843,2026-07-26 16:42:30,2026-07-26 17:08:00,25.5,PHISHING_UPI,44201.42,NEFT,BANK_HDFC_SYNTH,NEW_DIGITAL,ZONE_WEST,16,6,REGISTERED
CMP-2026-01844,2026-05-30 21:43:29,2026-05-30 22:35:41,52.2,LOAN_SCAM,39491.64,UPI,BANK_AXIS_SYNTH,NEW_DIGITAL,ZONE_WEST,21,5,REGISTERED
CMP-2026-01845,2026-08-26 21:28:04,2026-08-26 22:01:22,33.3,TASK_FRAUD,46559.33,NEFT,BANK_HDFC_SYNTH,NEW_DIGITAL,ZONE_CENTRAL,21,2,REGISTERED
CMP-2026-01846,2026-06-17 09:15:33,2026-06-17 10:12:51,57.3,TASK_FRAUD,33995.72,IMPS,BANK_HDFC_SYNTH,NEW_DIGITAL,ZONE_NORTH,9,2,REGISTERED
CMP-2026-01847,2026-05-22 12:36:02,2026-05-22 13:04:02,28.0,PHISHING_UPI,6425.92,IMPS,BANK_AXIS_SYNTH,STANDARD,ZONE_EAST,12,4,REGISTERED
CMP-2026-01848,2026-08-13 08:22:44,2026-08-13 08:41:02,18.3,PHISHING_UPI,12847.44,UPI,BANK_ICIC_SYNTH,NEW_DIGITAL,ZONE_CENTRAL,8,3,REGISTERED
CMP-2026-01849,2026-07-21 14:25:39,2026-07-21 14:44:33,18.9,PHISHING_UPI,42633.16,IMPS,BANK_ICIC_SYNTH,STANDARD,ZONE_EAST,14,1,REGISTERED
CMP-2026-01850,2026-07-31 13:26:15,2026-07-31 13:58:33,32.3,INVESTMENT_FRAUD,51388.81,UPI,BANK_SBI_SYNTH,RURAL_REGIONAL,ZONE_SOUTH,13,4,REGISTERED
CMP-2026-01851,2026-05-22 15:58:42,2026-05-22 17:10:42,72.0,INVESTMENT_FRAUD,102297.39,UPI,BANK_AXIS_SYNTH,STANDARD,ZONE_EAST,15,4,REGISTERED
CMP-2026-01852,2026-05-10 13:02:15,2026-05-10 18:39:21,337.1,LOAN_SCAM,32669.38,UPI,BANK_AXIS_SYNTH,NEW_DIGITAL,ZONE_SOUTH,13,6,REGISTERED
CMP-2026-01853,2026-03-29 14:56:40,2026-03-29 15:52:58,56.3,TASK_FRAUD,87152.27,IMPS,BANK_ICIC_SYNTH,RURAL_REGIONAL,ZONE_CENTRAL,14,6,REGISTERED
CMP-2026-01854,2026-07-04 14:46:57,2026-07-04 15:04:21,17.4,PHISHING_UPI,58760.04,IMPS,BANK_HDFC_SYNTH,NEW_DIGITAL,ZONE_EAST,14,5,REGISTERED
CMP-2026-01855,2026-05-14 15:48:35,2026-05-14 16:18:29,29.9,TASK_FRAUD,26843.33,IMPS,BANK_SBI_SYNTH,RURAL_REGIONAL,ZONE_CENTRAL,15,3,REGISTERED
CMP-2026-01856,2026-03-14 16:06:32,2026-03-14 18:12:26,125.9,LOAN_SCAM,29092.36,NEFT,BANK_HDFC_SYNTH,STANDARD,ZONE_CENTRAL,16,5,REGISTERED
CMP-2026-01857,2026-03-30 07:13:32,2026-03-30 09:30:14,136.7,LOAN_SCAM,19299.21,UPI,BANK_HDFC_SYNTH,NEW_DIGITAL,ZONE_NORTH,7,0,REGISTERED
CMP-2026-01858,2026-03-14 17:44:43,2026-03-14 18:22:55,38.2,TASK_FRAUD,27052.37,UPI,BANK_PNB_SYNTH,STANDARD,ZONE_NORTH,17,5,REGISTERED
CMP-2026-01859,2026-05-01 12:25:54,2026-05-01 13:58:36,92.7,INVESTMENT_FRAUD,165093.63,IMPS,BANK_SBI_SYNTH,NEW_DIGITAL,ZONE_SOUTH,12,4,REGISTERED
CMP-2026-01860,2026-03-02 21:07:45,2026-03-02 21:29:51,22.1,PHISHING_UPI,20765.03,IMPS,BANK_HDFC_SYNTH,NEW_DIGITAL,ZONE_EAST,21,0,REGISTERED
CMP-2026-01861,2026-04-28 15:47:29,2026-04-28 16:24:11,36.7,TASK_FRAUD,45588.04,NEFT,BANK_PNB_SYNTH,RURAL_REGIONAL,ZONE_NORTH,15,1,REGISTERED
CMP-2026-01862,2026-06-27 15:45:28,2026-06-27 17:49:22,123.9,INVESTMENT_FRAUD,142176.29,UPI,BANK_HDFC_SYNTH,NEW_DIGITAL,ZONE_NORTH,15,5,REGISTERED
CMP-2026-01863,2026-07-30 11:10:53,2026-07-30 11:37:17,26.4,TASK_FRAUD,60603.07,UPI,BANK_HDFC_SYNTH,NEW_DIGITAL,ZONE_SOUTH,11,3,REGISTERED
CMP-2026-01864,2026-03-23 11:47:25,2026-03-23 12:00:25,13.0,INVESTMENT_FRAUD,57613.59,IMPS,BANK_PNB_SYNTH,STANDARD,ZONE_CENTRAL,11,0,REGISTERED
CMP-2026-01865,2026-06-30 12:09:28,2026-06-30 12:22:10,12.7,TASK_FRAUD,81984.78,UPI,BANK_SBI_SYNTH,STANDARD,ZONE_WEST,12,1,REGISTERED
CMP-2026-01866,2026-07-07 18:57:43,2026-07-07 19:12:31,14.8,PHISHING_UPI,26297.28,UPI,BANK_SBI_SYNTH,STANDARD,ZONE_SOUTH,18,1,REGISTERED
CMP-2026-01867,2026-07-04 10:53:40,2026-07-04 12:25:46,92.1,TASK_FRAUD,65178.29,UPI,BANK_SBI_SYNTH,NEW_DIGITAL,ZONE_EAST,10,5,REGISTERED
CMP-2026-01868,2026-05-10 20:19:28,2026-05-10 20:31:28,12.0,PHISHING_UPI,38947.35,UPI,BANK_PNB_SYNTH,STANDARD,ZONE_WEST,20,6,REGISTERED
CMP-2026-01869,2026-03-09 13:24:49,2026-03-09 13:46:01,21.2,TASK_FRAUD,25974.35,UPI,BANK_SBI_SYNTH,NEW_DIGITAL,ZONE_SOUTH,13,0,REGISTERED
CMP-2026-01870,2026-04-12 20:05:01,2026-04-12 20:30:19,25.3,LOAN_SCAM,9855.83,UPI,BANK_SBI_SYNTH,STANDARD,ZONE_EAST,20,6,REGISTERED
CMP-2026-01871,2026-04-30 11:12:43,2026-04-30 11:29:13,16.5,INVESTMENT_FRAUD,181975.06,NEFT,BANK_HDFC_SYNTH,STANDARD,ZONE_EAST,11,3,REGISTERED
CMP-2026-01872,2026-03-18 09:53:53,2026-03-18 11:18:05,84.2,LOAN_SCAM,35503.0,UPI,BANK_HDFC_SYNTH,STANDARD,ZONE_NORTH,9,2,REGISTERED
CMP-2026-01873,2026-03-08 20:32:06,2026-03-08 21:39:06,67.0,EXTORTION,10386.9,UPI,BANK_ICIC_SYNTH,RURAL_REGIONAL,ZONE_EAST,20,6,REGISTERED
CMP-2026-01874,2026-06-10 23:12:39,2026-06-10 23:24:39,12.0,PHISHING_UPI,47494.73,NEFT,BANK_SBI_SYNTH,NEW_DIGITAL,ZONE_NORTH,23,2,REGISTERED
CMP-2026-01875,2026-03-22 10:13:06,2026-03-22 10:56:30,43.4,LOAN_SCAM,25009.84,UPI,BANK_SBI_SYNTH,RURAL_REGIONAL,ZONE_WEST,10,6,REGISTERED
CMP-2026-01876,2026-03-03 12:41:20,2026-03-03 14:08:50,87.5,TASK_FRAUD,77186.98,UPI,BANK_ICIC_SYNTH,RURAL_REGIONAL,ZONE_WEST,12,1,REGISTERED
CMP-2026-01877,2026-05-22 14:04:42,2026-05-22 14:30:54,26.2,PHISHING_UPI,53994.83,IMPS,BANK_HDFC_SYNTH,NEW_DIGITAL,ZONE_EAST,14,4,REGISTERED
CMP-2026-01878,2026-03-08 16:56:13,2026-03-08 17:14:37,18.4,PHISHING_UPI,20900.57,IMPS,BANK_ICIC_SYNTH,NEW_DIGITAL,ZONE_NORTH,16,6,REGISTERED
CMP-2026-01879,2026-03-19 10:34:50,2026-03-19 10:49:56,15.1,PHISHING_UPI,22548.84,UPI,BANK_ICIC_SYNTH,NEW_DIGITAL,ZONE_SOUTH,10,3,REGISTERED
CMP-2026-01880,2026-08-01 13:10:16,2026-08-01 13:30:28,20.2,LOAN_SCAM,20084.77,IMPS,BANK_ICIC_SYNTH,NEW_DIGITAL,ZONE_EAST,13,5,REGISTERED
CMP-2026-01881,2026-06-16 23:40:44,2026-06-17 01:06:38,85.9,LOAN_SCAM,17551.39,NEFT,BANK_HDFC_SYNTH,STANDARD,ZONE_SOUTH,23,1,REGISTERED
CMP-2026-01882,2026-06-23 07:56:44,2026-06-23 09:31:38,94.9,LOAN_SCAM,15470.78,UPI,BANK_HDFC_SYNTH,RURAL_REGIONAL,ZONE_WEST,7,1,REGISTERED
CMP-2026-01883,2026-03-13 06:01:38,2026-03-13 06:36:20,34.7,EXTORTION,17444.02,UPI,BANK_SBI_SYNTH,STANDARD,ZONE_WEST,6,4,REGISTERED
CMP-2026-01884,2026-05-20 10:32:40,2026-05-20 12:43:58,131.3,INVESTMENT_FRAUD,185342.98,UPI,BANK_HDFC_SYNTH,STANDARD,ZONE_NORTH,10,2,REGISTERED
CMP-2026-01885,2026-04-11 12:39:48,2026-04-11 13:19:30,39.7,INVESTMENT_FRAUD,182264.4,UPI,BANK_HDFC_SYNTH,STANDARD,ZONE_CENTRAL,12,5,REGISTERED
CMP-2026-01886,2026-04-25 18:47:27,2026-04-25 19:22:21,34.9,EXTORTION,27211.43,IMPS,BANK_HDFC_SYNTH,NEW_DIGITAL,ZONE_NORTH,18,5,REGISTERED
CMP-2026-01887,2026-03-11 19:23:31,2026-03-11 19:50:25,26.9,EXTORTION,28827.65,NEFT,BANK_SBI_SYNTH,NEW_DIGITAL,ZONE_WEST,19,2,REGISTERED
CMP-2026-01888,2026-06-24 19:15:59,2026-06-24 20:37:35,81.6,INVESTMENT_FRAUD,128764.86,UPI,BANK_SBI_SYNTH,NEW_DIGITAL,ZONE_EAST,19,2,REGISTERED
CMP-2026-01889,2026-07-12 22:21:08,2026-07-12 22:35:44,14.6,PHISHING_UPI,6021.92,NEFT,BANK_PNB_SYNTH,NEW_DIGITAL,ZONE_CENTRAL,22,6,REGISTERED
CMP-2026-01890,2026-08-23 12:41:52,2026-08-23 13:21:28,39.6,PHISHING_UPI,58992.81,NEFT,BANK_SBI_SYNTH,RURAL_REGIONAL,ZONE_CENTRAL,12,6,REGISTERED
CMP-2026-01891,2026-07-10 22:21:15,2026-07-10 23:12:57,51.7,TASK_FRAUD,46937.33,IMPS,BANK_AXIS_SYNTH,NEW_DIGITAL,ZONE_EAST,22,4,REGISTERED
CMP-2026-01892,2026-08-11 23:42:15,2026-08-12 00:18:45,36.5,TASK_FRAUD,56596.64,NEFT,BANK_ICIC_SYNTH,NEW_DIGITAL,ZONE_WEST,23,1,REGISTERED
CMP-2026-01893,2026-05-08 02:20:11,2026-05-08 02:57:47,37.6,INVESTMENT_FRAUD,150564.94,UPI,BANK_SBI_SYNTH,STANDARD,ZONE_EAST,2,4,REGISTERED
CMP-2026-01894,2026-03-12 17:31:04,2026-03-12 17:57:58,26.9,INVESTMENT_FRAUD,129918.39,UPI,BANK_HDFC_SYNTH,NEW_DIGITAL,ZONE_CENTRAL,17,3,REGISTERED
CMP-2026-01895,2026-03-10 21:09:13,2026-03-10 21:33:13,24.0,TASK_FRAUD,49895.77,UPI,BANK_HDFC_SYNTH,RURAL_REGIONAL,ZONE_EAST,21,1,REGISTERED
CMP-2026-01896,2026-06-15 14:53:50,2026-06-15 16:58:08,124.3,TASK_FRAUD,49486.47,UPI,BANK_HDFC_SYNTH,NEW_DIGITAL,ZONE_CENTRAL,14,0,REGISTERED
CMP-2026-01897,2026-04-12 13:05:27,2026-04-12 13:49:51,44.4,TASK_FRAUD,49723.3,UPI,BANK_SBI_SYNTH,STANDARD,ZONE_NORTH,13,6,REGISTERED
CMP-2026-01898,2026-03-30 16:12:15,2026-03-30 17:48:57,96.7,TASK_FRAUD,45969.98,IMPS,BANK_SBI_SYNTH,STANDARD,ZONE_SOUTH,16,0,REGISTERED
CMP-2026-01899,2026-04-24 10:36:28,2026-04-24 11:14:16,37.8,TASK_FRAUD,59780.35,UPI,BANK_ICIC_SYNTH,STANDARD,ZONE_SOUTH,10,4,REGISTERED
CMP-2026-01900,2026-04-06 18:55:50,2026-04-06 19:14:14,18.4,INVESTMENT_FRAUD,71134.62,UPI,BANK_ICIC_SYNTH,STANDARD,ZONE_CENTRAL,18,0,REGISTERED
CMP-2026-01901,2026-03-31 13:28:27,2026-03-31 13:52:27,24.0,PHISHING_UPI,6639.59,NEFT,BANK_SBI_SYNTH,STANDARD,ZONE_WEST,13,1,REGISTERED
CMP-2026-01902,2026-07-26 20:50:30,2026-07-26 21:15:54,25.4,TASK_FRAUD,51726.28,NEFT,BANK_HDFC_SYNTH,NEW_DIGITAL,ZONE_EAST,20,6,REGISTERED
CMP-2026-01903,2026-03-15 15:58:58,2026-03-15 16:16:34,17.6,EXTORTION,38842.01,IMPS,BANK_AXIS_SYNTH,NEW_DIGITAL,ZONE_SOUTH,15,6,REGISTERED
CMP-2026-01904,2026-06-08 12:11:16,2026-06-08 13:09:46,58.5,TASK_FRAUD,82837.38,UPI,BANK_SBI_SYNTH,STANDARD,ZONE_CENTRAL,12,0,REGISTERED
CMP-2026-01905,2026-05-21 12:24:35,2026-05-21 14:13:53,109.3,INVESTMENT_FRAUD,122427.41,UPI,BANK_ICIC_SYNTH,NEW_DIGITAL,ZONE_NORTH,12,3,REGISTERED
CMP-2026-01906,2026-04-29 08:45:30,2026-04-29 11:50:36,185.1,LOAN_SCAM,36919.45,IMPS,BANK_ICIC_SYNTH,NEW_DIGITAL,ZONE_SOUTH,8,2,REGISTERED
CMP-2026-01907,2026-03-01 18:55:32,2026-03-01 19:36:56,41.4,INVESTMENT_FRAUD,93681.99,UPI,BANK_SBI_SYNTH,NEW_DIGITAL,ZONE_NORTH,18,6,REGISTERED
CMP-2026-01908,2026-08-14 12:25:47,2026-08-14 13:19:29,53.7,INVESTMENT_FRAUD,117784.57,NEFT,BANK_SBI_SYNTH,RURAL_REGIONAL,ZONE_NORTH,12,4,REGISTERED
CMP-2026-01909,2026-08-25 16:04:26,2026-08-25 16:43:32,39.1,INVESTMENT_FRAUD,37510.73,IMPS,BANK_SBI_SYNTH,NEW_DIGITAL,ZONE_CENTRAL,16,1,REGISTERED
CMP-2026-01910,2026-08-26 14:07:24,2026-08-26 14:22:00,14.6,TASK_FRAUD,41730.61,IMPS,BANK_HDFC_SYNTH,NEW_DIGITAL,ZONE_CENTRAL,14,2,REGISTERED
CMP-2026-01911,2026-03-30 10:48:27,2026-03-30 11:17:51,29.4,INVESTMENT_FRAUD,64842.73,UPI,BANK_AXIS_SYNTH,NEW_DIGITAL,ZONE_CENTRAL,10,0,REGISTERED
CMP-2026-01912,2026-07-17 13:48:46,2026-07-17 14:00:46,12.0,EXTORTION,23528.66,UPI,BANK_PNB_SYNTH,RURAL_REGIONAL,ZONE_EAST,13,4,REGISTERED
CMP-2026-01913,2026-05-06 14:03:41,2026-05-06 14:32:59,29.3,PHISHING_UPI,53697.66,UPI,BANK_PNB_SYNTH,RURAL_REGIONAL,ZONE_WEST,14,2,REGISTERED
CMP-2026-01914,2026-07-11 11:15:30,2026-07-11 11:27:30,12.0,EXTORTION,19888.23,IMPS,BANK_PNB_SYNTH,NEW_DIGITAL,ZONE_NORTH,11,5,REGISTERED
CMP-2026-01915,2026-06-30 10:44:42,2026-06-30 11:15:24,30.7,INVESTMENT_FRAUD,97452.71,IMPS,BANK_SBI_SYNTH,STANDARD,ZONE_NORTH,10,1,REGISTERED
CMP-2026-01916,2026-06-17 17:43:09,2026-06-17 19:39:33,116.4,PHISHING_UPI,12041.36,NEFT,BANK_ICIC_SYNTH,RURAL_REGIONAL,ZONE_SOUTH,17,2,REGISTERED
CMP-2026-01917,2026-03-03 17:49:05,2026-03-03 18:42:17,53.2,INVESTMENT_FRAUD,49242.52,IMPS,BANK_SBI_SYNTH,STANDARD,ZONE_EAST,17,1,REGISTERED
CMP-2026-01918,2026-05-11 13:37:57,2026-05-11 13:56:51,18.9,PHISHING_UPI,14274.99,UPI,BANK_AXIS_SYNTH,RURAL_REGIONAL,ZONE_WEST,13,0,REGISTERED
CMP-2026-01919,2026-08-05 20:10:53,2026-08-05 20:42:11,31.3,TASK_FRAUD,47165.61,NEFT,BANK_HDFC_SYNTH,STANDARD,ZONE_WEST,20,2,REGISTERED
CMP-2026-01920,2026-06-04 16:56:24,2026-06-04 17:27:12,30.8,INVESTMENT_FRAUD,116289.6,NEFT,BANK_PNB_SYNTH,NEW_DIGITAL,ZONE_SOUTH,16,3,REGISTERED
CMP-2026-01921,2026-08-14 18:55:05,2026-08-14 19:55:23,60.3,INVESTMENT_FRAUD,52399.16,UPI,BANK_ICIC_SYNTH,STANDARD,ZONE_SOUTH,18,4,REGISTERED
CMP-2026-01922,2026-07-25 08:17:47,2026-07-25 09:04:35,46.8,INVESTMENT_FRAUD,57424.72,UPI,BANK_SBI_SYNTH,RURAL_REGIONAL,ZONE_SOUTH,8,5,REGISTERED
CMP-2026-01923,2026-07-04 09:00:10,2026-07-04 09:18:46,18.6,TASK_FRAUD,73837.13,UPI,BANK_HDFC_SYNTH,NEW_DIGITAL,ZONE_NORTH,9,5,REGISTERED
CMP-2026-01924,2026-03-18 13:49:44,2026-03-18 14:36:32,46.8,INVESTMENT_FRAUD,154497.66,UPI,BANK_SBI_SYNTH,STANDARD,ZONE_SOUTH,13,2,REGISTERED
CMP-2026-01925,2026-07-10 15:10:11,2026-07-10 15:25:41,15.5,EXTORTION,22026.07,UPI,BANK_PNB_SYNTH,NEW_DIGITAL,ZONE_WEST,15,4,REGISTERED
CMP-2026-01926,2026-04-02 19:07:28,2026-04-02 19:33:10,25.7,EXTORTION,46229.79,NEFT,BANK_ICIC_SYNTH,NEW_DIGITAL,ZONE_SOUTH,19,3,REGISTERED
CMP-2026-01927,2026-03-11 14:11:51,2026-03-11 14:36:21,24.5,PHISHING_UPI,36422.51,UPI,BANK_HDFC_SYNTH,STANDARD,ZONE_SOUTH,14,2,REGISTERED
CMP-2026-01928,2026-08-24 12:55:26,2026-08-24 13:09:50,14.4,PHISHING_UPI,20727.84,IMPS,BANK_AXIS_SYNTH,STANDARD,ZONE_NORTH,12,0,REGISTERED
CMP-2026-01929,2026-03-30 18:18:05,2026-03-30 19:10:47,52.7,TASK_FRAUD,70535.18,IMPS,BANK_HDFC_SYNTH,STANDARD,ZONE_CENTRAL,18,0,REGISTERED
CMP-2026-01930,2026-03-12 23:01:37,2026-03-12 23:25:31,23.9,PHISHING_UPI,42303.75,NEFT,BANK_ICIC_SYNTH,STANDARD,ZONE_NORTH,23,3,REGISTERED
CMP-2026-01931,2026-03-19 14:03:17,2026-03-19 14:28:05,24.8,INVESTMENT_FRAUD,163127.77,NEFT,BANK_HDFC_SYNTH,NEW_DIGITAL,ZONE_NORTH,14,3,REGISTERED
CMP-2026-01932,2026-07-21 19:02:06,2026-07-21 19:36:36,34.5,INVESTMENT_FRAUD,149725.84,UPI,BANK_SBI_SYNTH,STANDARD,ZONE_WEST,19,1,REGISTERED
CMP-2026-01933,2026-05-07 19:33:48,2026-05-07 19:53:36,19.8,PHISHING_UPI,58758.96,NEFT,BANK_HDFC_SYNTH,RURAL_REGIONAL,ZONE_CENTRAL,19,3,REGISTERED
CMP-2026-01934,2026-04-30 16:27:21,2026-04-30 17:33:03,65.7,INVESTMENT_FRAUD,139745.52,UPI,BANK_SBI_SYNTH,RURAL_REGIONAL,ZONE_WEST,16,3,REGISTERED
CMP-2026-01935,2026-08-27 14:52:15,2026-08-27 15:04:15,12.0,PHISHING_UPI,18670.67,UPI,BANK_ICIC_SYNTH,RURAL_REGIONAL,ZONE_SOUTH,14,3,REGISTERED
CMP-2026-01936,2026-06-28 09:24:39,2026-06-28 10:10:03,45.4,PHISHING_UPI,35507.32,UPI,BANK_HDFC_SYNTH,NEW_DIGITAL,ZONE_NORTH,9,6,REGISTERED
CMP-2026-01937,2026-08-05 10:51:06,2026-08-05 11:04:36,13.5,INVESTMENT_FRAUD,178659.64,UPI,BANK_SBI_SYNTH,NEW_DIGITAL,ZONE_NORTH,10,2,REGISTERED
CMP-2026-01938,2026-07-09 19:56:59,2026-07-09 20:24:41,27.7,TASK_FRAUD,62520.32,UPI,BANK_PNB_SYNTH,STANDARD,ZONE_CENTRAL,19,3,REGISTERED
CMP-2026-01939,2026-08-04 14:17:44,2026-08-04 16:01:32,103.8,TASK_FRAUD,88514.12,IMPS,BANK_SBI_SYNTH,RURAL_REGIONAL,ZONE_SOUTH,14,1,REGISTERED
CMP-2026-01940,2026-05-06 17:39:43,2026-05-06 18:39:13,59.5,PHISHING_UPI,17930.34,NEFT,BANK_HDFC_SYNTH,STANDARD,ZONE_WEST,17,2,REGISTERED
CMP-2026-01941,2026-06-27 09:00:40,2026-06-27 09:26:22,25.7,EXTORTION,24655.71,IMPS,BANK_HDFC_SYNTH,STANDARD,ZONE_SOUTH,9,5,REGISTERED
CMP-2026-01942,2026-07-25 18:01:40,2026-07-25 18:34:16,32.6,PHISHING_UPI,15208.81,IMPS,BANK_SBI_SYNTH,NEW_DIGITAL,ZONE_WEST,18,5,REGISTERED
CMP-2026-01943,2026-08-22 12:47:20,2026-08-22 13:37:38,50.3,TASK_FRAUD,83429.2,NEFT,BANK_ICIC_SYNTH,STANDARD,ZONE_WEST,12,5,REGISTERED
CMP-2026-01944,2026-05-12 15:39:50,2026-05-12 18:13:44,153.9,INVESTMENT_FRAUD,186354.18,UPI,BANK_SBI_SYNTH,STANDARD,ZONE_CENTRAL,15,1,REGISTERED
CMP-2026-01945,2026-08-17 15:59:30,2026-08-17 16:44:30,45.0,TASK_FRAUD,87151.52,NEFT,BANK_HDFC_SYNTH,RURAL_REGIONAL,ZONE_NORTH,15,0,REGISTERED
CMP-2026-01946,2026-08-02 07:57:06,2026-08-02 08:28:30,31.4,PHISHING_UPI,9748.52,UPI,BANK_ICIC_SYNTH,STANDARD,ZONE_WEST,7,6,REGISTERED
CMP-2026-01947,2026-06-18 18:45:09,2026-06-18 20:20:57,95.8,INVESTMENT_FRAUD,90423.21,IMPS,BANK_SBI_SYNTH,NEW_DIGITAL,ZONE_WEST,18,3,REGISTERED
CMP-2026-01948,2026-08-05 13:50:54,2026-08-05 14:16:30,25.6,PHISHING_UPI,45634.5,IMPS,BANK_SBI_SYNTH,NEW_DIGITAL,ZONE_EAST,13,2,REGISTERED
CMP-2026-01949,2026-07-22 18:19:53,2026-07-22 18:53:41,33.8,TASK_FRAUD,32533.77,IMPS,BANK_HDFC_SYNTH,RURAL_REGIONAL,ZONE_SOUTH,18,2,REGISTERED
CMP-2026-01950,2026-05-20 09:07:30,2026-05-20 09:40:42,33.2,INVESTMENT_FRAUD,135580.91,IMPS,BANK_HDFC_SYNTH,NEW_DIGITAL,ZONE_CENTRAL,9,2,REGISTERED
CMP-2026-01951,2026-03-31 18:42:44,2026-03-31 20:03:56,81.2,INVESTMENT_FRAUD,197509.2,IMPS,BANK_HDFC_SYNTH,NEW_DIGITAL,ZONE_EAST,18,1,REGISTERED
CMP-2026-01952,2026-08-26 13:01:10,2026-08-26 13:36:52,35.7,PHISHING_UPI,37755.21,IMPS,BANK_SBI_SYNTH,STANDARD,ZONE_NORTH,13,2,REGISTERED
CMP-2026-01953,2026-04-28 12:24:49,2026-04-28 13:06:19,41.5,TASK_FRAUD,80651.08,UPI,BANK_HDFC_SYNTH,RURAL_REGIONAL,ZONE_NORTH,12,1,REGISTERED
CMP-2026-01954,2026-06-28 09:57:42,2026-06-28 10:53:30,55.8,INVESTMENT_FRAUD,35679.77,NEFT,BANK_PNB_SYNTH,NEW_DIGITAL,ZONE_CENTRAL,9,6,REGISTERED
CMP-2026-01955,2026-06-23 14:31:05,2026-06-23 15:02:17,31.2,TASK_FRAUD,40184.57,NEFT,BANK_SBI_SYNTH,NEW_DIGITAL,ZONE_SOUTH,14,1,REGISTERED
CMP-2026-01956,2026-08-15 13:49:59,2026-08-15 14:03:05,13.1,PHISHING_UPI,19968.53,UPI,BANK_SBI_SYNTH,NEW_DIGITAL,ZONE_WEST,13,5,REGISTERED
CMP-2026-01957,2026-05-07 18:45:47,2026-05-07 19:03:11,17.4,EXTORTION,32637.35,UPI,BANK_SBI_SYNTH,NEW_DIGITAL,ZONE_CENTRAL,18,3,REGISTERED
CMP-2026-01958,2026-06-26 12:50:35,2026-06-26 13:21:23,30.8,PHISHING_UPI,45166.79,UPI,BANK_SBI_SYNTH,NEW_DIGITAL,ZONE_EAST,12,4,REGISTERED
CMP-2026-01959,2026-05-18 10:14:14,2026-05-18 10:44:44,30.5,TASK_FRAUD,87108.13,IMPS,BANK_ICIC_SYNTH,NEW_DIGITAL,ZONE_CENTRAL,10,0,REGISTERED
CMP-2026-01960,2026-03-16 17:05:21,2026-03-16 17:34:15,28.9,PHISHING_UPI,11220.34,UPI,BANK_ICIC_SYNTH,NEW_DIGITAL,ZONE_CENTRAL,17,0,REGISTERED
CMP-2026-01961,2026-03-21 09:23:08,2026-03-21 10:06:32,43.4,EXTORTION,47926.51,NEFT,BANK_SBI_SYNTH,NEW_DIGITAL,ZONE_NORTH,9,5,REGISTERED
CMP-2026-01962,2026-08-19 20:36:47,2026-08-20 00:49:35,252.8,LOAN_SCAM,23760.87,UPI,BANK_SBI_SYNTH,NEW_DIGITAL,ZONE_EAST,20,2,REGISTERED
CMP-2026-01963,2026-06-15 11:12:54,2026-06-15 11:37:18,24.4,TASK_FRAUD,50937.23,IMPS,BANK_HDFC_SYNTH,NEW_DIGITAL,ZONE_WEST,11,0,REGISTERED
CMP-2026-01964,2026-04-27 10:23:51,2026-04-27 10:51:51,28.0,PHISHING_UPI,10012.27,UPI,BANK_HDFC_SYNTH,RURAL_REGIONAL,ZONE_NORTH,10,0,REGISTERED
CMP-2026-01965,2026-06-17 20:14:06,2026-06-17 20:31:06,17.0,PHISHING_UPI,39255.04,UPI,BANK_HDFC_SYNTH,NEW_DIGITAL,ZONE_CENTRAL,20,2,REGISTERED
CMP-2026-01966,2026-04-26 16:52:18,2026-04-26 17:20:48,28.5,PHISHING_UPI,7161.38,IMPS,BANK_ICIC_SYNTH,NEW_DIGITAL,ZONE_CENTRAL,16,6,REGISTERED
CMP-2026-01967,2026-05-29 21:29:09,2026-05-29 21:46:39,17.5,PHISHING_UPI,38348.99,UPI,BANK_SBI_SYNTH,RURAL_REGIONAL,ZONE_NORTH,21,4,REGISTERED
CMP-2026-01968,2026-07-13 10:54:51,2026-07-13 12:00:27,65.6,INVESTMENT_FRAUD,51587.71,UPI,BANK_ICIC_SYNTH,RURAL_REGIONAL,ZONE_EAST,10,0,REGISTERED
CMP-2026-01969,2026-03-07 17:20:19,2026-03-07 17:48:55,28.6,INVESTMENT_FRAUD,144231.52,UPI,BANK_PNB_SYNTH,STANDARD,ZONE_CENTRAL,17,5,REGISTERED
CMP-2026-01970,2026-04-19 22:54:45,2026-04-19 23:09:45,15.0,PHISHING_UPI,15186.86,UPI,BANK_SBI_SYNTH,NEW_DIGITAL,ZONE_WEST,22,6,REGISTERED
CMP-2026-01971,2026-07-05 22:24:03,2026-07-05 23:25:21,61.3,TASK_FRAUD,45006.42,NEFT,BANK_AXIS_SYNTH,NEW_DIGITAL,ZONE_EAST,22,6,REGISTERED
CMP-2026-01972,2026-04-29 15:52:45,2026-04-29 16:17:51,25.1,INVESTMENT_FRAUD,144905.88,NEFT,BANK_HDFC_SYNTH,NEW_DIGITAL,ZONE_WEST,15,2,REGISTERED
CMP-2026-01973,2026-03-10 11:55:49,2026-03-10 12:07:49,12.0,PHISHING_UPI,43914.22,NEFT,BANK_SBI_SYNTH,STANDARD,ZONE_CENTRAL,11,1,REGISTERED
CMP-2026-01974,2026-04-23 17:52:42,2026-04-23 18:31:30,38.8,EXTORTION,11371.41,NEFT,BANK_PNB_SYNTH,STANDARD,ZONE_NORTH,17,3,REGISTERED
CMP-2026-01975,2026-03-29 15:01:35,2026-03-29 15:47:47,46.2,INVESTMENT_FRAUD,75577.89,UPI,BANK_ICIC_SYNTH,NEW_DIGITAL,ZONE_NORTH,15,6,REGISTERED
CMP-2026-01976,2026-07-01 20:22:48,2026-07-01 21:14:48,52.0,PHISHING_UPI,23680.49,UPI,BANK_SBI_SYNTH,STANDARD,ZONE_CENTRAL,20,2,REGISTERED
CMP-2026-01977,2026-04-20 23:44:59,2026-04-21 00:09:47,24.8,PHISHING_UPI,7445.11,UPI,BANK_HDFC_SYNTH,NEW_DIGITAL,ZONE_WEST,23,0,REGISTERED
CMP-2026-01978,2026-03-18 22:20:48,2026-03-18 23:07:30,46.7,INVESTMENT_FRAUD,160991.56,UPI,BANK_HDFC_SYNTH,STANDARD,ZONE_NORTH,22,2,REGISTERED
CMP-2026-01979,2026-07-31 12:45:19,2026-07-31 13:19:37,34.3,TASK_FRAUD,74771.07,NEFT,BANK_HDFC_SYNTH,NEW_DIGITAL,ZONE_CENTRAL,12,4,REGISTERED
CMP-2026-01980,2026-05-19 22:30:18,2026-05-19 22:57:30,27.2,INVESTMENT_FRAUD,59115.52,IMPS,BANK_ICIC_SYNTH,NEW_DIGITAL,ZONE_NORTH,22,1,REGISTERED
CMP-2026-01981,2026-04-07 13:51:47,2026-04-07 14:17:59,26.2,PHISHING_UPI,22679.72,UPI,BANK_ICIC_SYNTH,STANDARD,ZONE_EAST,13,1,REGISTERED
CMP-2026-01982,2026-08-02 18:06:43,2026-08-02 18:31:49,25.1,TASK_FRAUD,22327.01,NEFT,BANK_AXIS_SYNTH,RURAL_REGIONAL,ZONE_CENTRAL,18,6,REGISTERED
CMP-2026-01983,2026-08-24 22:43:53,2026-08-24 23:17:23,33.5,TASK_FRAUD,41135.09,UPI,BANK_HDFC_SYNTH,RURAL_REGIONAL,ZONE_WEST,22,0,REGISTERED
CMP-2026-01984,2026-03-18 14:30:11,2026-03-18 14:42:11,12.0,INVESTMENT_FRAUD,66872.26,IMPS,BANK_SBI_SYNTH,NEW_DIGITAL,ZONE_SOUTH,14,2,REGISTERED
CMP-2026-01985,2026-03-22 18:32:41,2026-03-22 18:44:41,12.0,EXTORTION,40668.37,IMPS,BANK_HDFC_SYNTH,NEW_DIGITAL,ZONE_WEST,18,6,REGISTERED
CMP-2026-01986,2026-06-21 16:25:15,2026-06-21 18:29:27,124.2,INVESTMENT_FRAUD,86150.0,NEFT,BANK_PNB_SYNTH,RURAL_REGIONAL,ZONE_CENTRAL,16,6,REGISTERED
CMP-2026-01987,2026-05-11 15:19:44,2026-05-11 15:35:38,15.9,EXTORTION,35875.18,UPI,BANK_ICIC_SYNTH,STANDARD,ZONE_CENTRAL,15,0,REGISTERED
CMP-2026-01988,2026-06-26 12:24:49,2026-06-26 12:36:49,12.0,PHISHING_UPI,20124.51,UPI,BANK_HDFC_SYNTH,NEW_DIGITAL,ZONE_CENTRAL,12,4,REGISTERED
CMP-2026-01989,2026-08-03 10:41:24,2026-08-03 11:12:42,31.3,PHISHING_UPI,59285.48,IMPS,BANK_PNB_SYNTH,NEW_DIGITAL,ZONE_WEST,10,0,REGISTERED
CMP-2026-01990,2026-03-22 18:05:07,2026-03-22 18:23:25,18.3,PHISHING_UPI,58977.57,IMPS,BANK_HDFC_SYNTH,STANDARD,ZONE_CENTRAL,18,6,REGISTERED
CMP-2026-01991,2026-03-05 17:36:36,2026-03-05 18:13:36,37.0,PHISHING_UPI,57437.11,UPI,BANK_SBI_SYNTH,NEW_DIGITAL,ZONE_EAST,17,3,REGISTERED
CMP-2026-01992,2026-07-21 11:11:24,2026-07-21 12:56:30,105.1,LOAN_SCAM,22579.8,NEFT,BANK_HDFC_SYNTH,NEW_DIGITAL,ZONE_EAST,11,1,REGISTERED
CMP-2026-01993,2026-03-23 04:20:04,2026-03-23 04:40:34,20.5,TASK_FRAUD,45700.17,UPI,BANK_ICIC_SYNTH,STANDARD,ZONE_SOUTH,4,0,REGISTERED
CMP-2026-01994,2026-05-12 19:44:01,2026-05-12 20:03:25,19.4,PHISHING_UPI,21069.95,IMPS,BANK_HDFC_SYNTH,NEW_DIGITAL,ZONE_CENTRAL,19,1,REGISTERED
CMP-2026-01995,2026-03-12 10:53:37,2026-03-12 11:09:07,15.5,EXTORTION,24084.64,UPI,BANK_HDFC_SYNTH,NEW_DIGITAL,ZONE_WEST,10,3,REGISTERED
CMP-2026-01996,2026-07-14 16:13:42,2026-07-14 16:40:48,27.1,INVESTMENT_FRAUD,174033.49,NEFT,BANK_HDFC_SYNTH,NEW_DIGITAL,ZONE_WEST,16,1,REGISTERED
CMP-2026-01997,2026-04-02 07:38:44,2026-04-02 09:21:08,102.4,LOAN_SCAM,19215.94,UPI,BANK_HDFC_SYNTH,STANDARD,ZONE_CENTRAL,7,3,REGISTERED
CMP-2026-01998,2026-07-23 18:07:02,2026-07-23 19:29:20,82.3,EXTORTION,12118.87,IMPS,BANK_ICIC_SYNTH,NEW_DIGITAL,ZONE_CENTRAL,18,3,REGISTERED
CMP-2026-01999,2026-06-26 19:05:35,2026-06-26 19:51:59,46.4,INVESTMENT_FRAUD,81548.42,UPI,BANK_SBI_SYNTH,RURAL_REGIONAL,ZONE_CENTRAL,19,4,REGISTERED
CMP-2026-02000,2026-03-16 15:07:32,2026-03-16 15:21:44,14.2,INVESTMENT_FRAUD,35264.46,UPI,BANK_SBI_SYNTH,RURAL_REGIONAL,ZONE_EAST,15,0,REGISTERED
CMP-2026-02001,2026-05-16 23:42:00,2026-05-17 00:19:06,37.1,TASK_FRAUD,97335.81,UPI,BANK_HDFC_SYNTH,RURAL_REGIONAL,ZONE_CENTRAL,23,5,REGISTERED
CMP-2026-02002,2026-08-18 19:33:57,2026-08-18 19:59:51,25.9,TASK_FRAUD,74976.65,NEFT,BANK_SBI_SYNTH,NEW_DIGITAL,ZONE_NORTH,19,1,REGISTERED
CMP-2026-02003,2026-05-28 12:20:33,2026-05-28 12:48:03,27.5,PHISHING_UPI,17336.64,UPI,BANK_ICIC_SYNTH,NEW_DIGITAL,ZONE_WEST,12,3,REGISTERED
CMP-2026-02004,2026-08-27 18:38:34,2026-08-27 19:09:52,31.3,TASK_FRAUD,94251.18,UPI,BANK_ICIC_SYNTH,RURAL_REGIONAL,ZONE_CENTRAL,18,3,REGISTERED
CMP-2026-02005,2026-06-28 10:02:15,2026-06-28 10:35:39,33.4,EXTORTION,19636.39,IMPS,BANK_ICIC_SYNTH,NEW_DIGITAL,ZONE_NORTH,10,6,REGISTERED
CMP-2026-02006,2026-04-23 17:53:13,2026-04-23 18:23:13,30.0,TASK_FRAUD,95186.13,UPI,BANK_SBI_SYNTH,STANDARD,ZONE_CENTRAL,17,3,REGISTERED
CMP-2026-02007,2026-06-17 13:13:37,2026-06-17 14:11:07,57.5,EXTORTION,36866.62,UPI,BANK_PNB_SYNTH,NEW_DIGITAL,ZONE_EAST,13,2,REGISTERED
CMP-2026-02008,2026-07-10 15:27:04,2026-07-10 16:21:46,54.7,INVESTMENT_FRAUD,57113.02,UPI,BANK_ICIC_SYNTH,RURAL_REGIONAL,ZONE_EAST,15,4,REGISTERED
CMP-2026-02009,2026-05-08 23:57:10,2026-05-09 00:16:28,19.3,PHISHING_UPI,44584.92,IMPS,BANK_SBI_SYNTH,RURAL_REGIONAL,ZONE_EAST,23,4,REGISTERED
CMP-2026-02010,2026-08-18 04:43:27,2026-08-18 05:12:15,28.8,TASK_FRAUD,73353.78,NEFT,BANK_PNB_SYNTH,STANDARD,ZONE_SOUTH,4,1,REGISTERED
CMP-2026-02011,2026-03-26 11:13:04,2026-03-26 12:00:34,47.5,INVESTMENT_FRAUD,47427.81,IMPS,BANK_PNB_SYNTH,STANDARD,ZONE_WEST,11,3,REGISTERED
CMP-2026-02012,2026-07-04 16:12:45,2026-07-04 21:20:15,307.5,LOAN_SCAM,22166.11,IMPS,BANK_PNB_SYNTH,NEW_DIGITAL,ZONE_NORTH,16,5,REGISTERED
CMP-2026-02013,2026-05-15 15:09:20,2026-05-15 15:28:38,19.3,PHISHING_UPI,56960.16,UPI,BANK_SBI_SYNTH,RURAL_REGIONAL,ZONE_EAST,15,4,REGISTERED
CMP-2026-02014,2026-05-18 16:01:38,2026-05-18 16:42:08,40.5,LOAN_SCAM,38991.01,NEFT,BANK_HDFC_SYNTH,STANDARD,ZONE_EAST,16,0,REGISTERED
CMP-2026-02015,2026-03-20 17:35:26,2026-03-20 18:22:08,46.7,PHISHING_UPI,27985.72,UPI,BANK_SBI_SYNTH,NEW_DIGITAL,ZONE_CENTRAL,17,4,REGISTERED
CMP-2026-02016,2026-04-30 17:17:09,2026-04-30 17:55:39,38.5,TASK_FRAUD,75824.25,UPI,BANK_ICIC_SYNTH,NEW_DIGITAL,ZONE_WEST,17,3,REGISTERED
CMP-2026-02017,2026-04-10 13:00:06,2026-04-10 13:36:12,36.1,TASK_FRAUD,56327.48,UPI,BANK_ICIC_SYNTH,NEW_DIGITAL,ZONE_EAST,13,4,REGISTERED
CMP-2026-02018,2026-05-08 19:06:50,2026-05-08 19:31:50,25.0,LOAN_SCAM,13949.55,IMPS,BANK_ICIC_SYNTH,NEW_DIGITAL,ZONE_EAST,19,4,REGISTERED
CMP-2026-02019,2026-04-01 19:46:56,2026-04-01 19:58:56,12.0,PHISHING_UPI,11831.18,NEFT,BANK_SBI_SYNTH,STANDARD,ZONE_CENTRAL,19,2,REGISTERED
CMP-2026-02020,2026-05-02 11:36:55,2026-05-02 11:55:49,18.9,EXTORTION,15141.63,UPI,BANK_ICIC_SYNTH,RURAL_REGIONAL,ZONE_SOUTH,11,5,REGISTERED
CMP-2026-02021,2026-08-09 23:10:20,2026-08-09 23:34:26,24.1,EXTORTION,10038.6,NEFT,BANK_HDFC_SYNTH,NEW_DIGITAL,ZONE_WEST,23,6,REGISTERED
CMP-2026-02022,2026-05-10 21:22:51,2026-05-10 22:47:03,84.2,EXTORTION,32906.16,UPI,BANK_AXIS_SYNTH,NEW_DIGITAL,ZONE_CENTRAL,21,6,REGISTERED
CMP-2026-02023,2026-05-25 08:08:16,2026-05-25 08:43:52,35.6,PHISHING_UPI,36910.33,IMPS,BANK_HDFC_SYNTH,NEW_DIGITAL,ZONE_CENTRAL,8,0,REGISTERED
CMP-2026-02024,2026-03-26 17:36:47,2026-03-26 17:48:47,12.0,EXTORTION,47569.44,IMPS,BANK_SBI_SYNTH,RURAL_REGIONAL,ZONE_WEST,17,3,REGISTERED
CMP-2026-02025,2026-04-14 19:38:26,2026-04-14 20:07:20,28.9,PHISHING_UPI,41917.54,UPI,BANK_SBI_SYNTH,NEW_DIGITAL,ZONE_SOUTH,19,1,REGISTERED
CMP-2026-02026,2026-05-19 18:22:51,2026-05-19 18:44:45,21.9,TASK_FRAUD,60860.29,NEFT,BANK_HDFC_SYNTH,STANDARD,ZONE_EAST,18,1,REGISTERED
CMP-2026-02027,2026-05-16 23:45:56,2026-05-17 00:17:38,31.7,INVESTMENT_FRAUD,123314.49,NEFT,BANK_SBI_SYNTH,STANDARD,ZONE_WEST,23,5,REGISTERED
CMP-2026-02028,2026-04-11 11:40:54,2026-04-11 12:06:42,25.8,PHISHING_UPI,12568.86,UPI,BANK_ICIC_SYNTH,STANDARD,ZONE_NORTH,11,5,REGISTERED
CMP-2026-02029,2026-05-13 19:20:54,2026-05-13 19:51:54,31.0,INVESTMENT_FRAUD,156840.14,NEFT,BANK_SBI_SYNTH,NEW_DIGITAL,ZONE_SOUTH,19,2,REGISTERED
CMP-2026-02030,2026-04-13 14:05:10,2026-04-13 14:42:16,37.1,TASK_FRAUD,84491.84,UPI,BANK_PNB_SYNTH,NEW_DIGITAL,ZONE_NORTH,14,0,REGISTERED
CMP-2026-02031,2026-07-12 10:35:59,2026-07-12 11:20:35,44.6,PHISHING_UPI,58589.72,UPI,BANK_ICIC_SYNTH,RURAL_REGIONAL,ZONE_EAST,10,6,REGISTERED
CMP-2026-02032,2026-08-21 08:27:43,2026-08-21 08:51:25,23.7,PHISHING_UPI,43507.13,NEFT,BANK_SBI_SYNTH,NEW_DIGITAL,ZONE_WEST,8,4,REGISTERED
CMP-2026-02033,2026-06-01 08:43:56,2026-06-01 09:09:38,25.7,EXTORTION,33446.01,NEFT,BANK_HDFC_SYNTH,NEW_DIGITAL,ZONE_EAST,8,0,REGISTERED
CMP-2026-02034,2026-06-19 16:58:53,2026-06-19 17:25:47,26.9,EXTORTION,30212.37,NEFT,BANK_ICIC_SYNTH,STANDARD,ZONE_NORTH,16,4,REGISTERED
CMP-2026-02035,2026-07-13 15:15:47,2026-07-13 15:36:59,21.2,INVESTMENT_FRAUD,84660.96,NEFT,BANK_SBI_SYNTH,NEW_DIGITAL,ZONE_CENTRAL,15,0,REGISTERED
CMP-2026-02036,2026-08-21 15:43:59,2026-08-21 17:07:17,83.3,INVESTMENT_FRAUD,57937.65,IMPS,BANK_SBI_SYNTH,STANDARD,ZONE_WEST,15,4,REGISTERED
CMP-2026-02037,2026-06-03 16:14:11,2026-06-03 16:26:11,12.0,PHISHING_UPI,16727.92,UPI,BANK_ICIC_SYNTH,STANDARD,ZONE_EAST,16,2,REGISTERED
CMP-2026-02038,2026-06-01 14:03:27,2026-06-01 14:47:15,43.8,TASK_FRAUD,36751.67,NEFT,BANK_HDFC_SYNTH,STANDARD,ZONE_EAST,14,0,REGISTERED
CMP-2026-02039,2026-03-21 18:58:43,2026-03-21 20:02:43,64.0,LOAN_SCAM,20778.68,UPI,BANK_SBI_SYNTH,STANDARD,ZONE_NORTH,18,5,REGISTERED
CMP-2026-02040,2026-04-22 15:30:18,2026-04-22 16:04:42,34.4,TASK_FRAUD,62716.51,UPI,BANK_SBI_SYNTH,RURAL_REGIONAL,ZONE_CENTRAL,15,2,REGISTERED
CMP-2026-02041,2026-07-11 05:36:25,2026-07-11 06:01:37,25.2,LOAN_SCAM,37936.2,UPI,BANK_SBI_SYNTH,NEW_DIGITAL,ZONE_EAST,5,5,REGISTERED
CMP-2026-02042,2026-08-15 08:41:32,2026-08-15 09:03:20,21.8,TASK_FRAUD,98338.69,UPI,BANK_HDFC_SYNTH,RURAL_REGIONAL,ZONE_NORTH,8,5,REGISTERED
CMP-2026-02043,2026-03-07 15:29:57,2026-03-07 18:21:27,171.5,INVESTMENT_FRAUD,159039.3,IMPS,BANK_SBI_SYNTH,STANDARD,ZONE_NORTH,15,5,REGISTERED
CMP-2026-02044,2026-03-11 22:00:39,2026-03-11 22:28:27,27.8,PHISHING_UPI,6434.58,UPI,BANK_HDFC_SYNTH,NEW_DIGITAL,ZONE_SOUTH,22,2,REGISTERED
CMP-2026-02045,2026-05-03 18:00:22,2026-05-03 18:37:28,37.1,INVESTMENT_FRAUD,86511.14,UPI,BANK_SBI_SYNTH,NEW_DIGITAL,ZONE_WEST,18,6,REGISTERED
CMP-2026-02046,2026-04-03 12:22:00,2026-04-03 13:12:30,50.5,TASK_FRAUD,53147.85,UPI,BANK_HDFC_SYNTH,STANDARD,ZONE_CENTRAL,12,4,REGISTERED
CMP-2026-02047,2026-04-05 14:33:32,2026-04-05 16:17:26,103.9,INVESTMENT_FRAUD,55579.42,NEFT,BANK_PNB_SYNTH,STANDARD,ZONE_NORTH,14,6,REGISTERED
CMP-2026-02048,2026-05-13 14:58:31,2026-05-13 15:20:25,21.9,PHISHING_UPI,48759.94,IMPS,BANK_SBI_SYNTH,NEW_DIGITAL,ZONE_EAST,14,2,REGISTERED
CMP-2026-02049,2026-05-11 23:19:23,2026-05-11 23:40:29,21.1,EXTORTION,25768.33,UPI,BANK_ICIC_SYNTH,RURAL_REGIONAL,ZONE_EAST,23,0,REGISTERED
CMP-2026-02050,2026-06-05 14:17:06,2026-06-05 15:30:18,73.2,INVESTMENT_FRAUD,125543.2,UPI,BANK_SBI_SYNTH,NEW_DIGITAL,ZONE_SOUTH,14,4,REGISTERED
CMP-2026-02051,2026-06-27 23:28:10,2026-06-28 00:00:46,32.6,PHISHING_UPI,21635.05,IMPS,BANK_PNB_SYNTH,RURAL_REGIONAL,ZONE_EAST,23,5,REGISTERED
CMP-2026-02052,2026-03-02 18:56:55,2026-03-02 19:10:07,13.2,PHISHING_UPI,36076.5,UPI,BANK_SBI_SYNTH,NEW_DIGITAL,ZONE_NORTH,18,0,REGISTERED
CMP-2026-02053,2026-04-04 09:02:08,2026-04-04 09:27:02,24.9,TASK_FRAUD,56438.41,UPI,BANK_HDFC_SYNTH,STANDARD,ZONE_CENTRAL,9,5,REGISTERED
CMP-2026-02054,2026-08-10 17:10:42,2026-08-10 17:40:06,29.4,TASK_FRAUD,71765.6,UPI,BANK_SBI_SYNTH,RURAL_REGIONAL,ZONE_EAST,17,0,REGISTERED
CMP-2026-02055,2026-08-20 19:17:07,2026-08-20 20:12:07,55.0,EXTORTION,10174.83,UPI,BANK_SBI_SYNTH,STANDARD,ZONE_NORTH,19,3,REGISTERED
CMP-2026-02056,2026-07-22 08:45:08,2026-07-22 09:39:50,54.7,TASK_FRAUD,89846.99,NEFT,BANK_SBI_SYNTH,RURAL_REGIONAL,ZONE_WEST,8,2,REGISTERED
CMP-2026-02057,2026-08-14 15:53:52,2026-08-14 16:16:16,22.4,TASK_FRAUD,92070.39,UPI,BANK_ICIC_SYNTH,STANDARD,ZONE_EAST,15,4,REGISTERED
CMP-2026-02058,2026-07-21 18:08:09,2026-07-21 18:35:33,27.4,INVESTMENT_FRAUD,71786.21,UPI,BANK_SBI_SYNTH,NEW_DIGITAL,ZONE_WEST,18,1,REGISTERED
CMP-2026-02059,2026-07-17 11:15:03,2026-07-17 11:36:51,21.8,PHISHING_UPI,27567.25,NEFT,BANK_PNB_SYNTH,NEW_DIGITAL,ZONE_SOUTH,11,4,REGISTERED
CMP-2026-02060,2026-06-16 18:00:27,2026-06-16 18:27:09,26.7,EXTORTION,16668.52,IMPS,BANK_PNB_SYNTH,STANDARD,ZONE_SOUTH,18,1,REGISTERED
CMP-2026-02061,2026-07-15 13:15:39,2026-07-15 13:36:09,20.5,PHISHING_UPI,10729.39,IMPS,BANK_ICIC_SYNTH,NEW_DIGITAL,ZONE_SOUTH,13,2,REGISTERED
CMP-2026-02062,2026-04-14 14:49:07,2026-04-14 15:29:55,40.8,EXTORTION,29904.8,NEFT,BANK_SBI_SYNTH,NEW_DIGITAL,ZONE_WEST,14,1,REGISTERED
CMP-2026-02063,2026-08-26 21:15:42,2026-08-26 21:37:54,22.2,TASK_FRAUD,21986.75,UPI,BANK_ICIC_SYNTH,RURAL_REGIONAL,ZONE_NORTH,21,2,REGISTERED
CMP-2026-02064,2026-04-05 15:45:50,2026-04-05 16:15:20,29.5,EXTORTION,11803.68,IMPS,BANK_SBI_SYNTH,RURAL_REGIONAL,ZONE_EAST,15,6,REGISTERED
CMP-2026-02065,2026-08-01 16:40:40,2026-08-01 18:48:40,128.0,LOAN_SCAM,26629.96,UPI,BANK_ICIC_SYNTH,NEW_DIGITAL,ZONE_EAST,16,5,REGISTERED
CMP-2026-02066,2026-03-24 10:02:17,2026-03-24 10:50:59,48.7,TASK_FRAUD,91194.31,UPI,BANK_HDFC_SYNTH,NEW_DIGITAL,ZONE_WEST,10,1,REGISTERED
CMP-2026-02067,2026-08-15 12:27:01,2026-08-15 13:17:01,50.0,EXTORTION,37659.17,IMPS,BANK_HDFC_SYNTH,NEW_DIGITAL,ZONE_NORTH,12,5,REGISTERED
CMP-2026-02068,2026-08-03 16:24:26,2026-08-03 18:31:32,127.1,LOAN_SCAM,10148.5,IMPS,BANK_SBI_SYNTH,STANDARD,ZONE_SOUTH,16,0,REGISTERED
CMP-2026-02069,2026-04-09 12:27:30,2026-04-09 14:03:18,95.8,INVESTMENT_FRAUD,64055.92,NEFT,BANK_SBI_SYNTH,RURAL_REGIONAL,ZONE_NORTH,12,3,REGISTERED
CMP-2026-02070,2026-04-24 15:17:23,2026-04-24 15:34:29,17.1,PHISHING_UPI,17330.26,IMPS,BANK_PNB_SYNTH,RURAL_REGIONAL,ZONE_WEST,15,4,REGISTERED
CMP-2026-02071,2026-04-14 11:57:03,2026-04-14 12:47:51,50.8,TASK_FRAUD,86492.45,IMPS,BANK_AXIS_SYNTH,RURAL_REGIONAL,ZONE_EAST,11,1,REGISTERED
CMP-2026-02072,2026-03-10 13:47:20,2026-03-10 14:46:32,59.2,TASK_FRAUD,79840.29,UPI,BANK_HDFC_SYNTH,NEW_DIGITAL,ZONE_SOUTH,13,1,REGISTERED
CMP-2026-02073,2026-04-20 19:38:06,2026-04-20 20:02:18,24.2,INVESTMENT_FRAUD,108739.34,NEFT,BANK_HDFC_SYNTH,NEW_DIGITAL,ZONE_WEST,19,0,REGISTERED
CMP-2026-02074,2026-05-05 17:19:07,2026-05-05 17:44:01,24.9,PHISHING_UPI,12329.11,UPI,BANK_ICIC_SYNTH,STANDARD,ZONE_EAST,17,1,REGISTERED
CMP-2026-02075,2026-07-17 15:08:21,2026-07-17 15:40:03,31.7,PHISHING_UPI,20593.05,NEFT,BANK_HDFC_SYNTH,NEW_DIGITAL,ZONE_SOUTH,15,4,REGISTERED
CMP-2026-02076,2026-06-15 17:38:23,2026-06-15 18:31:59,53.6,INVESTMENT_FRAUD,43093.23,IMPS,BANK_HDFC_SYNTH,STANDARD,ZONE_EAST,17,0,REGISTERED
CMP-2026-02077,2026-04-07 10:24:05,2026-04-07 10:53:59,29.9,INVESTMENT_FRAUD,182937.45,NEFT,BANK_SBI_SYNTH,STANDARD,ZONE_SOUTH,10,1,REGISTERED
CMP-2026-02078,2026-03-24 16:47:38,2026-03-24 17:04:20,16.7,PHISHING_UPI,39849.78,UPI,BANK_PNB_SYNTH,RURAL_REGIONAL,ZONE_NORTH,16,1,REGISTERED
CMP-2026-02079,2026-04-04 18:28:59,2026-04-04 18:40:59,12.0,PHISHING_UPI,10796.64,UPI,BANK_SBI_SYNTH,NEW_DIGITAL,ZONE_SOUTH,18,5,REGISTERED
CMP-2026-02080,2026-05-25 17:48:12,2026-05-25 18:40:00,51.8,INVESTMENT_FRAUD,193806.81,UPI,BANK_HDFC_SYNTH,NEW_DIGITAL,ZONE_EAST,17,0,REGISTERED
CMP-2026-02081,2026-03-08 03:12:26,2026-03-08 03:46:26,34.0,PHISHING_UPI,37092.31,UPI,BANK_PNB_SYNTH,STANDARD,ZONE_NORTH,3,6,REGISTERED
CMP-2026-02082,2026-08-08 11:48:54,2026-08-08 12:27:18,38.4,PHISHING_UPI,20430.7,NEFT,BANK_PNB_SYNTH,RURAL_REGIONAL,ZONE_CENTRAL,11,5,REGISTERED
CMP-2026-02083,2026-06-09 23:22:57,2026-06-10 00:16:51,53.9,INVESTMENT_FRAUD,152477.47,NEFT,BANK_SBI_SYNTH,NEW_DIGITAL,ZONE_WEST,23,1,REGISTERED
CMP-2026-02084,2026-03-13 17:26:33,2026-03-13 17:50:21,23.8,PHISHING_UPI,5711.53,UPI,BANK_SBI_SYNTH,NEW_DIGITAL,ZONE_EAST,17,4,REGISTERED
CMP-2026-02085,2026-05-30 12:01:10,2026-05-30 12:32:22,31.2,INVESTMENT_FRAUD,199696.26,IMPS,BANK_SBI_SYNTH,NEW_DIGITAL,ZONE_NORTH,12,5,REGISTERED
CMP-2026-02086,2026-08-20 11:03:50,2026-08-20 11:21:14,17.4,PHISHING_UPI,7795.77,NEFT,BANK_ICIC_SYNTH,NEW_DIGITAL,ZONE_EAST,11,3,REGISTERED
CMP-2026-02087,2026-04-04 19:52:25,2026-04-04 20:11:31,19.1,PHISHING_UPI,26640.67,IMPS,BANK_SBI_SYNTH,STANDARD,ZONE_SOUTH,19,5,REGISTERED
CMP-2026-02088,2026-07-14 02:24:35,2026-07-14 02:56:41,32.1,PHISHING_UPI,23234.02,UPI,BANK_ICIC_SYNTH,NEW_DIGITAL,ZONE_WEST,2,1,REGISTERED
CMP-2026-02089,2026-06-18 16:13:11,2026-06-18 16:32:41,19.5,PHISHING_UPI,22370.17,IMPS,BANK_SBI_SYNTH,NEW_DIGITAL,ZONE_WEST,16,3,REGISTERED
CMP-2026-02090,2026-03-02 13:59:50,2026-03-02 14:20:38,20.8,TASK_FRAUD,22092.49,UPI,BANK_PNB_SYNTH,RURAL_REGIONAL,ZONE_CENTRAL,13,0,REGISTERED
CMP-2026-02091,2026-04-24 15:14:18,2026-04-24 15:29:06,14.8,PHISHING_UPI,15764.04,UPI,BANK_SBI_SYNTH,RURAL_REGIONAL,ZONE_WEST,15,4,REGISTERED
CMP-2026-02092,2026-03-31 14:02:34,2026-03-31 14:28:34,26.0,TASK_FRAUD,62096.69,UPI,BANK_HDFC_SYNTH,RURAL_REGIONAL,ZONE_CENTRAL,14,1,REGISTERED
CMP-2026-02093,2026-08-17 13:17:59,2026-08-17 15:28:47,130.8,INVESTMENT_FRAUD,120879.76,NEFT,BANK_HDFC_SYNTH,NEW_DIGITAL,ZONE_CENTRAL,13,0,REGISTERED
CMP-2026-02094,2026-04-14 21:52:13,2026-04-14 22:06:55,14.7,PHISHING_UPI,43887.71,UPI,BANK_ICIC_SYNTH,NEW_DIGITAL,ZONE_SOUTH,21,1,REGISTERED
CMP-2026-02095,2026-06-25 23:40:38,2026-06-26 01:16:44,96.1,INVESTMENT_FRAUD,74480.78,IMPS,BANK_ICIC_SYNTH,NEW_DIGITAL,ZONE_CENTRAL,23,3,REGISTERED
CMP-2026-02096,2026-04-28 11:45:56,2026-04-28 12:20:08,34.2,INVESTMENT_FRAUD,36854.43,UPI,BANK_SBI_SYNTH,NEW_DIGITAL,ZONE_EAST,11,1,REGISTERED
CMP-2026-02097,2026-06-19 15:20:03,2026-06-19 15:50:33,30.5,TASK_FRAUD,21118.44,UPI,BANK_ICIC_SYNTH,RURAL_REGIONAL,ZONE_EAST,15,4,REGISTERED
CMP-2026-02098,2026-07-27 23:14:46,2026-07-27 23:38:10,23.4,PHISHING_UPI,18524.67,UPI,BANK_SBI_SYNTH,NEW_DIGITAL,ZONE_SOUTH,23,0,REGISTERED
CMP-2026-02099,2026-04-01 12:01:34,2026-04-01 12:23:34,22.0,PHISHING_UPI,34043.54,IMPS,BANK_SBI_SYNTH,NEW_DIGITAL,ZONE_EAST,12,2,REGISTERED
CMP-2026-02100,2026-07-02 11:41:16,2026-07-02 12:13:04,31.8,EXTORTION,26817.16,IMPS,BANK_SBI_SYNTH,STANDARD,ZONE_WEST,11,3,REGISTERED
CMP-2026-02101,2026-06-23 13:35:13,2026-06-23 14:18:01,42.8,TASK_FRAUD,79402.97,NEFT,BANK_SBI_SYNTH,STANDARD,ZONE_NORTH,13,1,REGISTERED
CMP-2026-02102,2026-04-06 11:40:51,2026-04-06 11:53:51,13.0,TASK_FRAUD,52688.65,UPI,BANK_ICIC_SYNTH,STANDARD,ZONE_EAST,11,0,REGISTERED
CMP-2026-02103,2026-05-11 14:28:14,2026-05-11 14:53:56,25.7,INVESTMENT_FRAUD,147550.78,IMPS,BANK_AXIS_SYNTH,NEW_DIGITAL,ZONE_SOUTH,14,0,REGISTERED
CMP-2026-02104,2026-08-10 18:05:31,2026-08-10 19:39:37,94.1,INVESTMENT_FRAUD,106997.97,IMPS,BANK_ICIC_SYNTH,RURAL_REGIONAL,ZONE_WEST,18,0,REGISTERED
CMP-2026-02105,2026-07-25 15:11:12,2026-07-25 15:38:00,26.8,INVESTMENT_FRAUD,176933.93,UPI,BANK_ICIC_SYNTH,STANDARD,ZONE_NORTH,15,5,REGISTERED
CMP-2026-02106,2026-06-25 07:01:19,2026-06-25 10:01:55,180.6,LOAN_SCAM,25085.86,UPI,BANK_HDFC_SYNTH,NEW_DIGITAL,ZONE_CENTRAL,7,3,REGISTERED
CMP-2026-02107,2026-07-26 13:43:38,2026-07-26 15:39:44,116.1,INVESTMENT_FRAUD,168047.91,UPI,BANK_SBI_SYNTH,STANDARD,ZONE_SOUTH,13,6,REGISTERED
CMP-2026-02108,2026-03-13 10:15:29,2026-03-13 10:43:05,27.6,LOAN_SCAM,21666.77,NEFT,BANK_SBI_SYNTH,NEW_DIGITAL,ZONE_WEST,10,4,REGISTERED
CMP-2026-02109,2026-08-22 22:06:46,2026-08-22 22:41:22,34.6,TASK_FRAUD,37444.74,UPI,BANK_ICIC_SYNTH,NEW_DIGITAL,ZONE_CENTRAL,22,5,REGISTERED
CMP-2026-02110,2026-06-17 18:24:24,2026-06-17 20:19:00,114.6,EXTORTION,34388.07,NEFT,BANK_HDFC_SYNTH,NEW_DIGITAL,ZONE_NORTH,18,2,REGISTERED
CMP-2026-02111,2026-07-16 13:41:59,2026-07-16 14:01:35,19.6,PHISHING_UPI,41269.12,NEFT,BANK_HDFC_SYNTH,STANDARD,ZONE_WEST,13,3,REGISTERED
CMP-2026-02112,2026-04-18 16:40:38,2026-04-18 17:43:08,62.5,INVESTMENT_FRAUD,135295.93,NEFT,BANK_AXIS_SYNTH,STANDARD,ZONE_CENTRAL,16,5,REGISTERED
CMP-2026-02113,2026-03-20 09:47:52,2026-03-20 10:16:28,28.6,PHISHING_UPI,38209.95,UPI,BANK_AXIS_SYNTH,RURAL_REGIONAL,ZONE_WEST,9,4,REGISTERED
CMP-2026-02114,2026-04-06 16:30:48,2026-04-06 17:27:24,56.6,INVESTMENT_FRAUD,74857.32,IMPS,BANK_SBI_SYNTH,STANDARD,ZONE_WEST,16,0,REGISTERED
CMP-2026-02115,2026-04-25 12:30:09,2026-04-25 13:18:51,48.7,INVESTMENT_FRAUD,113713.24,IMPS,BANK_ICIC_SYNTH,NEW_DIGITAL,ZONE_SOUTH,12,5,REGISTERED
CMP-2026-02116,2026-06-21 12:07:01,2026-06-21 12:41:31,34.5,TASK_FRAUD,65235.42,IMPS,BANK_HDFC_SYNTH,RURAL_REGIONAL,ZONE_CENTRAL,12,6,REGISTERED
CMP-2026-02117,2026-03-19 16:18:06,2026-03-19 17:00:36,42.5,PHISHING_UPI,27979.96,UPI,BANK_HDFC_SYNTH,NEW_DIGITAL,ZONE_CENTRAL,16,3,REGISTERED
CMP-2026-02118,2026-03-26 12:58:14,2026-03-26 13:12:32,14.3,PHISHING_UPI,59219.07,NEFT,BANK_ICIC_SYNTH,STANDARD,ZONE_CENTRAL,12,3,REGISTERED
CMP-2026-02119,2026-05-03 16:18:14,2026-05-03 16:40:02,21.8,EXTORTION,24749.79,IMPS,BANK_HDFC_SYNTH,NEW_DIGITAL,ZONE_EAST,16,6,REGISTERED
CMP-2026-02120,2026-07-02 14:43:56,2026-07-02 15:09:56,26.0,LOAN_SCAM,25507.8,UPI,BANK_SBI_SYNTH,RURAL_REGIONAL,ZONE_CENTRAL,14,3,REGISTERED
CMP-2026-02121,2026-05-28 19:07:14,2026-05-28 19:44:14,37.0,TASK_FRAUD,30135.25,UPI,BANK_AXIS_SYNTH,NEW_DIGITAL,ZONE_WEST,19,3,REGISTERED
CMP-2026-02122,2026-05-04 18:39:21,2026-05-04 19:03:15,23.9,LOAN_SCAM,30176.29,UPI,BANK_HDFC_SYNTH,NEW_DIGITAL,ZONE_SOUTH,18,0,REGISTERED
CMP-2026-02123,2026-08-09 14:38:09,2026-08-09 15:03:09,25.0,TASK_FRAUD,32950.95,UPI,BANK_PNB_SYNTH,NEW_DIGITAL,ZONE_WEST,14,6,REGISTERED
CMP-2026-02124,2026-06-16 17:43:27,2026-06-16 18:22:15,38.8,EXTORTION,19402.44,IMPS,BANK_HDFC_SYNTH,NEW_DIGITAL,ZONE_SOUTH,17,1,REGISTERED
CMP-2026-02125,2026-06-21 14:18:22,2026-06-21 14:39:52,21.5,PHISHING_UPI,40922.47,UPI,BANK_HDFC_SYNTH,RURAL_REGIONAL,ZONE_EAST,14,6,REGISTERED
CMP-2026-02126,2026-04-18 14:31:42,2026-04-18 14:44:36,12.9,EXTORTION,43487.02,UPI,BANK_AXIS_SYNTH,STANDARD,ZONE_CENTRAL,14,5,REGISTERED
CMP-2026-02127,2026-07-24 06:45:51,2026-07-24 06:59:39,13.8,INVESTMENT_FRAUD,56767.16,NEFT,BANK_SBI_SYNTH,NEW_DIGITAL,ZONE_NORTH,6,4,REGISTERED
CMP-2026-02128,2026-08-24 12:49:41,2026-08-24 13:26:59,37.3,PHISHING_UPI,55566.72,UPI,BANK_SBI_SYNTH,NEW_DIGITAL,ZONE_SOUTH,12,0,REGISTERED
CMP-2026-02129,2026-05-10 15:46:50,2026-05-10 16:14:32,27.7,INVESTMENT_FRAUD,136848.94,IMPS,BANK_PNB_SYNTH,NEW_DIGITAL,ZONE_EAST,15,6,REGISTERED
CMP-2026-02130,2026-03-21 11:27:46,2026-03-21 11:45:04,17.3,PHISHING_UPI,31766.77,IMPS,BANK_HDFC_SYNTH,NEW_DIGITAL,ZONE_EAST,11,5,REGISTERED
CMP-2026-02131,2026-04-28 13:08:11,2026-04-28 13:31:05,22.9,LOAN_SCAM,24881.76,UPI,BANK_PNB_SYNTH,NEW_DIGITAL,ZONE_NORTH,13,1,REGISTERED
CMP-2026-02132,2026-04-27 20:27:30,2026-04-27 21:09:36,42.1,TASK_FRAUD,23799.54,NEFT,BANK_SBI_SYNTH,RURAL_REGIONAL,ZONE_CENTRAL,20,0,REGISTERED
CMP-2026-02133,2026-06-23 15:08:51,2026-06-23 15:51:51,43.0,INVESTMENT_FRAUD,165955.76,UPI,BANK_SBI_SYNTH,NEW_DIGITAL,ZONE_SOUTH,15,1,REGISTERED
CMP-2026-02134,2026-08-13 11:24:26,2026-08-13 11:38:08,13.7,PHISHING_UPI,11376.34,UPI,BANK_ICIC_SYNTH,NEW_DIGITAL,ZONE_CENTRAL,11,3,REGISTERED
CMP-2026-02135,2026-06-04 13:52:14,2026-06-04 14:25:26,33.2,PHISHING_UPI,8102.79,UPI,BANK_HDFC_SYNTH,RURAL_REGIONAL,ZONE_WEST,13,3,REGISTERED
CMP-2026-02136,2026-06-03 11:49:44,2026-06-03 12:03:14,13.5,LOAN_SCAM,6870.87,UPI,BANK_ICIC_SYNTH,STANDARD,ZONE_EAST,11,2,REGISTERED
CMP-2026-02137,2026-07-05 12:15:23,2026-07-05 12:39:23,24.0,TASK_FRAUD,81512.76,NEFT,BANK_HDFC_SYNTH,STANDARD,ZONE_SOUTH,12,6,REGISTERED
CMP-2026-02138,2026-05-25 17:08:58,2026-05-25 17:40:16,31.3,INVESTMENT_FRAUD,166329.41,UPI,BANK_ICIC_SYNTH,STANDARD,ZONE_CENTRAL,17,0,REGISTERED
CMP-2026-02139,2026-05-04 11:54:55,2026-05-04 12:25:49,30.9,EXTORTION,44463.61,UPI,BANK_AXIS_SYNTH,NEW_DIGITAL,ZONE_WEST,11,0,REGISTERED
CMP-2026-02140,2026-04-23 12:09:53,2026-04-23 12:21:53,12.0,PHISHING_UPI,58689.98,NEFT,BANK_SBI_SYNTH,STANDARD,ZONE_CENTRAL,12,3,REGISTERED
CMP-2026-02141,2026-08-22 23:58:26,2026-08-23 00:46:32,48.1,EXTORTION,27369.11,UPI,BANK_AXIS_SYNTH,STANDARD,ZONE_NORTH,23,5,REGISTERED
CMP-2026-02142,2026-03-11 18:08:07,2026-03-11 18:21:01,12.9,TASK_FRAUD,99769.09,IMPS,BANK_HDFC_SYNTH,STANDARD,ZONE_SOUTH,18,2,REGISTERED
CMP-2026-02143,2026-07-05 12:24:46,2026-07-05 12:40:46,16.0,EXTORTION,32709.31,IMPS,BANK_HDFC_SYNTH,STANDARD,ZONE_NORTH,12,6,REGISTERED
CMP-2026-02144,2026-07-05 10:42:37,2026-07-05 11:27:13,44.6,INVESTMENT_FRAUD,61275.0,IMPS,BANK_ICIC_SYNTH,NEW_DIGITAL,ZONE_WEST,10,6,REGISTERED
CMP-2026-02145,2026-03-06 09:23:09,2026-03-06 09:56:57,33.8,TASK_FRAUD,27337.57,IMPS,BANK_SBI_SYNTH,STANDARD,ZONE_CENTRAL,9,4,REGISTERED
CMP-2026-02146,2026-03-03 10:53:52,2026-03-03 11:32:28,38.6,TASK_FRAUD,98807.64,UPI,BANK_ICIC_SYNTH,NEW_DIGITAL,ZONE_WEST,10,1,REGISTERED
CMP-2026-02147,2026-05-24 14:08:47,2026-05-24 14:36:17,27.5,TASK_FRAUD,77356.94,IMPS,BANK_SBI_SYNTH,NEW_DIGITAL,ZONE_SOUTH,14,6,REGISTERED
CMP-2026-02148,2026-05-24 13:46:21,2026-05-24 14:26:51,40.5,TASK_FRAUD,81643.92,NEFT,BANK_AXIS_SYNTH,RURAL_REGIONAL,ZONE_CENTRAL,13,6,REGISTERED
CMP-2026-02149,2026-03-29 12:56:41,2026-03-29 13:14:59,18.3,PHISHING_UPI,20582.73,IMPS,BANK_HDFC_SYNTH,STANDARD,ZONE_EAST,12,6,REGISTERED
CMP-2026-02150,2026-05-30 13:00:25,2026-05-30 14:18:19,77.9,LOAN_SCAM,36336.45,NEFT,BANK_ICIC_SYNTH,NEW_DIGITAL,ZONE_NORTH,13,5,REGISTERED
CMP-2026-02151,2026-07-01 23:56:29,2026-07-02 00:08:29,12.0,PHISHING_UPI,30382.11,NEFT,BANK_SBI_SYNTH,NEW_DIGITAL,ZONE_SOUTH,23,2,REGISTERED
CMP-2026-02152,2026-05-30 19:45:14,2026-05-30 19:57:14,12.0,INVESTMENT_FRAUD,186783.85,UPI,BANK_PNB_SYNTH,RURAL_REGIONAL,ZONE_WEST,19,5,REGISTERED
CMP-2026-02153,2026-04-18 17:05:33,2026-04-18 17:29:09,23.6,INVESTMENT_FRAUD,189897.32,UPI,BANK_SBI_SYNTH,STANDARD,ZONE_EAST,17,5,REGISTERED
CMP-2026-02154,2026-07-12 11:25:39,2026-07-12 11:43:09,17.5,INVESTMENT_FRAUD,59191.33,UPI,BANK_SBI_SYNTH,NEW_DIGITAL,ZONE_CENTRAL,11,6,REGISTERED
CMP-2026-02155,2026-04-03 18:47:35,2026-04-03 18:59:35,12.0,PHISHING_UPI,9288.59,UPI,BANK_ICIC_SYNTH,NEW_DIGITAL,ZONE_NORTH,18,4,REGISTERED
CMP-2026-02156,2026-07-25 23:29:30,2026-07-25 23:51:24,21.9,PHISHING_UPI,50843.79,UPI,BANK_SBI_SYNTH,NEW_DIGITAL,ZONE_SOUTH,23,5,REGISTERED
CMP-2026-02157,2026-07-27 21:10:03,2026-07-27 22:19:39,69.6,TASK_FRAUD,44541.27,UPI,BANK_HDFC_SYNTH,NEW_DIGITAL,ZONE_EAST,21,0,REGISTERED
CMP-2026-02158,2026-04-05 17:06:06,2026-04-05 18:32:36,86.5,LOAN_SCAM,15575.99,NEFT,BANK_ICIC_SYNTH,NEW_DIGITAL,ZONE_CENTRAL,17,6,REGISTERED
CMP-2026-02159,2026-04-20 17:34:06,2026-04-20 18:13:00,38.9,LOAN_SCAM,31248.43,UPI,BANK_HDFC_SYNTH,NEW_DIGITAL,ZONE_SOUTH,17,0,REGISTERED
CMP-2026-02160,2026-04-25 11:35:12,2026-04-25 12:27:00,51.8,INVESTMENT_FRAUD,48351.7,UPI,BANK_HDFC_SYNTH,NEW_DIGITAL,ZONE_SOUTH,11,5,REGISTERED
CMP-2026-02161,2026-04-13 20:05:36,2026-04-13 20:17:36,12.0,PHISHING_UPI,46882.9,NEFT,BANK_ICIC_SYNTH,STANDARD,ZONE_CENTRAL,20,0,REGISTERED
CMP-2026-02162,2026-04-26 17:19:00,2026-04-26 17:33:36,14.6,PHISHING_UPI,8381.81,UPI,BANK_SBI_SYNTH,STANDARD,ZONE_NORTH,17,6,REGISTERED
CMP-2026-02163,2026-07-14 18:25:32,2026-07-14 19:42:32,77.0,TASK_FRAUD,93361.94,IMPS,BANK_ICIC_SYNTH,NEW_DIGITAL,ZONE_EAST,18,1,REGISTERED
CMP-2026-02164,2026-07-09 11:08:44,2026-07-09 11:24:02,15.3,INVESTMENT_FRAUD,75844.81,NEFT,BANK_HDFC_SYNTH,STANDARD,ZONE_CENTRAL,11,3,REGISTERED
CMP-2026-02165,2026-07-12 13:06:32,2026-07-12 13:30:14,23.7,TASK_FRAUD,35499.08,IMPS,BANK_HDFC_SYNTH,NEW_DIGITAL,ZONE_NORTH,13,6,REGISTERED
CMP-2026-02166,2026-07-22 10:30:37,2026-07-22 11:12:31,41.9,INVESTMENT_FRAUD,101375.31,IMPS,BANK_SBI_SYNTH,STANDARD,ZONE_EAST,10,2,REGISTERED
CMP-2026-02167,2026-03-07 15:10:09,2026-03-07 15:22:51,12.7,PHISHING_UPI,51391.94,UPI,BANK_HDFC_SYNTH,RURAL_REGIONAL,ZONE_EAST,15,5,REGISTERED
CMP-2026-02168,2026-03-17 10:45:14,2026-03-17 11:17:02,31.8,TASK_FRAUD,77657.24,NEFT,BANK_SBI_SYNTH,STANDARD,ZONE_WEST,10,1,REGISTERED
CMP-2026-02169,2026-07-24 18:41:09,2026-07-24 19:08:03,26.9,PHISHING_UPI,26476.31,UPI,BANK_HDFC_SYNTH,STANDARD,ZONE_CENTRAL,18,4,REGISTERED
CMP-2026-02170,2026-08-26 10:32:33,2026-08-26 12:02:39,90.1,TASK_FRAUD,85469.84,UPI,BANK_PNB_SYNTH,STANDARD,ZONE_WEST,10,2,REGISTERED
CMP-2026-02171,2026-06-18 23:33:59,2026-06-19 00:02:47,28.8,TASK_FRAUD,83426.46,IMPS,BANK_ICIC_SYNTH,NEW_DIGITAL,ZONE_WEST,23,3,REGISTERED
CMP-2026-02172,2026-07-20 09:21:18,2026-07-20 09:35:54,14.6,PHISHING_UPI,31053.84,UPI,BANK_HDFC_SYNTH,STANDARD,ZONE_EAST,9,0,REGISTERED
CMP-2026-02173,2026-03-08 23:45:49,2026-03-09 00:14:07,28.3,INVESTMENT_FRAUD,52359.14,IMPS,BANK_ICIC_SYNTH,STANDARD,ZONE_WEST,23,6,REGISTERED
CMP-2026-02174,2026-04-07 15:39:38,2026-04-07 16:38:02,58.4,LOAN_SCAM,33649.26,IMPS,BANK_ICIC_SYNTH,STANDARD,ZONE_WEST,15,1,REGISTERED
CMP-2026-02175,2026-06-11 13:31:06,2026-06-11 14:15:42,44.6,INVESTMENT_FRAUD,77538.59,IMPS,BANK_ICIC_SYNTH,STANDARD,ZONE_SOUTH,13,3,REGISTERED
CMP-2026-02176,2026-07-16 13:19:35,2026-07-16 13:40:47,21.2,INVESTMENT_FRAUD,144965.28,UPI,BANK_HDFC_SYNTH,RURAL_REGIONAL,ZONE_SOUTH,13,3,REGISTERED
CMP-2026-02177,2026-07-22 16:57:05,2026-07-22 17:19:11,22.1,INVESTMENT_FRAUD,80100.1,UPI,BANK_SBI_SYNTH,STANDARD,ZONE_EAST,16,2,REGISTERED
CMP-2026-02178,2026-04-26 13:59:18,2026-04-26 14:27:06,27.8,INVESTMENT_FRAUD,110056.26,IMPS,BANK_SBI_SYNTH,NEW_DIGITAL,ZONE_SOUTH,13,6,REGISTERED
CMP-2026-02179,2026-05-03 22:04:11,2026-05-03 22:31:59,27.8,TASK_FRAUD,98627.14,NEFT,BANK_AXIS_SYNTH,RURAL_REGIONAL,ZONE_EAST,22,6,REGISTERED
CMP-2026-02180,2026-05-25 11:16:48,2026-05-25 11:44:36,27.8,TASK_FRAUD,98744.74,UPI,BANK_ICIC_SYNTH,STANDARD,ZONE_EAST,11,0,REGISTERED
CMP-2026-02181,2026-06-26 17:08:07,2026-06-26 18:14:31,66.4,INVESTMENT_FRAUD,185930.74,IMPS,BANK_SBI_SYNTH,STANDARD,ZONE_CENTRAL,17,4,REGISTERED
CMP-2026-02182,2026-05-27 17:23:54,2026-05-27 17:38:00,14.1,TASK_FRAUD,59197.21,UPI,BANK_SBI_SYNTH,STANDARD,ZONE_EAST,17,2,REGISTERED
CMP-2026-02183,2026-08-13 13:08:28,2026-08-13 13:52:58,44.5,PHISHING_UPI,23999.7,UPI,BANK_ICIC_SYNTH,STANDARD,ZONE_NORTH,13,3,REGISTERED
CMP-2026-02184,2026-05-07 16:43:26,2026-05-07 17:06:32,23.1,PHISHING_UPI,54248.93,UPI,BANK_AXIS_SYNTH,NEW_DIGITAL,ZONE_CENTRAL,16,3,REGISTERED
CMP-2026-02185,2026-08-26 10:02:39,2026-08-26 10:48:21,45.7,TASK_FRAUD,66400.53,IMPS,BANK_HDFC_SYNTH,STANDARD,ZONE_EAST,10,2,REGISTERED
CMP-2026-02186,2026-03-11 12:50:15,2026-03-11 13:12:15,22.0,TASK_FRAUD,76486.11,IMPS,BANK_SBI_SYNTH,STANDARD,ZONE_CENTRAL,12,2,REGISTERED
CMP-2026-02187,2026-03-28 21:06:18,2026-03-28 21:18:18,12.0,PHISHING_UPI,34888.63,UPI,BANK_ICIC_SYNTH,RURAL_REGIONAL,ZONE_WEST,21,5,REGISTERED
CMP-2026-02188,2026-08-01 13:14:24,2026-08-01 13:32:06,17.7,TASK_FRAUD,32474.81,UPI,BANK_SBI_SYNTH,STANDARD,ZONE_NORTH,13,5,REGISTERED
CMP-2026-02189,2026-06-29 15:22:29,2026-06-29 15:54:59,32.5,INVESTMENT_FRAUD,178418.01,IMPS,BANK_SBI_SYNTH,STANDARD,ZONE_EAST,15,0,REGISTERED
CMP-2026-02190,2026-03-20 12:11:46,2026-03-20 12:30:34,18.8,EXTORTION,48741.03,NEFT,BANK_SBI_SYNTH,RURAL_REGIONAL,ZONE_EAST,12,4,REGISTERED
CMP-2026-02191,2026-04-05 18:21:04,2026-04-05 21:22:46,181.7,LOAN_SCAM,5244.68,IMPS,BANK_ICIC_SYNTH,RURAL_REGIONAL,ZONE_NORTH,18,6,REGISTERED
CMP-2026-02192,2026-04-08 15:47:30,2026-04-08 18:19:30,152.0,INVESTMENT_FRAUD,138140.6,NEFT,BANK_PNB_SYNTH,NEW_DIGITAL,ZONE_SOUTH,15,2,REGISTERED
CMP-2026-02193,2026-03-07 14:09:30,2026-03-07 14:21:48,12.3,PHISHING_UPI,43938.43,UPI,BANK_SBI_SYNTH,NEW_DIGITAL,ZONE_EAST,14,5,REGISTERED
CMP-2026-02194,2026-04-27 06:02:38,2026-04-27 06:16:50,14.2,PHISHING_UPI,16163.43,UPI,BANK_ICIC_SYNTH,RURAL_REGIONAL,ZONE_SOUTH,6,0,REGISTERED
CMP-2026-02195,2026-08-16 21:23:50,2026-08-16 21:36:08,12.3,PHISHING_UPI,55307.94,UPI,BANK_HDFC_SYNTH,NEW_DIGITAL,ZONE_EAST,21,6,REGISTERED
CMP-2026-02196,2026-04-08 15:13:55,2026-04-08 16:00:43,46.8,EXTORTION,27740.81,IMPS,BANK_SBI_SYNTH,NEW_DIGITAL,ZONE_NORTH,15,2,REGISTERED
CMP-2026-02197,2026-04-18 22:40:11,2026-04-18 23:10:41,30.5,PHISHING_UPI,13283.02,NEFT,BANK_ICIC_SYNTH,RURAL_REGIONAL,ZONE_CENTRAL,22,5,REGISTERED
CMP-2026-02198,2026-03-15 22:55:45,2026-03-15 23:18:15,22.5,INVESTMENT_FRAUD,156377.98,UPI,BANK_SBI_SYNTH,STANDARD,ZONE_WEST,22,6,REGISTERED
CMP-2026-02199,2026-06-03 14:42:57,2026-06-03 16:26:15,103.3,INVESTMENT_FRAUD,167231.14,UPI,BANK_SBI_SYNTH,NEW_DIGITAL,ZONE_NORTH,14,2,REGISTERED
CMP-2026-02200,2026-03-17 07:57:27,2026-03-17 08:34:33,37.1,PHISHING_UPI,40840.87,UPI,BANK_SBI_SYNTH,STANDARD,ZONE_NORTH,7,1,REGISTERED
CMP-2026-02201,2026-03-30 10:22:26,2026-03-30 11:51:38,89.2,INVESTMENT_FRAUD,125239.99,IMPS,BANK_HDFC_SYNTH,RURAL_REGIONAL,ZONE_SOUTH,10,0,REGISTERED
CMP-2026-02202,2026-08-21 09:27:22,2026-08-21 10:12:10,44.8,TASK_FRAUD,47553.28,UPI,BANK_SBI_SYNTH,NEW_DIGITAL,ZONE_CENTRAL,9,4,REGISTERED
CMP-2026-02203,2026-06-11 14:52:00,2026-06-11 16:00:06,68.1,INVESTMENT_FRAUD,115089.07,UPI,BANK_PNB_SYNTH,STANDARD,ZONE_WEST,14,3,REGISTERED
CMP-2026-02204,2026-03-15 11:42:37,2026-03-15 12:27:43,45.1,INVESTMENT_FRAUD,147856.48,UPI,BANK_SBI_SYNTH,STANDARD,ZONE_SOUTH,11,6,REGISTERED
CMP-2026-02205,2026-06-28 17:52:46,2026-06-28 18:07:28,14.7,PHISHING_UPI,35182.56,UPI,BANK_ICIC_SYNTH,RURAL_REGIONAL,ZONE_WEST,17,6,REGISTERED
CMP-2026-02206,2026-03-03 21:57:29,2026-03-03 22:15:47,18.3,PHISHING_UPI,38133.94,NEFT,BANK_AXIS_SYNTH,NEW_DIGITAL,ZONE_NORTH,21,1,REGISTERED
CMP-2026-02207,2026-05-29 13:20:07,2026-05-29 14:09:49,49.7,TASK_FRAUD,54755.68,UPI,BANK_HDFC_SYNTH,STANDARD,ZONE_NORTH,13,4,REGISTERED
CMP-2026-02208,2026-04-17 06:46:00,2026-04-17 06:58:00,12.0,PHISHING_UPI,22418.25,IMPS,BANK_SBI_SYNTH,RURAL_REGIONAL,ZONE_NORTH,6,4,REGISTERED
CMP-2026-02209,2026-08-17 18:54:08,2026-08-17 19:08:02,13.9,TASK_FRAUD,70985.09,UPI,BANK_PNB_SYNTH,STANDARD,ZONE_CENTRAL,18,0,REGISTERED
CMP-2026-02210,2026-03-07 12:47:12,2026-03-07 13:39:48,52.6,LOAN_SCAM,13566.04,UPI,BANK_AXIS_SYNTH,RURAL_REGIONAL,ZONE_NORTH,12,5,REGISTERED
CMP-2026-02211,2026-06-17 17:13:22,2026-06-17 17:58:52,45.5,TASK_FRAUD,27211.12,UPI,BANK_ICIC_SYNTH,RURAL_REGIONAL,ZONE_WEST,17,2,REGISTERED
CMP-2026-02212,2026-08-22 09:36:00,2026-08-22 10:11:12,35.2,PHISHING_UPI,51398.54,UPI,BANK_HDFC_SYNTH,STANDARD,ZONE_EAST,9,5,REGISTERED
CMP-2026-02213,2026-03-03 16:57:19,2026-03-03 17:09:19,12.0,EXTORTION,27327.1,UPI,BANK_HDFC_SYNTH,RURAL_REGIONAL,ZONE_SOUTH,16,1,REGISTERED
CMP-2026-02214,2026-06-25 13:29:26,2026-06-25 14:04:08,34.7,INVESTMENT_FRAUD,145853.93,UPI,BANK_SBI_SYNTH,NEW_DIGITAL,ZONE_WEST,13,3,REGISTERED
CMP-2026-02215,2026-07-28 09:27:33,2026-07-28 10:51:03,83.5,TASK_FRAUD,96123.39,UPI,BANK_PNB_SYNTH,STANDARD,ZONE_EAST,9,1,REGISTERED
CMP-2026-02216,2026-04-30 18:59:11,2026-04-30 20:01:41,62.5,LOAN_SCAM,23433.09,UPI,BANK_ICIC_SYNTH,NEW_DIGITAL,ZONE_NORTH,18,3,REGISTERED
CMP-2026-02217,2026-04-01 11:38:10,2026-04-01 13:18:22,100.2,INVESTMENT_FRAUD,56418.4,UPI,BANK_HDFC_SYNTH,NEW_DIGITAL,ZONE_EAST,11,2,REGISTERED
CMP-2026-02218,2026-04-21 13:42:44,2026-04-21 14:15:50,33.1,INVESTMENT_FRAUD,59160.38,UPI,BANK_SBI_SYNTH,STANDARD,ZONE_EAST,13,1,REGISTERED
CMP-2026-02219,2026-07-05 17:59:57,2026-07-05 18:14:57,15.0,PHISHING_UPI,22782.77,UPI,BANK_HDFC_SYNTH,NEW_DIGITAL,ZONE_CENTRAL,17,6,REGISTERED
CMP-2026-02220,2026-08-27 10:51:53,2026-08-27 11:12:47,20.9,INVESTMENT_FRAUD,115102.52,IMPS,BANK_AXIS_SYNTH,RURAL_REGIONAL,ZONE_EAST,10,3,REGISTERED
CMP-2026-02221,2026-05-14 19:31:47,2026-05-14 20:19:05,47.3,INVESTMENT_FRAUD,197120.12,UPI,BANK_PNB_SYNTH,NEW_DIGITAL,ZONE_WEST,19,3,REGISTERED
CMP-2026-02222,2026-06-23 16:32:37,2026-06-23 17:08:49,36.2,PHISHING_UPI,56079.87,IMPS,BANK_SBI_SYNTH,STANDARD,ZONE_WEST,16,1,REGISTERED
CMP-2026-02223,2026-08-01 10:13:14,2026-08-01 10:25:14,12.0,EXTORTION,30535.7,IMPS,BANK_SBI_SYNTH,NEW_DIGITAL,ZONE_EAST,10,5,REGISTERED
CMP-2026-02224,2026-08-02 10:07:22,2026-08-02 11:22:46,75.4,TASK_FRAUD,47773.96,UPI,BANK_PNB_SYNTH,RURAL_REGIONAL,ZONE_SOUTH,10,6,REGISTERED
CMP-2026-02225,2026-08-12 10:26:58,2026-08-12 10:59:40,32.7,EXTORTION,41661.24,IMPS,BANK_HDFC_SYNTH,NEW_DIGITAL,ZONE_WEST,10,2,REGISTERED
CMP-2026-02226,2026-07-05 13:47:25,2026-07-05 14:24:43,37.3,PHISHING_UPI,42484.14,UPI,BANK_ICIC_SYNTH,NEW_DIGITAL,ZONE_NORTH,13,6,REGISTERED
CMP-2026-02227,2026-07-19 12:32:18,2026-07-19 13:04:30,32.2,INVESTMENT_FRAUD,92803.11,UPI,BANK_SBI_SYNTH,STANDARD,ZONE_EAST,12,6,REGISTERED
CMP-2026-02228,2026-04-25 13:57:50,2026-04-25 14:28:32,30.7,PHISHING_UPI,56083.52,UPI,BANK_SBI_SYNTH,STANDARD,ZONE_WEST,13,5,REGISTERED
CMP-2026-02229,2026-06-30 13:00:57,2026-06-30 13:33:09,32.2,INVESTMENT_FRAUD,99881.59,UPI,BANK_PNB_SYNTH,RURAL_REGIONAL,ZONE_WEST,13,1,REGISTERED
CMP-2026-02230,2026-03-06 15:01:09,2026-03-06 16:19:57,78.8,TASK_FRAUD,51602.69,UPI,BANK_SBI_SYNTH,NEW_DIGITAL,ZONE_WEST,15,4,REGISTERED
CMP-2026-02231,2026-04-30 00:36:27,2026-04-30 01:39:21,62.9,TASK_FRAUD,34167.74,NEFT,BANK_SBI_SYNTH,STANDARD,ZONE_SOUTH,0,3,REGISTERED
CMP-2026-02232,2026-06-24 05:53:03,2026-06-24 06:22:33,29.5,INVESTMENT_FRAUD,191017.05,IMPS,BANK_SBI_SYNTH,NEW_DIGITAL,ZONE_SOUTH,5,2,REGISTERED
CMP-2026-02233,2026-03-24 17:40:24,2026-03-24 18:17:30,37.1,TASK_FRAUD,76822.58,UPI,BANK_SBI_SYNTH,STANDARD,ZONE_WEST,17,1,REGISTERED
CMP-2026-02234,2026-04-01 19:57:20,2026-04-01 20:52:38,55.3,INVESTMENT_FRAUD,45929.52,UPI,BANK_ICIC_SYNTH,NEW_DIGITAL,ZONE_NORTH,19,2,REGISTERED
CMP-2026-02235,2026-04-11 12:45:51,2026-04-11 13:23:27,37.6,TASK_FRAUD,78283.41,IMPS,BANK_SBI_SYNTH,STANDARD,ZONE_SOUTH,12,5,REGISTERED
CMP-2026-02236,2026-06-22 12:50:25,2026-06-22 13:47:01,56.6,INVESTMENT_FRAUD,54811.54,UPI,BANK_ICIC_SYNTH,NEW_DIGITAL,ZONE_WEST,12,0,REGISTERED
CMP-2026-02237,2026-06-21 06:16:53,2026-06-21 06:42:53,26.0,INVESTMENT_FRAUD,71361.0,UPI,BANK_AXIS_SYNTH,NEW_DIGITAL,ZONE_NORTH,6,6,REGISTERED
CMP-2026-02238,2026-04-06 11:05:01,2026-04-06 11:55:37,50.6,INVESTMENT_FRAUD,117262.01,UPI,BANK_PNB_SYNTH,NEW_DIGITAL,ZONE_NORTH,11,0,REGISTERED
CMP-2026-02239,2026-03-06 18:45:34,2026-03-06 19:22:28,36.9,INVESTMENT_FRAUD,67433.45,NEFT,BANK_PNB_SYNTH,RURAL_REGIONAL,ZONE_WEST,18,4,REGISTERED
CMP-2026-02240,2026-03-15 17:24:01,2026-03-15 17:41:13,17.2,TASK_FRAUD,43880.27,NEFT,BANK_PNB_SYNTH,NEW_DIGITAL,ZONE_SOUTH,17,6,REGISTERED
CMP-2026-02241,2026-06-23 14:49:22,2026-06-23 15:03:28,14.1,PHISHING_UPI,11493.24,UPI,BANK_SBI_SYNTH,STANDARD,ZONE_SOUTH,14,1,REGISTERED
CMP-2026-02242,2026-04-23 13:34:53,2026-04-23 14:28:17,53.4,INVESTMENT_FRAUD,65988.28,IMPS,BANK_HDFC_SYNTH,STANDARD,ZONE_CENTRAL,13,3,REGISTERED
CMP-2026-02243,2026-07-17 12:42:03,2026-07-17 13:07:21,25.3,PHISHING_UPI,37272.75,IMPS,BANK_ICIC_SYNTH,STANDARD,ZONE_EAST,12,4,REGISTERED
CMP-2026-02244,2026-06-21 14:40:37,2026-06-21 15:11:01,30.4,PHISHING_UPI,5163.91,UPI,BANK_SBI_SYNTH,NEW_DIGITAL,ZONE_SOUTH,14,6,REGISTERED
CMP-2026-02245,2026-03-20 18:59:38,2026-03-20 19:13:56,14.3,EXTORTION,28170.68,NEFT,BANK_PNB_SYNTH,RURAL_REGIONAL,ZONE_SOUTH,18,4,REGISTERED
CMP-2026-02246,2026-08-09 14:05:04,2026-08-09 18:40:28,275.4,INVESTMENT_FRAUD,58146.58,UPI,BANK_AXIS_SYNTH,STANDARD,ZONE_NORTH,14,6,REGISTERED
CMP-2026-02247,2026-08-12 09:13:25,2026-08-12 09:35:13,21.8,PHISHING_UPI,50284.2,NEFT,BANK_SBI_SYNTH,STANDARD,ZONE_EAST,9,2,REGISTERED
CMP-2026-02248,2026-05-27 22:40:04,2026-05-27 22:52:52,12.8,LOAN_SCAM,38449.48,UPI,BANK_PNB_SYNTH,STANDARD,ZONE_WEST,22,2,REGISTERED
CMP-2026-02249,2026-04-26 19:58:28,2026-04-26 20:27:34,29.1,PHISHING_UPI,15941.73,UPI,BANK_SBI_SYNTH,NEW_DIGITAL,ZONE_EAST,19,6,REGISTERED
CMP-2026-02250,2026-04-23 23:57:11,2026-04-24 00:12:41,15.5,TASK_FRAUD,27632.27,NEFT,BANK_SBI_SYNTH,NEW_DIGITAL,ZONE_CENTRAL,23,3,REGISTERED
CMP-2026-02251,2026-05-01 15:22:30,2026-05-01 16:01:06,38.6,INVESTMENT_FRAUD,198948.97,UPI,BANK_ICIC_SYNTH,NEW_DIGITAL,ZONE_CENTRAL,15,4,REGISTERED
CMP-2026-02252,2026-06-16 14:00:10,2026-06-16 14:25:10,25.0,EXTORTION,23064.12,IMPS,BANK_AXIS_SYNTH,STANDARD,ZONE_SOUTH,14,1,REGISTERED
CMP-2026-02253,2026-08-14 14:12:38,2026-08-14 14:24:38,12.0,PHISHING_UPI,19535.69,IMPS,BANK_PNB_SYNTH,STANDARD,ZONE_EAST,14,4,REGISTERED
CMP-2026-02254,2026-06-02 14:48:09,2026-06-02 15:05:51,17.7,TASK_FRAUD,62536.72,IMPS,BANK_HDFC_SYNTH,NEW_DIGITAL,ZONE_EAST,14,1,REGISTERED
CMP-2026-02255,2026-04-09 18:20:08,2026-04-09 18:49:50,29.7,PHISHING_UPI,58501.09,IMPS,BANK_SBI_SYNTH,NEW_DIGITAL,ZONE_SOUTH,18,3,REGISTERED
CMP-2026-02256,2026-05-26 23:05:22,2026-05-26 23:31:34,26.2,TASK_FRAUD,25758.55,UPI,BANK_ICIC_SYNTH,STANDARD,ZONE_SOUTH,23,1,REGISTERED
CMP-2026-02257,2026-05-24 10:51:31,2026-05-24 11:39:55,48.4,PHISHING_UPI,45604.63,IMPS,BANK_AXIS_SYNTH,RURAL_REGIONAL,ZONE_NORTH,10,6,REGISTERED
CMP-2026-02258,2026-08-14 12:16:11,2026-08-14 12:34:29,18.3,PHISHING_UPI,58399.02,IMPS,BANK_AXIS_SYNTH,RURAL_REGIONAL,ZONE_SOUTH,12,4,REGISTERED
CMP-2026-02259,2026-03-19 17:50:49,2026-03-19 18:27:43,36.9,PHISHING_UPI,10580.11,UPI,BANK_HDFC_SYNTH,NEW_DIGITAL,ZONE_SOUTH,17,3,REGISTERED
CMP-2026-02260,2026-07-21 18:46:31,2026-07-21 19:04:19,17.8,EXTORTION,19974.19,UPI,BANK_SBI_SYNTH,NEW_DIGITAL,ZONE_CENTRAL,18,1,REGISTERED
CMP-2026-02261,2026-05-16 17:47:17,2026-05-16 18:12:53,25.6,TASK_FRAUD,71121.39,NEFT,BANK_HDFC_SYNTH,NEW_DIGITAL,ZONE_NORTH,17,5,REGISTERED
CMP-2026-02262,2026-05-17 22:36:22,2026-05-18 01:27:40,171.3,LOAN_SCAM,15026.27,UPI,BANK_HDFC_SYNTH,NEW_DIGITAL,ZONE_CENTRAL,22,6,REGISTERED
CMP-2026-02263,2026-05-20 17:56:02,2026-05-20 19:50:20,114.3,LOAN_SCAM,20082.79,NEFT,BANK_SBI_SYNTH,STANDARD,ZONE_CENTRAL,17,2,REGISTERED
CMP-2026-02264,2026-04-15 12:26:18,2026-04-15 13:29:30,63.2,INVESTMENT_FRAUD,122411.39,UPI,BANK_ICIC_SYNTH,STANDARD,ZONE_CENTRAL,12,2,REGISTERED
CMP-2026-02265,2026-05-11 14:07:11,2026-05-11 14:33:41,26.5,TASK_FRAUD,36916.76,UPI,BANK_HDFC_SYNTH,STANDARD,ZONE_NORTH,14,0,REGISTERED
CMP-2026-02266,2026-05-04 09:04:13,2026-05-04 09:28:25,24.2,PHISHING_UPI,33849.7,IMPS,BANK_HDFC_SYNTH,STANDARD,ZONE_EAST,9,0,REGISTERED
CMP-2026-02267,2026-03-27 20:20:07,2026-03-27 20:32:07,12.0,PHISHING_UPI,34832.68,IMPS,BANK_SBI_SYNTH,RURAL_REGIONAL,ZONE_CENTRAL,20,4,REGISTERED
CMP-2026-02268,2026-04-08 07:36:50,2026-04-08 07:56:08,19.3,TASK_FRAUD,74074.81,UPI,BANK_HDFC_SYNTH,NEW_DIGITAL,ZONE_NORTH,7,2,REGISTERED
CMP-2026-02269,2026-06-10 15:24:18,2026-06-10 18:06:18,162.0,INVESTMENT_FRAUD,101480.09,UPI,BANK_AXIS_SYNTH,RURAL_REGIONAL,ZONE_SOUTH,15,2,REGISTERED
CMP-2026-02270,2026-03-19 17:17:45,2026-03-19 17:37:27,19.7,PHISHING_UPI,22923.44,UPI,BANK_SBI_SYNTH,STANDARD,ZONE_SOUTH,17,3,REGISTERED
CMP-2026-02271,2026-06-12 14:41:26,2026-06-12 15:20:26,39.0,TASK_FRAUD,71464.2,UPI,BANK_SBI_SYNTH,RURAL_REGIONAL,ZONE_CENTRAL,14,4,REGISTERED
CMP-2026-02272,2026-04-27 11:20:12,2026-04-27 11:32:12,12.0,PHISHING_UPI,39807.43,NEFT,BANK_HDFC_SYNTH,STANDARD,ZONE_EAST,11,0,REGISTERED
CMP-2026-02273,2026-08-26 23:26:07,2026-08-27 00:14:37,48.5,INVESTMENT_FRAUD,50769.94,UPI,BANK_SBI_SYNTH,STANDARD,ZONE_SOUTH,23,2,REGISTERED
CMP-2026-02274,2026-06-17 14:37:24,2026-06-17 14:54:48,17.4,PHISHING_UPI,44446.3,UPI,BANK_SBI_SYNTH,STANDARD,ZONE_SOUTH,14,2,REGISTERED
CMP-2026-02275,2026-04-21 10:41:50,2026-04-21 11:13:14,31.4,INVESTMENT_FRAUD,182044.22,UPI,BANK_PNB_SYNTH,NEW_DIGITAL,ZONE_EAST,10,1,REGISTERED
CMP-2026-02276,2026-08-25 21:58:29,2026-08-25 22:10:29,12.0,PHISHING_UPI,58075.01,UPI,BANK_ICIC_SYNTH,STANDARD,ZONE_CENTRAL,21,1,REGISTERED
CMP-2026-02277,2026-03-07 15:34:58,2026-03-07 16:29:34,54.6,INVESTMENT_FRAUD,172608.44,IMPS,BANK_AXIS_SYNTH,STANDARD,ZONE_WEST,15,5,REGISTERED
CMP-2026-02278,2026-03-13 16:06:53,2026-03-13 16:45:59,39.1,LOAN_SCAM,10668.51,IMPS,BANK_SBI_SYNTH,STANDARD,ZONE_SOUTH,16,4,REGISTERED
CMP-2026-02279,2026-04-19 23:48:22,2026-04-20 00:15:16,26.9,EXTORTION,19258.13,UPI,BANK_ICIC_SYNTH,STANDARD,ZONE_EAST,23,6,REGISTERED
CMP-2026-02280,2026-05-28 11:03:25,2026-05-28 11:27:31,24.1,PHISHING_UPI,55046.39,IMPS,BANK_HDFC_SYNTH,RURAL_REGIONAL,ZONE_SOUTH,11,3,REGISTERED
CMP-2026-02281,2026-05-28 16:41:58,2026-05-28 16:56:16,14.3,TASK_FRAUD,58148.9,NEFT,BANK_SBI_SYNTH,RURAL_REGIONAL,ZONE_WEST,16,3,REGISTERED
CMP-2026-02282,2026-03-19 11:14:03,2026-03-19 11:33:45,19.7,PHISHING_UPI,25456.12,UPI,BANK_HDFC_SYNTH,RURAL_REGIONAL,ZONE_NORTH,11,3,REGISTERED
CMP-2026-02283,2026-03-25 15:20:55,2026-03-25 15:33:31,12.6,PHISHING_UPI,12601.59,NEFT,BANK_HDFC_SYNTH,NEW_DIGITAL,ZONE_NORTH,15,2,REGISTERED
CMP-2026-02284,2026-03-16 08:46:57,2026-03-16 09:30:09,43.2,LOAN_SCAM,22099.71,IMPS,BANK_ICIC_SYNTH,RURAL_REGIONAL,ZONE_EAST,8,0,REGISTERED
CMP-2026-02285,2026-08-16 10:55:03,2026-08-16 11:55:03,60.0,INVESTMENT_FRAUD,181538.75,UPI,BANK_HDFC_SYNTH,NEW_DIGITAL,ZONE_CENTRAL,10,6,REGISTERED
CMP-2026-02286,2026-03-20 19:19:04,2026-03-20 20:19:58,60.9,TASK_FRAUD,63979.39,UPI,BANK_SBI_SYNTH,STANDARD,ZONE_WEST,19,4,REGISTERED
CMP-2026-02287,2026-04-18 10:10:59,2026-04-18 10:34:23,23.4,INVESTMENT_FRAUD,58923.84,UPI,BANK_SBI_SYNTH,RURAL_REGIONAL,ZONE_CENTRAL,10,5,REGISTERED
CMP-2026-02288,2026-03-22 16:20:55,2026-03-22 16:44:25,23.5,LOAN_SCAM,22722.65,UPI,BANK_SBI_SYNTH,NEW_DIGITAL,ZONE_EAST,16,6,REGISTERED
CMP-2026-02289,2026-06-23 12:42:07,2026-06-23 13:19:43,37.6,PHISHING_UPI,57168.95,UPI,BANK_SBI_SYNTH,NEW_DIGITAL,ZONE_SOUTH,12,1,REGISTERED
CMP-2026-02290,2026-06-13 07:42:31,2026-06-13 08:17:49,35.3,TASK_FRAUD,73831.5,UPI,BANK_ICIC_SYNTH,NEW_DIGITAL,ZONE_WEST,7,5,REGISTERED
CMP-2026-02291,2026-04-27 10:46:30,2026-04-27 11:06:36,20.1,EXTORTION,24497.17,IMPS,BANK_PNB_SYNTH,RURAL_REGIONAL,ZONE_CENTRAL,10,0,REGISTERED
CMP-2026-02292,2026-07-07 09:22:35,2026-07-07 09:57:47,35.2,TASK_FRAUD,52697.0,IMPS,BANK_SBI_SYNTH,RURAL_REGIONAL,ZONE_EAST,9,1,REGISTERED
CMP-2026-02293,2026-04-13 20:41:47,2026-04-13 20:53:47,12.0,INVESTMENT_FRAUD,168424.05,UPI,BANK_HDFC_SYNTH,NEW_DIGITAL,ZONE_EAST,20,0,REGISTERED
CMP-2026-02294,2026-07-04 11:04:31,2026-07-04 11:41:49,37.3,PHISHING_UPI,45378.1,IMPS,BANK_SBI_SYNTH,NEW_DIGITAL,ZONE_EAST,11,5,REGISTERED
CMP-2026-02295,2026-05-24 11:24:12,2026-05-24 11:46:42,22.5,EXTORTION,40672.15,UPI,BANK_PNB_SYNTH,STANDARD,ZONE_EAST,11,6,REGISTERED
CMP-2026-02296,2026-04-07 18:37:48,2026-04-07 18:54:12,16.4,PHISHING_UPI,45112.68,UPI,BANK_SBI_SYNTH,NEW_DIGITAL,ZONE_SOUTH,18,1,REGISTERED
CMP-2026-02297,2026-04-26 14:29:41,2026-04-26 15:25:11,55.5,INVESTMENT_FRAUD,173618.67,IMPS,BANK_SBI_SYNTH,NEW_DIGITAL,ZONE_SOUTH,14,6,REGISTERED
CMP-2026-02298,2026-08-12 13:14:58,2026-08-12 13:45:10,30.2,TASK_FRAUD,34942.83,UPI,BANK_HDFC_SYNTH,STANDARD,ZONE_NORTH,13,2,REGISTERED
CMP-2026-02299,2026-08-04 09:32:12,2026-08-04 10:38:12,66.0,EXTORTION,42280.55,UPI,BANK_HDFC_SYNTH,STANDARD,ZONE_CENTRAL,9,1,REGISTERED
CMP-2026-02300,2026-03-13 23:27:10,2026-03-14 00:01:58,34.8,INVESTMENT_FRAUD,98629.93,UPI,BANK_SBI_SYNTH,NEW_DIGITAL,ZONE_NORTH,23,4,REGISTERED
CMP-2026-02301,2026-03-27 14:56:06,2026-03-27 16:41:12,105.1,INVESTMENT_FRAUD,38213.67,UPI,BANK_SBI_SYNTH,STANDARD,ZONE_EAST,14,4,REGISTERED
CMP-2026-02302,2026-03-03 20:29:11,2026-03-03 21:19:29,50.3,INVESTMENT_FRAUD,198215.61,NEFT,BANK_SBI_SYNTH,RURAL_REGIONAL,ZONE_WEST,20,1,REGISTERED
CMP-2026-02303,2026-05-21 20:16:07,2026-05-21 20:37:13,21.1,INVESTMENT_FRAUD,113310.9,UPI,BANK_SBI_SYNTH,RURAL_REGIONAL,ZONE_SOUTH,20,3,REGISTERED
CMP-2026-02304,2026-03-16 15:27:13,2026-03-17 03:27:13,720.0,LOAN_SCAM,12129.39,UPI,BANK_SBI_SYNTH,NEW_DIGITAL,ZONE_CENTRAL,15,0,REGISTERED
CMP-2026-02305,2026-05-31 17:03:28,2026-05-31 17:29:10,25.7,TASK_FRAUD,54768.8,IMPS,BANK_ICIC_SYNTH,STANDARD,ZONE_WEST,17,6,REGISTERED
CMP-2026-02306,2026-03-09 12:24:46,2026-03-09 12:51:58,27.2,INVESTMENT_FRAUD,163928.78,UPI,BANK_SBI_SYNTH,STANDARD,ZONE_EAST,12,0,REGISTERED
CMP-2026-02307,2026-04-04 09:12:25,2026-04-04 10:06:25,54.0,INVESTMENT_FRAUD,83276.29,UPI,BANK_ICIC_SYNTH,RURAL_REGIONAL,ZONE_SOUTH,9,5,REGISTERED
CMP-2026-02308,2026-06-04 17:31:33,2026-06-04 18:07:51,36.3,EXTORTION,41533.1,UPI,BANK_SBI_SYNTH,STANDARD,ZONE_EAST,17,3,REGISTERED
CMP-2026-02309,2026-08-20 18:14:07,2026-08-20 18:39:25,25.3,EXTORTION,35984.19,UPI,BANK_AXIS_SYNTH,STANDARD,ZONE_CENTRAL,18,3,REGISTERED
CMP-2026-02310,2026-04-12 18:34:06,2026-04-12 18:49:42,15.6,PHISHING_UPI,35389.48,NEFT,BANK_AXIS_SYNTH,RURAL_REGIONAL,ZONE_EAST,18,6,REGISTERED
CMP-2026-02311,2026-03-19 16:46:52,2026-03-19 17:34:34,47.7,INVESTMENT_FRAUD,92469.4,IMPS,BANK_ICIC_SYNTH,NEW_DIGITAL,ZONE_NORTH,16,3,REGISTERED
CMP-2026-02312,2026-04-18 12:13:10,2026-04-18 12:33:34,20.4,PHISHING_UPI,54441.67,UPI,BANK_HDFC_SYNTH,RURAL_REGIONAL,ZONE_SOUTH,12,5,REGISTERED
CMP-2026-02313,2026-06-23 18:45:38,2026-06-23 20:18:20,92.7,INVESTMENT_FRAUD,195694.22,IMPS,BANK_PNB_SYNTH,RURAL_REGIONAL,ZONE_WEST,18,1,REGISTERED
CMP-2026-02314,2026-03-17 11:32:58,2026-03-17 11:51:28,18.5,EXTORTION,10681.26,IMPS,BANK_PNB_SYNTH,NEW_DIGITAL,ZONE_CENTRAL,11,1,REGISTERED
CMP-2026-02315,2026-07-12 20:54:58,2026-07-12 21:07:28,12.5,PHISHING_UPI,22900.9,UPI,BANK_SBI_SYNTH,STANDARD,ZONE_EAST,20,6,REGISTERED
CMP-2026-02316,2026-04-26 10:04:10,2026-04-26 11:02:10,58.0,INVESTMENT_FRAUD,143059.08,UPI,BANK_SBI_SYNTH,NEW_DIGITAL,ZONE_CENTRAL,10,6,REGISTERED
CMP-2026-02317,2026-03-26 16:00:42,2026-03-26 16:16:00,15.3,PHISHING_UPI,59990.22,IMPS,BANK_HDFC_SYNTH,STANDARD,ZONE_SOUTH,16,3,REGISTERED
CMP-2026-02318,2026-08-23 17:56:04,2026-08-23 18:30:58,34.9,INVESTMENT_FRAUD,149359.48,UPI,BANK_ICIC_SYNTH,STANDARD,ZONE_WEST,17,6,REGISTERED
CMP-2026-02319,2026-06-15 13:30:37,2026-06-15 14:10:01,39.4,LOAN_SCAM,22600.64,NEFT,BANK_SBI_SYNTH,NEW_DIGITAL,ZONE_EAST,13,0,REGISTERED
CMP-2026-02320,2026-03-09 15:01:36,2026-03-09 15:43:48,42.2,INVESTMENT_FRAUD,60580.67,IMPS,BANK_SBI_SYNTH,STANDARD,ZONE_SOUTH,15,0,REGISTERED
CMP-2026-02321,2026-07-29 11:33:32,2026-07-29 12:08:14,34.7,PHISHING_UPI,16000.58,UPI,BANK_SBI_SYNTH,NEW_DIGITAL,ZONE_SOUTH,11,2,REGISTERED
CMP-2026-02322,2026-07-18 18:06:19,2026-07-18 18:33:37,27.3,PHISHING_UPI,55221.96,IMPS,BANK_HDFC_SYNTH,NEW_DIGITAL,ZONE_SOUTH,18,5,REGISTERED
CMP-2026-02323,2026-05-21 14:47:22,2026-05-21 15:08:34,21.2,INVESTMENT_FRAUD,183251.56,UPI,BANK_HDFC_SYNTH,NEW_DIGITAL,ZONE_CENTRAL,14,3,REGISTERED
CMP-2026-02324,2026-04-16 17:31:16,2026-04-16 18:00:40,29.4,TASK_FRAUD,85701.32,UPI,BANK_SBI_SYNTH,STANDARD,ZONE_SOUTH,17,3,REGISTERED
CMP-2026-02325,2026-07-27 10:19:45,2026-07-27 10:39:39,19.9,TASK_FRAUD,21487.36,UPI,BANK_AXIS_SYNTH,NEW_DIGITAL,ZONE_SOUTH,10,0,REGISTERED
CMP-2026-02326,2026-03-21 12:43:33,2026-03-21 14:01:21,77.8,LOAN_SCAM,21431.4,NEFT,BANK_SBI_SYNTH,NEW_DIGITAL,ZONE_WEST,12,5,REGISTERED
CMP-2026-02327,2026-05-13 10:14:42,2026-05-13 11:59:48,105.1,INVESTMENT_FRAUD,62432.81,IMPS,BANK_ICIC_SYNTH,NEW_DIGITAL,ZONE_SOUTH,10,2,REGISTERED
CMP-2026-02328,2026-05-04 14:01:15,2026-05-04 14:22:51,21.6,TASK_FRAUD,65185.26,IMPS,BANK_SBI_SYNTH,RURAL_REGIONAL,ZONE_WEST,14,0,REGISTERED
CMP-2026-02329,2026-07-12 17:12:58,2026-07-12 19:03:16,110.3,TASK_FRAUD,50915.87,UPI,BANK_ICIC_SYNTH,RURAL_REGIONAL,ZONE_SOUTH,17,6,REGISTERED
CMP-2026-02330,2026-06-23 05:17:56,2026-06-23 05:40:50,22.9,PHISHING_UPI,29523.25,UPI,BANK_HDFC_SYNTH,RURAL_REGIONAL,ZONE_CENTRAL,5,1,REGISTERED
CMP-2026-02331,2026-08-05 10:11:16,2026-08-05 10:37:22,26.1,EXTORTION,24158.96,UPI,BANK_ICIC_SYNTH,STANDARD,ZONE_SOUTH,10,2,REGISTERED
CMP-2026-02332,2026-05-02 22:21:25,2026-05-02 22:39:43,18.3,PHISHING_UPI,10870.52,IMPS,BANK_SBI_SYNTH,STANDARD,ZONE_SOUTH,22,5,REGISTERED
CMP-2026-02333,2026-03-08 13:33:44,2026-03-08 14:04:56,31.2,INVESTMENT_FRAUD,186805.2,UPI,BANK_SBI_SYNTH,STANDARD,ZONE_WEST,13,6,REGISTERED
CMP-2026-02334,2026-05-18 09:29:36,2026-05-18 09:51:48,22.2,EXTORTION,32368.12,NEFT,BANK_HDFC_SYNTH,NEW_DIGITAL,ZONE_NORTH,9,0,REGISTERED
CMP-2026-02335,2026-07-21 09:18:07,2026-07-21 10:06:43,48.6,INVESTMENT_FRAUD,67014.94,UPI,BANK_AXIS_SYNTH,STANDARD,ZONE_SOUTH,9,1,REGISTERED
CMP-2026-02336,2026-05-29 16:43:09,2026-05-29 17:01:09,18.0,TASK_FRAUD,57464.02,UPI,BANK_SBI_SYNTH,NEW_DIGITAL,ZONE_EAST,16,4,REGISTERED
CMP-2026-02337,2026-06-03 13:18:39,2026-06-03 14:37:27,78.8,INVESTMENT_FRAUD,67753.98,UPI,BANK_ICIC_SYNTH,RURAL_REGIONAL,ZONE_SOUTH,13,2,REGISTERED
CMP-2026-02338,2026-04-24 18:18:04,2026-04-24 18:45:16,27.2,TASK_FRAUD,68814.64,NEFT,BANK_HDFC_SYNTH,RURAL_REGIONAL,ZONE_CENTRAL,18,4,REGISTERED
CMP-2026-02339,2026-04-09 14:52:37,2026-04-09 15:22:55,30.3,INVESTMENT_FRAUD,106481.07,IMPS,BANK_HDFC_SYNTH,NEW_DIGITAL,ZONE_SOUTH,14,3,REGISTERED
CMP-2026-02340,2026-04-25 15:27:22,2026-04-25 15:39:22,12.0,EXTORTION,15942.64,UPI,BANK_HDFC_SYNTH,NEW_DIGITAL,ZONE_CENTRAL,15,5,REGISTERED
CMP-2026-02341,2026-03-25 12:56:18,2026-03-25 13:21:12,24.9,PHISHING_UPI,32807.69,UPI,BANK_ICIC_SYNTH,STANDARD,ZONE_EAST,12,2,REGISTERED
CMP-2026-02342,2026-08-19 14:45:17,2026-08-19 15:31:59,46.7,INVESTMENT_FRAUD,127307.59,UPI,BANK_SBI_SYNTH,RURAL_REGIONAL,ZONE_NORTH,14,2,REGISTERED
CMP-2026-02343,2026-05-17 22:58:05,2026-05-17 23:19:11,21.1,TASK_FRAUD,54966.87,UPI,BANK_HDFC_SYNTH,NEW_DIGITAL,ZONE_CENTRAL,22,6,REGISTERED
CMP-2026-02344,2026-05-03 15:51:43,2026-05-03 16:13:37,21.9,PHISHING_UPI,37724.75,UPI,BANK_SBI_SYNTH,NEW_DIGITAL,ZONE_NORTH,15,6,REGISTERED
CMP-2026-02345,2026-05-11 10:57:06,2026-05-11 11:11:54,14.8,PHISHING_UPI,40673.12,IMPS,BANK_ICIC_SYNTH,NEW_DIGITAL,ZONE_NORTH,10,0,REGISTERED
CMP-2026-02346,2026-08-13 17:38:19,2026-08-13 18:08:01,29.7,PHISHING_UPI,25787.95,NEFT,BANK_PNB_SYNTH,NEW_DIGITAL,ZONE_CENTRAL,17,3,REGISTERED
CMP-2026-02347,2026-04-28 18:37:08,2026-04-28 18:49:08,12.0,PHISHING_UPI,34376.15,IMPS,BANK_ICIC_SYNTH,RURAL_REGIONAL,ZONE_NORTH,18,1,REGISTERED
CMP-2026-02348,2026-05-14 10:12:19,2026-05-14 12:07:37,115.3,LOAN_SCAM,15432.77,IMPS,BANK_PNB_SYNTH,NEW_DIGITAL,ZONE_NORTH,10,3,REGISTERED
CMP-2026-02349,2026-06-10 18:40:29,2026-06-10 18:58:11,17.7,EXTORTION,28654.56,UPI,BANK_ICIC_SYNTH,STANDARD,ZONE_SOUTH,18,2,REGISTERED
CMP-2026-02350,2026-07-19 15:53:27,2026-07-19 17:14:45,81.3,INVESTMENT_FRAUD,70908.18,UPI,BANK_HDFC_SYNTH,NEW_DIGITAL,ZONE_SOUTH,15,6,REGISTERED
CMP-2026-02351,2026-07-03 12:32:59,2026-07-03 12:49:11,16.2,EXTORTION,47818.02,NEFT,BANK_AXIS_SYNTH,NEW_DIGITAL,ZONE_CENTRAL,12,4,REGISTERED
CMP-2026-02352,2026-05-16 16:26:26,2026-05-16 16:57:20,30.9,INVESTMENT_FRAUD,54012.26,UPI,BANK_SBI_SYNTH,NEW_DIGITAL,ZONE_CENTRAL,16,5,REGISTERED
CMP-2026-02353,2026-08-20 20:26:05,2026-08-20 21:58:47,92.7,INVESTMENT_FRAUD,66266.67,NEFT,BANK_ICIC_SYNTH,NEW_DIGITAL,ZONE_SOUTH,20,3,REGISTERED
CMP-2026-02354,2026-07-20 17:37:32,2026-07-20 18:30:50,53.3,INVESTMENT_FRAUD,171948.95,UPI,BANK_HDFC_SYNTH,STANDARD,ZONE_CENTRAL,17,0,REGISTERED
CMP-2026-02355,2026-03-10 12:54:25,2026-03-10 13:19:19,24.9,TASK_FRAUD,31766.88,UPI,BANK_SBI_SYNTH,STANDARD,ZONE_EAST,12,1,REGISTERED
CMP-2026-02356,2026-07-16 18:33:29,2026-07-16 18:54:41,21.2,PHISHING_UPI,27040.38,NEFT,BANK_SBI_SYNTH,RURAL_REGIONAL,ZONE_NORTH,18,3,REGISTERED
CMP-2026-02357,2026-03-16 04:17:53,2026-03-16 04:45:11,27.3,PHISHING_UPI,37096.91,UPI,BANK_ICIC_SYNTH,STANDARD,ZONE_WEST,4,0,REGISTERED
CMP-2026-02358,2026-03-20 22:38:06,2026-03-20 23:05:30,27.4,TASK_FRAUD,88758.44,UPI,BANK_SBI_SYNTH,NEW_DIGITAL,ZONE_SOUTH,22,4,REGISTERED
CMP-2026-02359,2026-06-10 23:44:21,2026-06-11 01:46:57,122.6,EXTORTION,25028.81,NEFT,BANK_AXIS_SYNTH,NEW_DIGITAL,ZONE_CENTRAL,23,2,REGISTERED
CMP-2026-02360,2026-03-22 15:37:43,2026-03-22 16:32:49,55.1,PHISHING_UPI,51302.15,NEFT,BANK_HDFC_SYNTH,NEW_DIGITAL,ZONE_CENTRAL,15,6,REGISTERED
CMP-2026-02361,2026-06-01 17:35:47,2026-06-01 19:32:35,116.8,TASK_FRAUD,25694.75,IMPS,BANK_SBI_SYNTH,NEW_DIGITAL,ZONE_NORTH,17,0,REGISTERED
CMP-2026-02362,2026-03-25 14:57:43,2026-03-25 15:40:31,42.8,INVESTMENT_FRAUD,169180.19,IMPS,BANK_AXIS_SYNTH,RURAL_REGIONAL,ZONE_NORTH,14,2,REGISTERED
CMP-2026-02363,2026-04-24 17:19:46,2026-04-24 17:49:16,29.5,EXTORTION,47665.24,IMPS,BANK_HDFC_SYNTH,STANDARD,ZONE_WEST,17,4,REGISTERED
CMP-2026-02364,2026-03-02 15:31:39,2026-03-02 16:26:33,54.9,INVESTMENT_FRAUD,41555.31,UPI,BANK_AXIS_SYNTH,NEW_DIGITAL,ZONE_NORTH,15,0,REGISTERED
CMP-2026-02365,2026-03-28 10:56:07,2026-03-28 12:14:31,78.4,INVESTMENT_FRAUD,161150.99,UPI,BANK_PNB_SYNTH,NEW_DIGITAL,ZONE_CENTRAL,10,5,REGISTERED
CMP-2026-02366,2026-04-06 17:30:01,2026-04-06 18:20:13,50.2,INVESTMENT_FRAUD,36834.27,IMPS,BANK_ICIC_SYNTH,NEW_DIGITAL,ZONE_SOUTH,17,0,REGISTERED
CMP-2026-02367,2026-05-19 17:03:59,2026-05-19 17:48:23,44.4,LOAN_SCAM,37664.57,IMPS,BANK_HDFC_SYNTH,NEW_DIGITAL,ZONE_EAST,17,1,REGISTERED
CMP-2026-02368,2026-05-27 17:11:52,2026-05-27 17:41:40,29.8,INVESTMENT_FRAUD,102278.89,UPI,BANK_PNB_SYNTH,NEW_DIGITAL,ZONE_SOUTH,17,2,REGISTERED
CMP-2026-02369,2026-07-26 18:43:28,2026-07-26 19:20:52,37.4,TASK_FRAUD,87998.76,UPI,BANK_SBI_SYNTH,STANDARD,ZONE_WEST,18,6,REGISTERED
CMP-2026-02370,2026-06-20 14:27:09,2026-06-20 14:51:33,24.4,TASK_FRAUD,57624.71,IMPS,BANK_AXIS_SYNTH,STANDARD,ZONE_NORTH,14,5,REGISTERED
CMP-2026-02371,2026-07-13 08:15:10,2026-07-13 08:49:52,34.7,LOAN_SCAM,32639.31,UPI,BANK_ICIC_SYNTH,STANDARD,ZONE_CENTRAL,8,0,REGISTERED
CMP-2026-02372,2026-05-25 23:18:18,2026-05-25 23:30:18,12.0,EXTORTION,45793.48,UPI,BANK_HDFC_SYNTH,STANDARD,ZONE_CENTRAL,23,0,REGISTERED
CMP-2026-02373,2026-05-06 07:17:25,2026-05-06 07:31:43,14.3,PHISHING_UPI,40187.44,IMPS,BANK_SBI_SYNTH,NEW_DIGITAL,ZONE_NORTH,7,2,REGISTERED
CMP-2026-02374,2026-07-25 17:09:01,2026-07-25 17:47:31,38.5,INVESTMENT_FRAUD,44394.27,UPI,BANK_SBI_SYNTH,RURAL_REGIONAL,ZONE_SOUTH,17,5,REGISTERED
CMP-2026-02375,2026-06-10 18:00:37,2026-06-10 18:14:13,13.6,INVESTMENT_FRAUD,84977.67,UPI,BANK_SBI_SYNTH,NEW_DIGITAL,ZONE_NORTH,18,2,REGISTERED
CMP-2026-02376,2026-08-11 15:08:29,2026-08-11 15:42:23,33.9,LOAN_SCAM,17076.15,IMPS,BANK_PNB_SYNTH,NEW_DIGITAL,ZONE_CENTRAL,15,1,REGISTERED
CMP-2026-02377,2026-05-22 13:00:10,2026-05-22 13:33:16,33.1,INVESTMENT_FRAUD,63555.22,IMPS,BANK_HDFC_SYNTH,NEW_DIGITAL,ZONE_CENTRAL,13,4,REGISTERED
CMP-2026-02378,2026-07-06 19:24:32,2026-07-06 19:44:38,20.1,PHISHING_UPI,40742.63,NEFT,BANK_HDFC_SYNTH,STANDARD,ZONE_WEST,19,0,REGISTERED
CMP-2026-02379,2026-05-03 19:46:36,2026-05-03 20:22:54,36.3,INVESTMENT_FRAUD,107561.09,UPI,BANK_ICIC_SYNTH,NEW_DIGITAL,ZONE_WEST,19,6,REGISTERED
CMP-2026-02380,2026-04-20 15:48:42,2026-04-20 16:38:30,49.8,LOAN_SCAM,23633.84,UPI,BANK_HDFC_SYNTH,RURAL_REGIONAL,ZONE_CENTRAL,15,0,REGISTERED
CMP-2026-02381,2026-03-13 17:53:41,2026-03-13 18:50:53,57.2,INVESTMENT_FRAUD,132921.1,UPI,BANK_SBI_SYNTH,STANDARD,ZONE_NORTH,17,4,REGISTERED
CMP-2026-02382,2026-06-18 16:11:36,2026-06-18 18:03:12,111.6,TASK_FRAUD,96516.8,UPI,BANK_AXIS_SYNTH,RURAL_REGIONAL,ZONE_CENTRAL,16,3,REGISTERED
CMP-2026-02383,2026-03-24 22:20:37,2026-03-24 22:57:49,37.2,EXTORTION,30523.81,UPI,BANK_SBI_SYNTH,NEW_DIGITAL,ZONE_CENTRAL,22,1,REGISTERED
CMP-2026-02384,2026-05-02 11:39:53,2026-05-02 12:43:47,63.9,LOAN_SCAM,39031.17,IMPS,BANK_HDFC_SYNTH,STANDARD,ZONE_EAST,11,5,REGISTERED
CMP-2026-02385,2026-07-10 13:14:06,2026-07-10 13:56:12,42.1,TASK_FRAUD,22559.72,UPI,BANK_ICIC_SYNTH,RURAL_REGIONAL,ZONE_EAST,13,4,REGISTERED
CMP-2026-02386,2026-08-16 10:30:20,2026-08-16 10:57:56,27.6,INVESTMENT_FRAUD,159824.93,IMPS,BANK_ICIC_SYNTH,NEW_DIGITAL,ZONE_WEST,10,6,REGISTERED
CMP-2026-02387,2026-03-19 14:56:11,2026-03-19 15:12:05,15.9,PHISHING_UPI,23337.14,IMPS,BANK_AXIS_SYNTH,NEW_DIGITAL,ZONE_WEST,14,3,REGISTERED
CMP-2026-02388,2026-05-15 14:04:03,2026-05-15 14:41:09,37.1,TASK_FRAUD,42440.36,UPI,BANK_ICIC_SYNTH,RURAL_REGIONAL,ZONE_EAST,14,4,REGISTERED
CMP-2026-02389,2026-03-07 15:47:04,2026-03-07 16:43:16,56.2,INVESTMENT_FRAUD,150214.42,IMPS,BANK_HDFC_SYNTH,STANDARD,ZONE_WEST,15,5,REGISTERED
CMP-2026-02390,2026-07-30 19:59:11,2026-07-30 20:24:35,25.4,TASK_FRAUD,37871.52,IMPS,BANK_SBI_SYNTH,STANDARD,ZONE_EAST,19,3,REGISTERED
CMP-2026-02391,2026-05-07 22:40:36,2026-05-07 23:37:06,56.5,EXTORTION,49340.81,IMPS,BANK_PNB_SYNTH,STANDARD,ZONE_SOUTH,22,3,REGISTERED
CMP-2026-02392,2026-04-15 05:28:43,2026-04-15 05:59:25,30.7,TASK_FRAUD,73954.68,UPI,BANK_HDFC_SYNTH,NEW_DIGITAL,ZONE_SOUTH,5,2,REGISTERED
CMP-2026-02393,2026-07-12 13:27:52,2026-07-12 13:56:34,28.7,EXTORTION,33953.7,UPI,BANK_HDFC_SYNTH,NEW_DIGITAL,ZONE_CENTRAL,13,6,REGISTERED
CMP-2026-02394,2026-03-16 10:01:40,2026-03-16 11:18:40,77.0,EXTORTION,23714.56,UPI,BANK_SBI_SYNTH,STANDARD,ZONE_CENTRAL,10,0,REGISTERED
CMP-2026-02395,2026-03-18 11:02:51,2026-03-18 11:31:15,28.4,INVESTMENT_FRAUD,66413.21,UPI,BANK_HDFC_SYNTH,NEW_DIGITAL,ZONE_WEST,11,2,REGISTERED
CMP-2026-02396,2026-05-04 21:26:36,2026-05-05 01:48:18,261.7,LOAN_SCAM,17575.54,IMPS,BANK_ICIC_SYNTH,RURAL_REGIONAL,ZONE_CENTRAL,21,0,REGISTERED
CMP-2026-02397,2026-05-01 23:43:46,2026-05-02 00:11:46,28.0,PHISHING_UPI,17915.98,UPI,BANK_HDFC_SYNTH,RURAL_REGIONAL,ZONE_WEST,23,4,REGISTERED
CMP-2026-02398,2026-07-10 13:33:31,2026-07-10 14:04:19,30.8,TASK_FRAUD,98503.17,UPI,BANK_HDFC_SYNTH,NEW_DIGITAL,ZONE_SOUTH,13,4,REGISTERED
CMP-2026-02399,2026-06-11 14:30:32,2026-06-11 16:26:26,115.9,INVESTMENT_FRAUD,176359.66,UPI,BANK_PNB_SYNTH,NEW_DIGITAL,ZONE_CENTRAL,14,3,REGISTERED
CMP-2026-02400,2026-07-23 16:28:27,2026-07-23 16:51:57,23.5,INVESTMENT_FRAUD,101204.01,IMPS,BANK_HDFC_SYNTH,NEW_DIGITAL,ZONE_NORTH,16,3,REGISTERED
CMP-2026-02401,2026-06-11 08:08:50,2026-06-11 08:44:08,35.3,TASK_FRAUD,61333.99,IMPS,BANK_ICIC_SYNTH,NEW_DIGITAL,ZONE_SOUTH,8,3,REGISTERED
CMP-2026-02402,2026-03-22 06:14:03,2026-03-22 08:51:15,157.2,INVESTMENT_FRAUD,168681.2,UPI,BANK_ICIC_SYNTH,NEW_DIGITAL,ZONE_EAST,6,6,REGISTERED
CMP-2026-02403,2026-03-05 13:52:18,2026-03-05 15:22:06,89.8,EXTORTION,31355.77,UPI,BANK_SBI_SYNTH,STANDARD,ZONE_CENTRAL,13,3,REGISTERED
CMP-2026-02404,2026-04-15 16:45:22,2026-04-15 17:01:34,16.2,INVESTMENT_FRAUD,98265.31,UPI,BANK_PNB_SYNTH,STANDARD,ZONE_NORTH,16,2,REGISTERED
CMP-2026-02405,2026-08-22 20:04:34,2026-08-22 20:31:16,26.7,PHISHING_UPI,14452.65,NEFT,BANK_SBI_SYNTH,RURAL_REGIONAL,ZONE_EAST,20,5,REGISTERED
CMP-2026-02406,2026-03-11 14:44:57,2026-03-11 15:35:27,50.5,EXTORTION,42928.84,UPI,BANK_SBI_SYNTH,STANDARD,ZONE_NORTH,14,2,REGISTERED
CMP-2026-02407,2026-08-16 18:16:41,2026-08-16 19:46:11,89.5,LOAN_SCAM,25385.94,IMPS,BANK_HDFC_SYNTH,NEW_DIGITAL,ZONE_SOUTH,18,6,REGISTERED
CMP-2026-02408,2026-05-15 11:12:21,2026-05-15 12:00:09,47.8,INVESTMENT_FRAUD,173063.14,UPI,BANK_PNB_SYNTH,NEW_DIGITAL,ZONE_CENTRAL,11,4,REGISTERED
CMP-2026-02409,2026-03-11 23:13:35,2026-03-11 23:57:05,43.5,TASK_FRAUD,65960.35,UPI,BANK_ICIC_SYNTH,STANDARD,ZONE_CENTRAL,23,2,REGISTERED
CMP-2026-02410,2026-08-14 08:42:58,2026-08-14 09:57:46,74.8,LOAN_SCAM,11631.79,UPI,BANK_SBI_SYNTH,STANDARD,ZONE_WEST,8,4,REGISTERED
CMP-2026-02411,2026-04-12 16:04:51,2026-04-12 16:26:03,21.2,INVESTMENT_FRAUD,64875.56,IMPS,BANK_PNB_SYNTH,STANDARD,ZONE_CENTRAL,16,6,REGISTERED
CMP-2026-02412,2026-08-10 07:44:53,2026-08-10 08:29:47,44.9,PHISHING_UPI,19375.02,UPI,BANK_SBI_SYNTH,NEW_DIGITAL,ZONE_WEST,7,0,REGISTERED
CMP-2026-02413,2026-05-02 23:04:26,2026-05-02 23:49:38,45.2,LOAN_SCAM,8405.56,IMPS,BANK_HDFC_SYNTH,STANDARD,ZONE_CENTRAL,23,5,REGISTERED
CMP-2026-02414,2026-08-07 16:30:08,2026-08-07 16:42:08,12.0,PHISHING_UPI,39685.05,NEFT,BANK_ICIC_SYNTH,STANDARD,ZONE_NORTH,16,4,REGISTERED
CMP-2026-02415,2026-05-29 17:14:41,2026-05-29 17:55:59,41.3,INVESTMENT_FRAUD,121009.71,IMPS,BANK_SBI_SYNTH,STANDARD,ZONE_EAST,17,4,REGISTERED
CMP-2026-02416,2026-04-24 17:54:56,2026-04-24 18:54:26,59.5,PHISHING_UPI,30958.75,UPI,BANK_AXIS_SYNTH,NEW_DIGITAL,ZONE_NORTH,17,4,REGISTERED
CMP-2026-02417,2026-03-04 15:03:01,2026-03-04 16:12:25,69.4,TASK_FRAUD,42412.46,IMPS,BANK_SBI_SYNTH,STANDARD,ZONE_WEST,15,2,REGISTERED
CMP-2026-02418,2026-06-05 14:55:24,2026-06-05 15:16:36,21.2,EXTORTION,30640.7,UPI,BANK_SBI_SYNTH,RURAL_REGIONAL,ZONE_WEST,14,4,REGISTERED
CMP-2026-02419,2026-03-10 08:49:24,2026-03-10 09:01:24,12.0,PHISHING_UPI,57883.42,NEFT,BANK_ICIC_SYNTH,STANDARD,ZONE_CENTRAL,8,1,REGISTERED
CMP-2026-02420,2026-06-07 16:07:28,2026-06-07 16:46:46,39.3,INVESTMENT_FRAUD,132349.22,UPI,BANK_PNB_SYNTH,NEW_DIGITAL,ZONE_NORTH,16,6,REGISTERED
CMP-2026-02421,2026-05-03 19:21:27,2026-05-03 19:41:27,20.0,PHISHING_UPI,52048.81,UPI,BANK_PNB_SYNTH,STANDARD,ZONE_EAST,19,6,REGISTERED
CMP-2026-02422,2026-04-12 20:05:37,2026-04-12 21:01:55,56.3,EXTORTION,47455.12,UPI,BANK_SBI_SYNTH,NEW_DIGITAL,ZONE_WEST,20,6,REGISTERED
CMP-2026-02423,2026-07-13 08:56:51,2026-07-13 11:17:57,141.1,INVESTMENT_FRAUD,159255.4,UPI,BANK_SBI_SYNTH,STANDARD,ZONE_NORTH,8,0,REGISTERED
CMP-2026-02424,2026-08-26 19:00:55,2026-08-26 19:20:49,19.9,PHISHING_UPI,9465.49,NEFT,BANK_SBI_SYNTH,STANDARD,ZONE_EAST,19,2,REGISTERED
CMP-2026-02425,2026-03-23 20:11:18,2026-03-23 20:35:30,24.2,INVESTMENT_FRAUD,189601.05,UPI,BANK_PNB_SYNTH,NEW_DIGITAL,ZONE_EAST,20,0,REGISTERED
CMP-2026-02426,2026-06-17 20:56:15,2026-06-17 22:07:09,70.9,LOAN_SCAM,5720.53,UPI,BANK_ICIC_SYNTH,STANDARD,ZONE_SOUTH,20,2,REGISTERED
CMP-2026-02427,2026-03-24 15:25:30,2026-03-24 17:03:36,98.1,LOAN_SCAM,30380.57,UPI,BANK_AXIS_SYNTH,STANDARD,ZONE_CENTRAL,15,1,REGISTERED
CMP-2026-02428,2026-03-14 13:34:13,2026-03-14 13:57:25,23.2,PHISHING_UPI,50324.82,IMPS,BANK_SBI_SYNTH,RURAL_REGIONAL,ZONE_WEST,13,5,REGISTERED
CMP-2026-02429,2026-08-02 15:28:45,2026-08-02 16:38:27,69.7,INVESTMENT_FRAUD,64182.64,UPI,BANK_SBI_SYNTH,NEW_DIGITAL,ZONE_EAST,15,6,REGISTERED
CMP-2026-02430,2026-07-19 14:18:55,2026-07-19 14:38:19,19.4,TASK_FRAUD,50919.68,UPI,BANK_ICIC_SYNTH,STANDARD,ZONE_EAST,14,6,REGISTERED
CMP-2026-02431,2026-04-27 14:34:32,2026-04-27 14:57:44,23.2,LOAN_SCAM,15116.19,NEFT,BANK_SBI_SYNTH,NEW_DIGITAL,ZONE_NORTH,14,0,REGISTERED
CMP-2026-02432,2026-08-10 12:45:39,2026-08-10 13:12:21,26.7,PHISHING_UPI,17066.82,UPI,BANK_SBI_SYNTH,NEW_DIGITAL,ZONE_CENTRAL,12,0,REGISTERED
CMP-2026-02433,2026-03-25 13:33:14,2026-03-25 13:45:14,12.0,PHISHING_UPI,21219.78,NEFT,BANK_HDFC_SYNTH,NEW_DIGITAL,ZONE_NORTH,13,2,REGISTERED
CMP-2026-02434,2026-07-09 16:50:09,2026-07-09 18:12:51,82.7,EXTORTION,33757.76,NEFT,BANK_HDFC_SYNTH,STANDARD,ZONE_CENTRAL,16,3,REGISTERED
CMP-2026-02435,2026-06-25 14:29:07,2026-06-25 15:05:37,36.5,LOAN_SCAM,22526.06,IMPS,BANK_ICIC_SYNTH,NEW_DIGITAL,ZONE_WEST,14,3,REGISTERED
CMP-2026-02436,2026-06-14 20:19:52,2026-06-14 20:58:40,38.8,INVESTMENT_FRAUD,199561.32,IMPS,BANK_ICIC_SYNTH,NEW_DIGITAL,ZONE_EAST,20,6,REGISTERED
CMP-2026-02437,2026-03-11 11:54:39,2026-03-11 12:28:27,33.8,PHISHING_UPI,53337.97,UPI,BANK_ICIC_SYNTH,NEW_DIGITAL,ZONE_EAST,11,2,REGISTERED
CMP-2026-02438,2026-08-03 18:24:28,2026-08-03 20:15:52,111.4,TASK_FRAUD,40994.4,IMPS,BANK_ICIC_SYNTH,NEW_DIGITAL,ZONE_CENTRAL,18,0,REGISTERED
CMP-2026-02439,2026-05-08 16:42:27,2026-05-08 18:13:45,91.3,LOAN_SCAM,34260.8,UPI,BANK_SBI_SYNTH,RURAL_REGIONAL,ZONE_EAST,16,4,REGISTERED
CMP-2026-02440,2026-03-06 15:48:22,2026-03-06 16:09:04,20.7,PHISHING_UPI,19171.87,UPI,BANK_SBI_SYNTH,STANDARD,ZONE_EAST,15,4,REGISTERED
CMP-2026-02441,2026-08-11 12:48:57,2026-08-11 13:06:09,17.2,INVESTMENT_FRAUD,74115.38,IMPS,BANK_ICIC_SYNTH,NEW_DIGITAL,ZONE_NORTH,12,1,REGISTERED
CMP-2026-02442,2026-07-24 10:37:13,2026-07-24 10:50:31,13.3,PHISHING_UPI,35861.18,UPI,BANK_PNB_SYNTH,NEW_DIGITAL,ZONE_EAST,10,4,REGISTERED
CMP-2026-02443,2026-07-09 08:39:27,2026-07-09 09:55:27,76.0,INVESTMENT_FRAUD,184461.32,IMPS,BANK_SBI_SYNTH,NEW_DIGITAL,ZONE_CENTRAL,8,3,REGISTERED
CMP-2026-02444,2026-07-19 13:59:47,2026-07-19 14:39:17,39.5,INVESTMENT_FRAUD,52079.69,UPI,BANK_SBI_SYNTH,NEW_DIGITAL,ZONE_CENTRAL,13,6,REGISTERED
CMP-2026-02445,2026-06-08 11:46:59,2026-06-08 12:31:05,44.1,INVESTMENT_FRAUD,48735.39,NEFT,BANK_SBI_SYNTH,STANDARD,ZONE_EAST,11,0,REGISTERED
CMP-2026-02446,2026-07-08 18:49:33,2026-07-08 19:21:45,32.2,PHISHING_UPI,56433.07,UPI,BANK_PNB_SYNTH,NEW_DIGITAL,ZONE_SOUTH,18,2,REGISTERED
CMP-2026-02447,2026-05-24 11:59:15,2026-05-24 12:31:45,32.5,PHISHING_UPI,14010.32,UPI,BANK_ICIC_SYNTH,RURAL_REGIONAL,ZONE_EAST,11,6,REGISTERED
CMP-2026-02448,2026-04-20 06:43:17,2026-04-20 07:47:41,64.4,INVESTMENT_FRAUD,111932.39,IMPS,BANK_HDFC_SYNTH,STANDARD,ZONE_SOUTH,6,0,REGISTERED
CMP-2026-02449,2026-07-17 17:18:21,2026-07-17 17:58:45,40.4,TASK_FRAUD,33562.28,IMPS,BANK_SBI_SYNTH,STANDARD,ZONE_CENTRAL,17,4,REGISTERED
CMP-2026-02450,2026-05-05 08:42:16,2026-05-05 08:56:46,14.5,PHISHING_UPI,28149.42,IMPS,BANK_HDFC_SYNTH,STANDARD,ZONE_NORTH,8,1,REGISTERED
CMP-2026-02451,2026-06-11 18:20:53,2026-06-11 19:21:35,60.7,PHISHING_UPI,10361.16,IMPS,BANK_AXIS_SYNTH,NEW_DIGITAL,ZONE_WEST,18,3,REGISTERED
CMP-2026-02452,2026-05-19 19:01:28,2026-05-19 19:56:52,55.4,TASK_FRAUD,37574.63,NEFT,BANK_HDFC_SYNTH,STANDARD,ZONE_NORTH,19,1,REGISTERED
CMP-2026-02453,2026-05-26 12:54:35,2026-05-26 13:16:05,21.5,INVESTMENT_FRAUD,122683.6,IMPS,BANK_SBI_SYNTH,RURAL_REGIONAL,ZONE_WEST,12,1,REGISTERED
CMP-2026-02454,2026-03-15 19:57:39,2026-03-15 20:42:57,45.3,PHISHING_UPI,19757.36,NEFT,BANK_PNB_SYNTH,STANDARD,ZONE_NORTH,19,6,REGISTERED
CMP-2026-02455,2026-04-16 13:50:17,2026-04-16 14:09:05,18.8,INVESTMENT_FRAUD,70892.64,UPI,BANK_SBI_SYNTH,STANDARD,ZONE_NORTH,13,3,REGISTERED
CMP-2026-02456,2026-03-23 17:40:11,2026-03-23 17:55:23,15.2,PHISHING_UPI,5306.35,NEFT,BANK_ICIC_SYNTH,STANDARD,ZONE_EAST,17,0,REGISTERED
CMP-2026-02457,2026-06-26 12:11:43,2026-06-26 12:49:01,37.3,INVESTMENT_FRAUD,126642.73,NEFT,BANK_ICIC_SYNTH,RURAL_REGIONAL,ZONE_WEST,12,4,REGISTERED
CMP-2026-02458,2026-03-08 17:45:14,2026-03-08 18:45:08,59.9,INVESTMENT_FRAUD,127889.92,IMPS,BANK_ICIC_SYNTH,NEW_DIGITAL,ZONE_NORTH,17,6,REGISTERED
CMP-2026-02459,2026-08-23 10:01:43,2026-08-23 10:21:43,20.0,TASK_FRAUD,91121.98,UPI,BANK_ICIC_SYNTH,STANDARD,ZONE_WEST,10,6,REGISTERED
CMP-2026-02460,2026-07-31 18:34:45,2026-07-31 19:17:09,42.4,LOAN_SCAM,23075.56,UPI,BANK_HDFC_SYNTH,STANDARD,ZONE_CENTRAL,18,4,REGISTERED
CMP-2026-02461,2026-05-02 09:04:32,2026-05-02 09:59:26,54.9,EXTORTION,36791.03,IMPS,BANK_HDFC_SYNTH,RURAL_REGIONAL,ZONE_EAST,9,5,REGISTERED
CMP-2026-02462,2026-04-12 21:20:36,2026-04-12 21:32:36,12.0,PHISHING_UPI,7897.92,NEFT,BANK_ICIC_SYNTH,NEW_DIGITAL,ZONE_SOUTH,21,6,REGISTERED
CMP-2026-02463,2026-05-16 07:18:09,2026-05-16 08:07:15,49.1,INVESTMENT_FRAUD,100481.78,NEFT,BANK_SBI_SYNTH,NEW_DIGITAL,ZONE_CENTRAL,7,5,REGISTERED
CMP-2026-02464,2026-05-13 08:41:23,2026-05-13 09:15:47,34.4,PHISHING_UPI,45896.25,NEFT,BANK_SBI_SYNTH,NEW_DIGITAL,ZONE_WEST,8,2,REGISTERED
CMP-2026-02465,2026-03-29 23:02:18,2026-03-29 23:25:54,23.6,PHISHING_UPI,41018.22,IMPS,BANK_SBI_SYNTH,NEW_DIGITAL,ZONE_CENTRAL,23,6,REGISTERED
CMP-2026-02466,2026-08-12 13:01:06,2026-08-12 14:21:36,80.5,INVESTMENT_FRAUD,85208.16,UPI,BANK_HDFC_SYNTH,NEW_DIGITAL,ZONE_SOUTH,13,2,REGISTERED
CMP-2026-02467,2026-05-31 21:49:47,2026-05-31 22:21:53,32.1,EXTORTION,12973.15,UPI,BANK_SBI_SYNTH,NEW_DIGITAL,ZONE_CENTRAL,21,6,REGISTERED
CMP-2026-02468,2026-05-08 15:37:02,2026-05-08 16:14:02,37.0,TASK_FRAUD,85373.21,UPI,BANK_SBI_SYNTH,RURAL_REGIONAL,ZONE_NORTH,15,4,REGISTERED
CMP-2026-02469,2026-05-08 11:41:05,2026-05-08 11:59:41,18.6,PHISHING_UPI,54649.43,UPI,BANK_SBI_SYNTH,NEW_DIGITAL,ZONE_WEST,11,4,REGISTERED
CMP-2026-02470,2026-08-20 15:14:36,2026-08-20 15:57:42,43.1,PHISHING_UPI,8116.7,UPI,BANK_SBI_SYNTH,STANDARD,ZONE_WEST,15,3,REGISTERED
CMP-2026-02471,2026-03-22 19:56:33,2026-03-22 21:40:51,104.3,LOAN_SCAM,25472.81,IMPS,BANK_ICIC_SYNTH,NEW_DIGITAL,ZONE_SOUTH,19,6,REGISTERED
CMP-2026-02472,2026-06-27 08:33:28,2026-06-27 08:55:04,21.6,INVESTMENT_FRAUD,160129.45,UPI,BANK_ICIC_SYNTH,NEW_DIGITAL,ZONE_EAST,8,5,REGISTERED
CMP-2026-02473,2026-07-29 14:18:58,2026-07-29 15:41:28,82.5,EXTORTION,38163.32,UPI,BANK_HDFC_SYNTH,NEW_DIGITAL,ZONE_EAST,14,2,REGISTERED
CMP-2026-02474,2026-07-22 16:23:14,2026-07-22 17:53:44,90.5,TASK_FRAUD,47102.92,UPI,BANK_SBI_SYNTH,RURAL_REGIONAL,ZONE_EAST,16,2,REGISTERED
CMP-2026-02475,2026-07-03 16:28:46,2026-07-03 16:58:28,29.7,TASK_FRAUD,56266.36,IMPS,BANK_SBI_SYNTH,RURAL_REGIONAL,ZONE_EAST,16,4,REGISTERED
CMP-2026-02476,2026-05-13 10:05:22,2026-05-13 10:51:10,45.8,INVESTMENT_FRAUD,88397.01,UPI,BANK_PNB_SYNTH,NEW_DIGITAL,ZONE_NORTH,10,2,REGISTERED
CMP-2026-02477,2026-08-12 19:41:30,2026-08-12 20:25:06,43.6,TASK_FRAUD,57333.83,IMPS,BANK_PNB_SYNTH,NEW_DIGITAL,ZONE_SOUTH,19,2,REGISTERED
CMP-2026-02478,2026-07-20 18:14:36,2026-07-20 18:41:00,26.4,TASK_FRAUD,99245.27,UPI,BANK_HDFC_SYNTH,STANDARD,ZONE_NORTH,18,0,REGISTERED
CMP-2026-02479,2026-08-25 23:59:34,2026-08-26 00:25:34,26.0,INVESTMENT_FRAUD,43411.17,UPI,BANK_PNB_SYNTH,NEW_DIGITAL,ZONE_CENTRAL,23,1,REGISTERED
CMP-2026-02480,2026-06-30 12:42:08,2026-06-30 13:03:50,21.7,PHISHING_UPI,34500.97,IMPS,BANK_ICIC_SYNTH,STANDARD,ZONE_WEST,12,1,REGISTERED
CMP-2026-02481,2026-03-22 23:26:26,2026-03-23 00:36:56,70.5,INVESTMENT_FRAUD,103873.54,UPI,BANK_HDFC_SYNTH,NEW_DIGITAL,ZONE_NORTH,23,6,REGISTERED
CMP-2026-02482,2026-06-12 13:40:56,2026-06-12 14:13:08,32.2,INVESTMENT_FRAUD,103671.76,UPI,BANK_ICIC_SYNTH,NEW_DIGITAL,ZONE_EAST,13,4,REGISTERED
CMP-2026-02483,2026-08-05 18:00:10,2026-08-05 18:18:22,18.2,TASK_FRAUD,56673.0,IMPS,BANK_HDFC_SYNTH,NEW_DIGITAL,ZONE_EAST,18,2,REGISTERED
CMP-2026-02484,2026-07-07 07:30:47,2026-07-07 07:46:47,16.0,EXTORTION,42656.52,UPI,BANK_ICIC_SYNTH,STANDARD,ZONE_SOUTH,7,1,REGISTERED
CMP-2026-02485,2026-07-29 15:01:44,2026-07-29 16:58:56,117.2,LOAN_SCAM,11163.01,IMPS,BANK_SBI_SYNTH,RURAL_REGIONAL,ZONE_WEST,15,2,REGISTERED
CMP-2026-02486,2026-03-24 12:55:33,2026-03-24 13:13:39,18.1,PHISHING_UPI,24822.87,UPI,BANK_PNB_SYNTH,NEW_DIGITAL,ZONE_SOUTH,12,1,REGISTERED
CMP-2026-02487,2026-08-10 18:22:08,2026-08-10 18:54:44,32.6,TASK_FRAUD,36351.97,NEFT,BANK_SBI_SYNTH,STANDARD,ZONE_SOUTH,18,0,REGISTERED
CMP-2026-02488,2026-03-22 21:57:52,2026-03-22 22:10:58,13.1,PHISHING_UPI,36871.76,NEFT,BANK_SBI_SYNTH,NEW_DIGITAL,ZONE_NORTH,21,6,REGISTERED
CMP-2026-02489,2026-06-15 17:39:06,2026-06-15 18:04:48,25.7,EXTORTION,44609.82,UPI,BANK_PNB_SYNTH,STANDARD,ZONE_WEST,17,0,REGISTERED
CMP-2026-02490,2026-03-09 10:47:58,2026-03-09 11:48:34,60.6,TASK_FRAUD,70945.37,UPI,BANK_SBI_SYNTH,NEW_DIGITAL,ZONE_EAST,10,0,REGISTERED
CMP-2026-02491,2026-08-11 10:40:28,2026-08-11 11:10:28,30.0,EXTORTION,37488.6,NEFT,BANK_SBI_SYNTH,NEW_DIGITAL,ZONE_NORTH,10,1,REGISTERED
CMP-2026-02492,2026-05-25 14:08:46,2026-05-25 14:38:58,30.2,EXTORTION,22354.99,IMPS,BANK_AXIS_SYNTH,RURAL_REGIONAL,ZONE_CENTRAL,14,0,REGISTERED
CMP-2026-02493,2026-03-02 13:37:23,2026-03-02 14:13:41,36.3,LOAN_SCAM,9947.5,UPI,BANK_SBI_SYNTH,STANDARD,ZONE_NORTH,13,0,REGISTERED
CMP-2026-02494,2026-05-08 18:28:11,2026-05-08 19:14:23,46.2,INVESTMENT_FRAUD,119855.68,IMPS,BANK_ICIC_SYNTH,NEW_DIGITAL,ZONE_CENTRAL,18,4,REGISTERED
CMP-2026-02495,2026-08-18 13:06:14,2026-08-18 14:17:02,70.8,INVESTMENT_FRAUD,102412.99,IMPS,BANK_PNB_SYNTH,NEW_DIGITAL,ZONE_EAST,13,1,REGISTERED
CMP-2026-02496,2026-03-09 12:33:57,2026-03-09 13:07:57,34.0,INVESTMENT_FRAUD,167474.79,IMPS,BANK_AXIS_SYNTH,NEW_DIGITAL,ZONE_CENTRAL,12,0,REGISTERED
CMP-2026-02497,2026-04-21 17:24:20,2026-04-21 17:54:02,29.7,TASK_FRAUD,26594.37,IMPS,BANK_HDFC_SYNTH,STANDARD,ZONE_CENTRAL,17,1,REGISTERED
CMP-2026-02498,2026-03-08 16:47:56,2026-03-08 16:59:56,12.0,PHISHING_UPI,5742.35,NEFT,BANK_HDFC_SYNTH,RURAL_REGIONAL,ZONE_WEST,16,6,REGISTERED
CMP-2026-02499,2026-04-07 07:33:17,2026-04-07 08:20:47,47.5,TASK_FRAUD,40677.98,UPI,BANK_PNB_SYNTH,NEW_DIGITAL,ZONE_SOUTH,7,1,REGISTERED
CMP-2026-02500,2026-03-18 11:18:10,2026-03-18 11:30:10,12.0,EXTORTION,48519.43,UPI,BANK_SBI_SYNTH,STANDARD,ZONE_EAST,11,2,REGISTERED
CMP-2026-02501,2026-04-10 13:10:18,2026-04-10 13:28:24,18.1,PHISHING_UPI,10271.73,UPI,BANK_HDFC_SYNTH,STANDARD,ZONE_WEST,13,4,REGISTERED
CMP-2026-02502,2026-04-16 16:38:48,2026-04-16 17:06:12,27.4,TASK_FRAUD,23906.87,NEFT,BANK_SBI_SYNTH,RURAL_REGIONAL,ZONE_WEST,16,3,REGISTERED
CMP-2026-02503,2026-03-26 15:13:35,2026-03-26 15:55:05,41.5,TASK_FRAUD,54815.77,NEFT,BANK_PNB_SYNTH,STANDARD,ZONE_WEST,15,3,REGISTERED
CMP-2026-02504,2026-07-14 16:01:38,2026-07-14 17:11:02,69.4,INVESTMENT_FRAUD,110250.92,IMPS,BANK_HDFC_SYNTH,NEW_DIGITAL,ZONE_WEST,16,1,REGISTERED
CMP-2026-02505,2026-08-20 08:34:34,2026-08-20 09:08:40,34.1,LOAN_SCAM,18603.34,IMPS,BANK_SBI_SYNTH,NEW_DIGITAL,ZONE_WEST,8,3,REGISTERED
CMP-2026-02506,2026-07-27 18:23:13,2026-07-27 19:34:43,71.5,LOAN_SCAM,25462.95,UPI,BANK_SBI_SYNTH,NEW_DIGITAL,ZONE_WEST,18,0,REGISTERED
CMP-2026-02507,2026-07-10 19:33:08,2026-07-10 20:00:02,26.9,INVESTMENT_FRAUD,74561.62,IMPS,BANK_SBI_SYNTH,STANDARD,ZONE_EAST,19,4,REGISTERED
CMP-2026-02508,2026-04-23 19:07:45,2026-04-23 19:39:03,31.3,INVESTMENT_FRAUD,198120.69,UPI,BANK_PNB_SYNTH,NEW_DIGITAL,ZONE_EAST,19,3,REGISTERED
CMP-2026-02509,2026-05-17 02:16:05,2026-05-17 02:52:29,36.4,LOAN_SCAM,21791.71,UPI,BANK_ICIC_SYNTH,NEW_DIGITAL,ZONE_NORTH,2,6,REGISTERED
CMP-2026-02510,2026-08-26 20:46:42,2026-08-26 21:23:54,37.2,INVESTMENT_FRAUD,126512.53,IMPS,BANK_SBI_SYNTH,STANDARD,ZONE_NORTH,20,2,REGISTERED
CMP-2026-02511,2026-07-12 15:14:46,2026-07-12 15:45:22,30.6,PHISHING_UPI,21992.17,UPI,BANK_SBI_SYNTH,NEW_DIGITAL,ZONE_EAST,15,6,REGISTERED
CMP-2026-02512,2026-05-31 15:17:29,2026-05-31 16:41:53,84.4,INVESTMENT_FRAUD,111442.43,IMPS,BANK_SBI_SYNTH,NEW_DIGITAL,ZONE_SOUTH,15,6,REGISTERED
CMP-2026-02513,2026-07-06 15:20:57,2026-07-06 15:53:51,32.9,INVESTMENT_FRAUD,68011.88,IMPS,BANK_SBI_SYNTH,RURAL_REGIONAL,ZONE_CENTRAL,15,0,REGISTERED
CMP-2026-02514,2026-05-18 10:59:45,2026-05-18 11:30:57,31.2,EXTORTION,42312.32,IMPS,BANK_HDFC_SYNTH,NEW_DIGITAL,ZONE_WEST,10,0,REGISTERED
CMP-2026-02515,2026-04-04 17:35:42,2026-04-04 18:05:54,30.2,INVESTMENT_FRAUD,87534.98,IMPS,BANK_HDFC_SYNTH,NEW_DIGITAL,ZONE_SOUTH,17,5,REGISTERED
CMP-2026-02516,2026-06-21 14:40:40,2026-06-21 15:03:22,22.7,PHISHING_UPI,6672.16,IMPS,BANK_AXIS_SYNTH,NEW_DIGITAL,ZONE_CENTRAL,14,6,REGISTERED
CMP-2026-02517,2026-06-14 19:55:14,2026-06-14 20:13:02,17.8,TASK_FRAUD,27954.13,NEFT,BANK_ICIC_SYNTH,NEW_DIGITAL,ZONE_SOUTH,19,6,REGISTERED
CMP-2026-02518,2026-05-27 08:11:46,2026-05-27 09:03:46,52.0,TASK_FRAUD,29762.28,UPI,BANK_HDFC_SYNTH,NEW_DIGITAL,ZONE_SOUTH,8,2,REGISTERED
CMP-2026-02519,2026-04-05 14:56:05,2026-04-05 15:28:29,32.4,PHISHING_UPI,12327.63,UPI,BANK_SBI_SYNTH,STANDARD,ZONE_SOUTH,14,6,REGISTERED
CMP-2026-02520,2026-08-02 15:47:13,2026-08-02 16:39:49,52.6,TASK_FRAUD,22742.92,IMPS,BANK_AXIS_SYNTH,NEW_DIGITAL,ZONE_WEST,15,6,REGISTERED
CMP-2026-02521,2026-05-28 05:39:13,2026-05-28 07:20:55,101.7,INVESTMENT_FRAUD,47213.3,UPI,BANK_SBI_SYNTH,STANDARD,ZONE_EAST,5,3,REGISTERED
CMP-2026-02522,2026-05-15 13:16:39,2026-05-15 14:25:03,68.4,INVESTMENT_FRAUD,54661.44,UPI,BANK_ICIC_SYNTH,STANDARD,ZONE_WEST,13,4,REGISTERED
CMP-2026-02523,2026-06-23 19:30:33,2026-06-23 20:02:09,31.6,PHISHING_UPI,56492.86,UPI,BANK_SBI_SYNTH,NEW_DIGITAL,ZONE_EAST,19,1,REGISTERED
CMP-2026-02524,2026-08-06 14:53:14,2026-08-06 15:18:02,24.8,PHISHING_UPI,39046.06,UPI,BANK_HDFC_SYNTH,RURAL_REGIONAL,ZONE_WEST,14,3,REGISTERED
CMP-2026-02525,2026-06-29 13:31:50,2026-06-29 14:21:02,49.2,INVESTMENT_FRAUD,103298.21,UPI,BANK_AXIS_SYNTH,NEW_DIGITAL,ZONE_WEST,13,0,REGISTERED
CMP-2026-02526,2026-06-06 14:18:06,2026-06-06 15:14:36,56.5,LOAN_SCAM,25293.67,IMPS,BANK_AXIS_SYNTH,STANDARD,ZONE_NORTH,14,5,REGISTERED
CMP-2026-02527,2026-05-20 16:15:42,2026-05-20 16:36:48,21.1,PHISHING_UPI,38000.91,IMPS,BANK_SBI_SYNTH,STANDARD,ZONE_CENTRAL,16,2,REGISTERED
CMP-2026-02528,2026-04-27 18:07:22,2026-04-27 18:40:58,33.6,PHISHING_UPI,44657.4,UPI,BANK_HDFC_SYNTH,NEW_DIGITAL,ZONE_EAST,18,0,REGISTERED
CMP-2026-02529,2026-07-18 15:30:53,2026-07-18 16:05:47,34.9,INVESTMENT_FRAUD,74531.96,UPI,BANK_ICIC_SYNTH,NEW_DIGITAL,ZONE_EAST,15,5,REGISTERED
CMP-2026-02530,2026-06-17 15:43:15,2026-06-17 16:39:09,55.9,INVESTMENT_FRAUD,89014.45,UPI,BANK_SBI_SYNTH,STANDARD,ZONE_NORTH,15,2,REGISTERED
CMP-2026-02531,2026-05-31 18:56:54,2026-05-31 19:55:06,58.2,TASK_FRAUD,73048.16,IMPS,BANK_SBI_SYNTH,NEW_DIGITAL,ZONE_CENTRAL,18,6,REGISTERED
CMP-2026-02532,2026-04-28 16:43:20,2026-04-28 17:57:08,73.8,EXTORTION,48982.45,NEFT,BANK_PNB_SYNTH,NEW_DIGITAL,ZONE_SOUTH,16,1,REGISTERED
CMP-2026-02533,2026-04-16 11:03:17,2026-04-16 12:06:05,62.8,LOAN_SCAM,16293.92,UPI,BANK_SBI_SYNTH,RURAL_REGIONAL,ZONE_SOUTH,11,3,REGISTERED
CMP-2026-02534,2026-05-01 14:52:02,2026-05-01 15:35:02,43.0,INVESTMENT_FRAUD,53506.0,NEFT,BANK_AXIS_SYNTH,NEW_DIGITAL,ZONE_WEST,14,4,REGISTERED
CMP-2026-02535,2026-04-09 20:56:10,2026-04-09 21:19:28,23.3,PHISHING_UPI,52706.41,UPI,BANK_ICIC_SYNTH,STANDARD,ZONE_CENTRAL,20,3,REGISTERED
CMP-2026-02536,2026-08-18 13:39:39,2026-08-18 14:09:09,29.5,INVESTMENT_FRAUD,113490.5,UPI,BANK_ICIC_SYNTH,RURAL_REGIONAL,ZONE_WEST,13,1,REGISTERED
CMP-2026-02537,2026-08-19 20:01:51,2026-08-19 20:17:33,15.7,TASK_FRAUD,73230.58,IMPS,BANK_SBI_SYNTH,STANDARD,ZONE_WEST,20,2,REGISTERED
CMP-2026-02538,2026-07-17 11:35:04,2026-07-17 12:08:04,33.0,PHISHING_UPI,43713.04,IMPS,BANK_ICIC_SYNTH,STANDARD,ZONE_WEST,11,4,REGISTERED
CMP-2026-02539,2026-05-05 23:12:10,2026-05-06 00:27:52,75.7,INVESTMENT_FRAUD,72400.26,IMPS,BANK_SBI_SYNTH,RURAL_REGIONAL,ZONE_SOUTH,23,1,REGISTERED
CMP-2026-02540,2026-05-11 09:45:14,2026-05-11 10:41:26,56.2,INVESTMENT_FRAUD,134304.86,NEFT,BANK_SBI_SYNTH,RURAL_REGIONAL,ZONE_NORTH,9,0,REGISTERED
CMP-2026-02541,2026-08-11 22:21:26,2026-08-11 22:48:50,27.4,TASK_FRAUD,76558.75,UPI,BANK_ICIC_SYNTH,RURAL_REGIONAL,ZONE_WEST,22,1,REGISTERED
CMP-2026-02542,2026-08-17 23:02:54,2026-08-18 00:25:12,82.3,LOAN_SCAM,17655.19,IMPS,BANK_HDFC_SYNTH,NEW_DIGITAL,ZONE_CENTRAL,23,0,REGISTERED
CMP-2026-02543,2026-05-30 19:50:31,2026-05-30 20:28:55,38.4,TASK_FRAUD,94570.95,NEFT,BANK_SBI_SYNTH,NEW_DIGITAL,ZONE_CENTRAL,19,5,REGISTERED
CMP-2026-02544,2026-04-11 12:49:44,2026-04-11 13:08:56,19.2,PHISHING_UPI,26480.12,IMPS,BANK_AXIS_SYNTH,NEW_DIGITAL,ZONE_WEST,12,5,REGISTERED
CMP-2026-02545,2026-07-13 15:52:50,2026-07-13 16:04:50,12.0,PHISHING_UPI,26566.24,UPI,BANK_PNB_SYNTH,RURAL_REGIONAL,ZONE_CENTRAL,15,0,REGISTERED
CMP-2026-02546,2026-03-24 16:47:56,2026-03-24 17:10:44,22.8,PHISHING_UPI,44356.97,UPI,BANK_ICIC_SYNTH,NEW_DIGITAL,ZONE_SOUTH,16,1,REGISTERED
CMP-2026-02547,2026-05-30 12:45:48,2026-05-30 13:07:00,21.2,TASK_FRAUD,34172.1,NEFT,BANK_SBI_SYNTH,RURAL_REGIONAL,ZONE_SOUTH,12,5,REGISTERED
CMP-2026-02548,2026-07-28 23:38:58,2026-07-28 23:50:58,12.0,TASK_FRAUD,63138.24,IMPS,BANK_HDFC_SYNTH,STANDARD,ZONE_SOUTH,23,1,REGISTERED
CMP-2026-02549,2026-04-04 21:38:54,2026-04-04 21:50:54,12.0,EXTORTION,35313.17,IMPS,BANK_HDFC_SYNTH,STANDARD,ZONE_SOUTH,21,5,REGISTERED
CMP-2026-02550,2026-07-12 16:19:17,2026-07-12 16:36:47,17.5,EXTORTION,45553.85,UPI,BANK_HDFC_SYNTH,STANDARD,ZONE_NORTH,16,6,REGISTERED
CMP-2026-02551,2026-04-17 12:41:36,2026-04-17 13:10:42,29.1,TASK_FRAUD,38822.71,UPI,BANK_ICIC_SYNTH,NEW_DIGITAL,ZONE_CENTRAL,12,4,REGISTERED
CMP-2026-02552,2026-05-17 17:14:26,2026-05-17 19:33:32,139.1,LOAN_SCAM,12950.18,IMPS,BANK_SBI_SYNTH,STANDARD,ZONE_CENTRAL,17,6,REGISTERED
CMP-2026-02553,2026-04-21 13:44:34,2026-04-21 14:44:04,59.5,LOAN_SCAM,20187.47,UPI,BANK_AXIS_SYNTH,NEW_DIGITAL,ZONE_NORTH,13,1,REGISTERED
CMP-2026-02554,2026-03-04 12:31:46,2026-03-04 12:58:52,27.1,INVESTMENT_FRAUD,134742.27,UPI,BANK_SBI_SYNTH,RURAL_REGIONAL,ZONE_WEST,12,2,REGISTERED
CMP-2026-02555,2026-07-16 19:45:06,2026-07-16 20:02:48,17.7,PHISHING_UPI,25278.19,NEFT,BANK_ICIC_SYNTH,NEW_DIGITAL,ZONE_EAST,19,3,REGISTERED
CMP-2026-02556,2026-04-11 10:23:30,2026-04-11 11:03:06,39.6,INVESTMENT_FRAUD,82305.16,IMPS,BANK_HDFC_SYNTH,NEW_DIGITAL,ZONE_NORTH,10,5,REGISTERED
CMP-2026-02557,2026-07-24 15:05:06,2026-07-24 16:00:12,55.1,EXTORTION,29673.56,UPI,BANK_ICIC_SYNTH,STANDARD,ZONE_WEST,15,4,REGISTERED
CMP-2026-02558,2026-08-03 03:31:37,2026-08-03 04:30:37,59.0,EXTORTION,13336.97,UPI,BANK_SBI_SYNTH,NEW_DIGITAL,ZONE_EAST,3,0,REGISTERED
CMP-2026-02559,2026-05-12 20:53:30,2026-05-12 21:21:30,28.0,TASK_FRAUD,76019.49,UPI,BANK_SBI_SYNTH,NEW_DIGITAL,ZONE_CENTRAL,20,1,REGISTERED
CMP-2026-02560,2026-03-11 07:31:16,2026-03-11 07:52:28,21.2,INVESTMENT_FRAUD,75627.23,UPI,BANK_ICIC_SYNTH,STANDARD,ZONE_SOUTH,7,2,REGISTERED
CMP-2026-02561,2026-07-29 15:02:20,2026-07-29 15:47:50,45.5,TASK_FRAUD,93874.89,UPI,BANK_SBI_SYNTH,STANDARD,ZONE_WEST,15,2,REGISTERED
CMP-2026-02562,2026-08-04 16:17:44,2026-08-04 16:35:38,17.9,TASK_FRAUD,61167.9,UPI,BANK_AXIS_SYNTH,STANDARD,ZONE_WEST,16,1,REGISTERED
CMP-2026-02563,2026-04-26 14:41:15,2026-04-26 14:53:15,12.0,PHISHING_UPI,53371.03,IMPS,BANK_PNB_SYNTH,STANDARD,ZONE_CENTRAL,14,6,REGISTERED
CMP-2026-02564,2026-08-02 16:46:05,2026-08-02 17:05:29,19.4,TASK_FRAUD,84679.24,IMPS,BANK_HDFC_SYNTH,STANDARD,ZONE_EAST,16,6,REGISTERED
CMP-2026-02565,2026-05-16 15:04:24,2026-05-16 16:32:12,87.8,INVESTMENT_FRAUD,183073.14,NEFT,BANK_SBI_SYNTH,STANDARD,ZONE_CENTRAL,15,5,REGISTERED
CMP-2026-02566,2026-03-30 11:47:07,2026-03-30 12:46:43,59.6,INVESTMENT_FRAUD,51476.54,NEFT,BANK_SBI_SYNTH,STANDARD,ZONE_EAST,11,0,REGISTERED
CMP-2026-02567,2026-03-21 11:56:27,2026-03-21 12:08:27,12.0,PHISHING_UPI,5467.67,UPI,BANK_HDFC_SYNTH,NEW_DIGITAL,ZONE_SOUTH,11,5,REGISTERED
CMP-2026-02568,2026-03-26 19:55:35,2026-03-26 20:18:35,23.0,TASK_FRAUD,71254.06,IMPS,BANK_HDFC_SYNTH,NEW_DIGITAL,ZONE_EAST,19,3,REGISTERED
CMP-2026-02569,2026-05-18 20:18:46,2026-05-18 20:42:22,23.6,INVESTMENT_FRAUD,117613.53,IMPS,BANK_SBI_SYNTH,STANDARD,ZONE_EAST,20,0,REGISTERED
CMP-2026-02570,2026-06-30 18:33:20,2026-06-30 18:56:02,22.7,TASK_FRAUD,59119.36,IMPS,BANK_SBI_SYNTH,NEW_DIGITAL,ZONE_WEST,18,1,REGISTERED
CMP-2026-02571,2026-06-10 17:10:09,2026-06-10 18:23:57,73.8,LOAN_SCAM,28061.38,UPI,BANK_HDFC_SYNTH,STANDARD,ZONE_WEST,17,2,REGISTERED
CMP-2026-02572,2026-07-23 15:45:23,2026-07-23 16:40:41,55.3,LOAN_SCAM,33373.54,IMPS,BANK_SBI_SYNTH,NEW_DIGITAL,ZONE_NORTH,15,3,REGISTERED
CMP-2026-02573,2026-04-07 16:21:59,2026-04-07 17:30:53,68.9,INVESTMENT_FRAUD,151292.39,IMPS,BANK_PNB_SYNTH,NEW_DIGITAL,ZONE_EAST,16,1,REGISTERED
CMP-2026-02574,2026-03-30 03:45:53,2026-03-30 04:10:47,24.9,EXTORTION,35810.97,UPI,BANK_SBI_SYNTH,NEW_DIGITAL,ZONE_NORTH,3,0,REGISTERED
CMP-2026-02575,2026-05-14 11:09:30,2026-05-14 11:27:24,17.9,PHISHING_UPI,20406.61,IMPS,BANK_ICIC_SYNTH,STANDARD,ZONE_EAST,11,3,REGISTERED
CMP-2026-02576,2026-04-26 06:12:12,2026-04-26 07:19:30,67.3,INVESTMENT_FRAUD,119955.19,UPI,BANK_ICIC_SYNTH,NEW_DIGITAL,ZONE_NORTH,6,6,REGISTERED
CMP-2026-02577,2026-04-29 17:03:39,2026-04-29 18:26:21,82.7,LOAN_SCAM,23515.88,UPI,BANK_PNB_SYNTH,STANDARD,ZONE_SOUTH,17,2,REGISTERED
CMP-2026-02578,2026-03-13 20:40:35,2026-03-13 20:53:17,12.7,EXTORTION,34711.19,UPI,BANK_SBI_SYNTH,RURAL_REGIONAL,ZONE_WEST,20,4,REGISTERED
CMP-2026-02579,2026-05-02 13:00:59,2026-05-02 13:25:11,24.2,PHISHING_UPI,15137.07,UPI,BANK_ICIC_SYNTH,STANDARD,ZONE_NORTH,13,5,REGISTERED
CMP-2026-02580,2026-07-26 15:55:27,2026-07-26 16:41:51,46.4,INVESTMENT_FRAUD,108001.32,IMPS,BANK_ICIC_SYNTH,STANDARD,ZONE_NORTH,15,6,REGISTERED
CMP-2026-02581,2026-05-06 13:49:25,2026-05-06 15:00:13,70.8,TASK_FRAUD,63336.72,UPI,BANK_SBI_SYNTH,STANDARD,ZONE_SOUTH,13,2,REGISTERED
CMP-2026-02582,2026-06-10 15:41:42,2026-06-10 15:56:00,14.3,PHISHING_UPI,58392.28,UPI,BANK_SBI_SYNTH,STANDARD,ZONE_WEST,15,2,REGISTERED
CMP-2026-02583,2026-03-19 19:13:17,2026-03-19 19:25:17,12.0,PHISHING_UPI,23225.41,IMPS,BANK_AXIS_SYNTH,STANDARD,ZONE_WEST,19,3,REGISTERED
CMP-2026-02584,2026-03-23 14:33:37,2026-03-23 14:54:31,20.9,PHISHING_UPI,15017.92,IMPS,BANK_SBI_SYNTH,RURAL_REGIONAL,ZONE_NORTH,14,0,REGISTERED
CMP-2026-02585,2026-04-29 19:49:54,2026-04-29 20:10:48,20.9,INVESTMENT_FRAUD,85958.9,IMPS,BANK_ICIC_SYNTH,NEW_DIGITAL,ZONE_EAST,19,2,REGISTERED
CMP-2026-02586,2026-08-21 10:47:55,2026-08-21 11:28:49,40.9,TASK_FRAUD,34968.03,UPI,BANK_ICIC_SYNTH,RURAL_REGIONAL,ZONE_NORTH,10,4,REGISTERED
CMP-2026-02587,2026-04-07 21:00:50,2026-04-07 21:26:50,26.0,PHISHING_UPI,28017.5,UPI,BANK_HDFC_SYNTH,NEW_DIGITAL,ZONE_EAST,21,1,REGISTERED
CMP-2026-02588,2026-03-17 16:51:39,2026-03-17 17:24:15,32.6,INVESTMENT_FRAUD,154115.7,UPI,BANK_HDFC_SYNTH,RURAL_REGIONAL,ZONE_SOUTH,16,1,REGISTERED
CMP-2026-02589,2026-05-25 13:00:20,2026-05-25 13:34:38,34.3,PHISHING_UPI,33204.68,NEFT,BANK_ICIC_SYNTH,RURAL_REGIONAL,ZONE_SOUTH,13,0,REGISTERED
CMP-2026-02590,2026-07-24 16:27:42,2026-07-24 17:25:00,57.3,LOAN_SCAM,36198.06,NEFT,BANK_SBI_SYNTH,NEW_DIGITAL,ZONE_CENTRAL,16,4,REGISTERED
CMP-2026-02591,2026-03-22 21:35:25,2026-03-22 21:51:37,16.2,EXTORTION,36648.59,UPI,BANK_SBI_SYNTH,NEW_DIGITAL,ZONE_SOUTH,21,6,REGISTERED
CMP-2026-02592,2026-05-03 16:53:33,2026-05-03 17:20:39,27.1,TASK_FRAUD,25343.69,IMPS,BANK_SBI_SYNTH,STANDARD,ZONE_EAST,16,6,REGISTERED
CMP-2026-02593,2026-07-30 20:10:40,2026-07-30 21:04:58,54.3,INVESTMENT_FRAUD,133496.95,IMPS,BANK_ICIC_SYNTH,STANDARD,ZONE_WEST,20,3,REGISTERED
CMP-2026-02594,2026-07-07 11:53:27,2026-07-07 12:19:09,25.7,TASK_FRAUD,22840.87,NEFT,BANK_SBI_SYNTH,RURAL_REGIONAL,ZONE_CENTRAL,11,1,REGISTERED
CMP-2026-02595,2026-04-15 16:07:35,2026-04-15 17:04:35,57.0,TASK_FRAUD,92769.96,UPI,BANK_ICIC_SYNTH,NEW_DIGITAL,ZONE_CENTRAL,16,2,REGISTERED
CMP-2026-02596,2026-06-26 14:11:01,2026-06-26 14:25:37,14.6,INVESTMENT_FRAUD,140080.98,IMPS,BANK_ICIC_SYNTH,NEW_DIGITAL,ZONE_EAST,14,4,REGISTERED
CMP-2026-02597,2026-08-01 11:49:42,2026-08-01 12:22:30,32.8,PHISHING_UPI,23581.23,UPI,BANK_PNB_SYNTH,RURAL_REGIONAL,ZONE_SOUTH,11,5,REGISTERED
CMP-2026-02598,2026-04-08 15:35:56,2026-04-08 16:46:44,70.8,EXTORTION,23031.9,IMPS,BANK_HDFC_SYNTH,STANDARD,ZONE_SOUTH,15,2,REGISTERED
CMP-2026-02599,2026-08-17 10:24:23,2026-08-17 10:44:05,19.7,TASK_FRAUD,30710.17,UPI,BANK_SBI_SYNTH,NEW_DIGITAL,ZONE_CENTRAL,10,0,REGISTERED
CMP-2026-02600,2026-04-05 08:23:33,2026-04-05 08:59:03,35.5,PHISHING_UPI,23492.0,NEFT,BANK_SBI_SYNTH,STANDARD,ZONE_EAST,8,6,REGISTERED
CMP-2026-02601,2026-08-11 12:58:16,2026-08-11 13:21:04,22.8,EXTORTION,19147.0,UPI,BANK_ICIC_SYNTH,NEW_DIGITAL,ZONE_WEST,12,1,REGISTERED
CMP-2026-02602,2026-06-18 23:02:41,2026-06-18 23:26:23,23.7,INVESTMENT_FRAUD,73445.82,IMPS,BANK_HDFC_SYNTH,STANDARD,ZONE_SOUTH,23,3,REGISTERED
CMP-2026-02603,2026-08-27 10:45:16,2026-08-27 11:30:22,45.1,LOAN_SCAM,35832.2,UPI,BANK_HDFC_SYNTH,STANDARD,ZONE_NORTH,10,3,REGISTERED
CMP-2026-02604,2026-08-22 19:52:01,2026-08-22 20:40:37,48.6,INVESTMENT_FRAUD,121307.09,IMPS,BANK_ICIC_SYNTH,NEW_DIGITAL,ZONE_CENTRAL,19,5,REGISTERED
CMP-2026-02605,2026-08-14 13:38:40,2026-08-14 14:27:28,48.8,INVESTMENT_FRAUD,174541.63,IMPS,BANK_SBI_SYNTH,STANDARD,ZONE_EAST,13,4,REGISTERED
CMP-2026-02606,2026-05-25 08:55:41,2026-05-25 09:39:05,43.4,TASK_FRAUD,69852.79,IMPS,BANK_AXIS_SYNTH,STANDARD,ZONE_NORTH,8,0,REGISTERED
CMP-2026-02607,2026-03-07 06:01:39,2026-03-07 06:51:45,50.1,INVESTMENT_FRAUD,183872.07,IMPS,BANK_AXIS_SYNTH,STANDARD,ZONE_WEST,6,5,REGISTERED
CMP-2026-02608,2026-03-28 13:47:11,2026-03-28 14:31:47,44.6,PHISHING_UPI,39804.24,IMPS,BANK_HDFC_SYNTH,NEW_DIGITAL,ZONE_NORTH,13,5,REGISTERED
CMP-2026-02609,2026-03-24 12:26:53,2026-03-24 13:21:29,54.6,TASK_FRAUD,46718.74,UPI,BANK_AXIS_SYNTH,STANDARD,ZONE_NORTH,12,1,REGISTERED
CMP-2026-02610,2026-03-11 17:40:45,2026-03-11 17:59:27,18.7,INVESTMENT_FRAUD,66993.73,UPI,BANK_SBI_SYNTH,RURAL_REGIONAL,ZONE_CENTRAL,17,2,REGISTERED
CMP-2026-02611,2026-08-02 15:17:54,2026-08-02 15:29:54,12.0,PHISHING_UPI,44880.12,IMPS,BANK_SBI_SYNTH,NEW_DIGITAL,ZONE_EAST,15,6,REGISTERED
CMP-2026-02612,2026-06-29 15:57:20,2026-06-29 16:59:14,61.9,TASK_FRAUD,25938.17,IMPS,BANK_SBI_SYNTH,NEW_DIGITAL,ZONE_SOUTH,15,0,REGISTERED
CMP-2026-02613,2026-03-31 10:37:46,2026-03-31 11:28:58,51.2,TASK_FRAUD,25622.1,UPI,BANK_HDFC_SYNTH,NEW_DIGITAL,ZONE_SOUTH,10,1,REGISTERED
CMP-2026-02614,2026-06-01 18:42:25,2026-06-01 19:25:43,43.3,PHISHING_UPI,6094.58,NEFT,BANK_PNB_SYNTH,NEW_DIGITAL,ZONE_WEST,18,0,REGISTERED
CMP-2026-02615,2026-07-27 23:32:09,2026-07-28 00:02:51,30.7,LOAN_SCAM,35695.58,UPI,BANK_HDFC_SYNTH,NEW_DIGITAL,ZONE_WEST,23,0,REGISTERED
CMP-2026-02616,2026-04-01 10:02:17,2026-04-01 10:22:53,20.6,PHISHING_UPI,44512.89,IMPS,BANK_SBI_SYNTH,NEW_DIGITAL,ZONE_SOUTH,10,2,REGISTERED
CMP-2026-02617,2026-04-01 19:47:53,2026-04-01 20:13:35,25.7,TASK_FRAUD,24823.81,UPI,BANK_SBI_SYNTH,RURAL_REGIONAL,ZONE_NORTH,19,2,REGISTERED
CMP-2026-02618,2026-03-01 13:17:35,2026-03-01 14:14:17,56.7,INVESTMENT_FRAUD,117469.79,IMPS,BANK_ICIC_SYNTH,STANDARD,ZONE_SOUTH,13,6,REGISTERED
CMP-2026-02619,2026-05-23 18:53:44,2026-05-23 19:07:32,13.8,PHISHING_UPI,59410.67,UPI,BANK_ICIC_SYNTH,NEW_DIGITAL,ZONE_CENTRAL,18,5,REGISTERED
CMP-2026-02620,2026-08-13 23:11:46,2026-08-14 01:34:04,142.3,LOAN_SCAM,28152.26,IMPS,BANK_HDFC_SYNTH,RURAL_REGIONAL,ZONE_CENTRAL,23,3,REGISTERED
CMP-2026-02621,2026-06-15 09:01:49,2026-06-15 09:13:49,12.0,PHISHING_UPI,18565.39,UPI,BANK_SBI_SYNTH,STANDARD,ZONE_WEST,9,0,REGISTERED
CMP-2026-02622,2026-04-09 16:23:29,2026-04-09 16:44:53,21.4,PHISHING_UPI,53604.88,IMPS,BANK_ICIC_SYNTH,NEW_DIGITAL,ZONE_CENTRAL,16,3,REGISTERED
CMP-2026-02623,2026-04-25 20:43:41,2026-04-25 21:04:47,21.1,INVESTMENT_FRAUD,78804.23,IMPS,BANK_ICIC_SYNTH,NEW_DIGITAL,ZONE_WEST,20,5,REGISTERED
CMP-2026-02624,2026-08-03 19:47:48,2026-08-03 20:20:48,33.0,INVESTMENT_FRAUD,169266.86,NEFT,BANK_ICIC_SYNTH,STANDARD,ZONE_NORTH,19,0,REGISTERED
CMP-2026-02625,2026-07-06 16:11:17,2026-07-06 16:31:11,19.9,TASK_FRAUD,49972.78,UPI,BANK_ICIC_SYNTH,NEW_DIGITAL,ZONE_WEST,16,0,REGISTERED
CMP-2026-02626,2026-05-14 14:53:12,2026-05-14 15:06:18,13.1,PHISHING_UPI,22816.92,UPI,BANK_HDFC_SYNTH,NEW_DIGITAL,ZONE_NORTH,14,3,REGISTERED
CMP-2026-02627,2026-04-01 16:18:16,2026-04-01 16:35:10,16.9,TASK_FRAUD,81933.35,UPI,BANK_HDFC_SYNTH,STANDARD,ZONE_WEST,16,2,REGISTERED
CMP-2026-02628,2026-03-17 13:22:37,2026-03-17 14:00:07,37.5,INVESTMENT_FRAUD,73423.05,UPI,BANK_PNB_SYNTH,STANDARD,ZONE_WEST,13,1,REGISTERED
CMP-2026-02629,2026-07-28 21:43:53,2026-07-28 22:24:05,40.2,INVESTMENT_FRAUD,173045.15,IMPS,BANK_SBI_SYNTH,STANDARD,ZONE_EAST,21,1,REGISTERED
CMP-2026-02630,2026-03-29 14:36:13,2026-03-29 15:09:01,32.8,PHISHING_UPI,47776.82,NEFT,BANK_SBI_SYNTH,STANDARD,ZONE_CENTRAL,14,6,REGISTERED
CMP-2026-02631,2026-05-18 22:41:51,2026-05-18 22:58:33,16.7,INVESTMENT_FRAUD,188472.45,UPI,BANK_ICIC_SYNTH,RURAL_REGIONAL,ZONE_WEST,22,0,REGISTERED
CMP-2026-02632,2026-04-07 13:44:32,2026-04-07 13:58:38,14.1,EXTORTION,11287.61,IMPS,BANK_SBI_SYNTH,NEW_DIGITAL,ZONE_WEST,13,1,REGISTERED
CMP-2026-02633,2026-03-17 19:49:13,2026-03-17 20:28:37,39.4,TASK_FRAUD,29525.02,IMPS,BANK_ICIC_SYNTH,NEW_DIGITAL,ZONE_NORTH,19,1,REGISTERED
CMP-2026-02634,2026-08-13 19:33:42,2026-08-13 19:58:30,24.8,PHISHING_UPI,30444.65,UPI,BANK_SBI_SYNTH,STANDARD,ZONE_SOUTH,19,3,REGISTERED
CMP-2026-02635,2026-06-14 13:23:36,2026-06-14 13:50:06,26.5,TASK_FRAUD,23142.56,NEFT,BANK_SBI_SYNTH,STANDARD,ZONE_CENTRAL,13,6,REGISTERED
CMP-2026-02636,2026-03-19 14:22:55,2026-03-19 14:51:25,28.5,INVESTMENT_FRAUD,80271.3,IMPS,BANK_AXIS_SYNTH,NEW_DIGITAL,ZONE_EAST,14,3,REGISTERED
CMP-2026-02637,2026-03-29 15:30:21,2026-03-29 15:59:51,29.5,PHISHING_UPI,27755.7,UPI,BANK_ICIC_SYNTH,STANDARD,ZONE_NORTH,15,6,REGISTERED
CMP-2026-02638,2026-04-03 17:22:19,2026-04-03 17:52:25,30.1,TASK_FRAUD,83468.8,UPI,BANK_SBI_SYNTH,RURAL_REGIONAL,ZONE_EAST,17,4,REGISTERED
CMP-2026-02639,2026-07-14 15:28:51,2026-07-14 15:53:57,25.1,PHISHING_UPI,59859.12,IMPS,BANK_ICIC_SYNTH,NEW_DIGITAL,ZONE_WEST,15,1,REGISTERED
CMP-2026-02640,2026-07-10 09:30:53,2026-07-10 10:07:59,37.1,TASK_FRAUD,44449.17,IMPS,BANK_PNB_SYNTH,RURAL_REGIONAL,ZONE_SOUTH,9,4,REGISTERED
CMP-2026-02641,2026-06-17 23:30:43,2026-06-17 23:54:49,24.1,PHISHING_UPI,14057.67,IMPS,BANK_ICIC_SYNTH,NEW_DIGITAL,ZONE_CENTRAL,23,2,REGISTERED
CMP-2026-02642,2026-08-22 13:56:14,2026-08-22 14:22:56,26.7,INVESTMENT_FRAUD,61300.73,NEFT,BANK_ICIC_SYNTH,STANDARD,ZONE_SOUTH,13,5,REGISTERED
CMP-2026-02643,2026-07-18 18:36:25,2026-07-18 19:28:13,51.8,EXTORTION,39453.3,UPI,BANK_SBI_SYNTH,NEW_DIGITAL,ZONE_CENTRAL,18,5,REGISTERED
CMP-2026-02644,2026-06-01 23:59:19,2026-06-02 00:48:55,49.6,INVESTMENT_FRAUD,187155.76,UPI,BANK_ICIC_SYNTH,STANDARD,ZONE_NORTH,23,0,REGISTERED
CMP-2026-02645,2026-08-21 11:33:12,2026-08-21 11:58:30,25.3,INVESTMENT_FRAUD,81884.37,UPI,BANK_HDFC_SYNTH,RURAL_REGIONAL,ZONE_NORTH,11,4,REGISTERED
CMP-2026-02646,2026-06-11 07:08:08,2026-06-11 07:53:20,45.2,LOAN_SCAM,23430.95,IMPS,BANK_SBI_SYNTH,NEW_DIGITAL,ZONE_EAST,7,3,REGISTERED
CMP-2026-02647,2026-08-22 22:19:50,2026-08-22 23:16:02,56.2,INVESTMENT_FRAUD,147130.35,IMPS,BANK_PNB_SYNTH,STANDARD,ZONE_SOUTH,22,5,REGISTERED
CMP-2026-02648,2026-05-22 17:10:29,2026-05-22 17:48:29,38.0,PHISHING_UPI,11362.1,UPI,BANK_HDFC_SYNTH,STANDARD,ZONE_NORTH,17,4,REGISTERED
CMP-2026-02649,2026-04-06 19:11:19,2026-04-06 19:31:25,20.1,INVESTMENT_FRAUD,146803.7,UPI,BANK_SBI_SYNTH,RURAL_REGIONAL,ZONE_CENTRAL,19,0,REGISTERED
CMP-2026-02650,2026-04-12 21:13:27,2026-04-12 22:08:21,54.9,LOAN_SCAM,16070.82,UPI,BANK_ICIC_SYNTH,NEW_DIGITAL,ZONE_WEST,21,6,REGISTERED
CMP-2026-02651,2026-03-28 10:35:54,2026-03-28 11:17:30,41.6,EXTORTION,30168.79,UPI,BANK_HDFC_SYNTH,RURAL_REGIONAL,ZONE_EAST,10,5,REGISTERED
CMP-2026-02652,2026-05-25 20:22:06,2026-05-25 21:25:30,63.4,INVESTMENT_FRAUD,53444.41,IMPS,BANK_ICIC_SYNTH,NEW_DIGITAL,ZONE_EAST,20,0,REGISTERED
CMP-2026-02653,2026-07-04 06:58:30,2026-07-04 07:34:00,35.5,EXTORTION,18701.75,UPI,BANK_HDFC_SYNTH,NEW_DIGITAL,ZONE_EAST,6,5,REGISTERED
CMP-2026-02654,2026-07-16 16:06:24,2026-07-16 16:30:12,23.8,PHISHING_UPI,38613.5,UPI,BANK_PNB_SYNTH,NEW_DIGITAL,ZONE_WEST,16,3,REGISTERED
CMP-2026-02655,2026-05-11 08:20:57,2026-05-11 08:44:27,23.5,INVESTMENT_FRAUD,59139.41,UPI,BANK_SBI_SYNTH,NEW_DIGITAL,ZONE_WEST,8,0,REGISTERED
CMP-2026-02656,2026-06-05 21:22:31,2026-06-05 21:36:55,14.4,TASK_FRAUD,30665.37,UPI,BANK_HDFC_SYNTH,STANDARD,ZONE_SOUTH,21,4,REGISTERED
CMP-2026-02657,2026-04-09 14:38:11,2026-04-09 14:59:47,21.6,TASK_FRAUD,91071.55,UPI,BANK_ICIC_SYNTH,NEW_DIGITAL,ZONE_WEST,14,3,REGISTERED
CMP-2026-02658,2026-05-05 23:32:52,2026-05-06 00:09:04,36.2,TASK_FRAUD,37014.11,IMPS,BANK_AXIS_SYNTH,NEW_DIGITAL,ZONE_SOUTH,23,1,REGISTERED
CMP-2026-02659,2026-08-12 18:41:14,2026-08-12 20:34:44,113.5,INVESTMENT_FRAUD,45129.73,IMPS,BANK_SBI_SYNTH,STANDARD,ZONE_CENTRAL,18,2,REGISTERED
CMP-2026-02660,2026-03-08 21:19:27,2026-03-08 21:51:27,32.0,TASK_FRAUD,96695.58,IMPS,BANK_SBI_SYNTH,STANDARD,ZONE_CENTRAL,21,6,REGISTERED
CMP-2026-02661,2026-06-26 23:27:09,2026-06-26 23:47:51,20.7,PHISHING_UPI,41906.06,UPI,BANK_HDFC_SYNTH,NEW_DIGITAL,ZONE_NORTH,23,4,REGISTERED
CMP-2026-02662,2026-05-26 16:16:26,2026-05-26 17:02:14,45.8,TASK_FRAUD,90136.85,UPI,BANK_SBI_SYNTH,NEW_DIGITAL,ZONE_WEST,16,1,REGISTERED
CMP-2026-02663,2026-07-01 23:53:06,2026-07-02 00:13:30,20.4,PHISHING_UPI,8683.58,UPI,BANK_AXIS_SYNTH,NEW_DIGITAL,ZONE_NORTH,23,2,REGISTERED
CMP-2026-02664,2026-07-10 17:41:55,2026-07-10 18:21:31,39.6,PHISHING_UPI,55467.05,NEFT,BANK_AXIS_SYNTH,NEW_DIGITAL,ZONE_SOUTH,17,4,REGISTERED
CMP-2026-02665,2026-03-24 14:32:24,2026-03-24 15:32:06,59.7,INVESTMENT_FRAUD,38186.77,UPI,BANK_ICIC_SYNTH,RURAL_REGIONAL,ZONE_SOUTH,14,1,REGISTERED
CMP-2026-02666,2026-05-27 19:42:25,2026-05-27 19:57:31,15.1,PHISHING_UPI,44338.66,IMPS,BANK_HDFC_SYNTH,STANDARD,ZONE_EAST,19,2,REGISTERED
CMP-2026-02667,2026-04-16 10:40:07,2026-04-16 11:48:07,68.0,TASK_FRAUD,71721.04,UPI,BANK_ICIC_SYNTH,NEW_DIGITAL,ZONE_CENTRAL,10,3,REGISTERED
CMP-2026-02668,2026-05-30 12:49:30,2026-05-30 14:55:18,125.8,INVESTMENT_FRAUD,80604.93,UPI,BANK_SBI_SYNTH,RURAL_REGIONAL,ZONE_EAST,12,5,REGISTERED
CMP-2026-02669,2026-03-21 17:11:27,2026-03-21 17:32:27,21.0,EXTORTION,24918.04,UPI,BANK_ICIC_SYNTH,NEW_DIGITAL,ZONE_WEST,17,5,REGISTERED
CMP-2026-02670,2026-08-04 15:05:09,2026-08-04 15:45:39,40.5,INVESTMENT_FRAUD,45427.88,UPI,BANK_HDFC_SYNTH,RURAL_REGIONAL,ZONE_NORTH,15,1,REGISTERED
CMP-2026-02671,2026-04-05 15:52:39,2026-04-05 16:39:21,46.7,TASK_FRAUD,76382.14,UPI,BANK_SBI_SYNTH,NEW_DIGITAL,ZONE_WEST,15,6,REGISTERED
CMP-2026-02672,2026-05-18 11:29:18,2026-05-18 12:06:30,37.2,INVESTMENT_FRAUD,130045.39,IMPS,BANK_SBI_SYNTH,STANDARD,ZONE_NORTH,11,0,REGISTERED
CMP-2026-02673,2026-05-22 08:03:56,2026-05-22 08:39:32,35.6,INVESTMENT_FRAUD,119016.89,NEFT,BANK_HDFC_SYNTH,NEW_DIGITAL,ZONE_EAST,8,4,REGISTERED
CMP-2026-02674,2026-04-30 19:18:49,2026-04-30 20:02:19,43.5,PHISHING_UPI,7335.05,UPI,BANK_SBI_SYNTH,NEW_DIGITAL,ZONE_CENTRAL,19,3,REGISTERED
CMP-2026-02675,2026-04-02 11:22:26,2026-04-02 12:12:50,50.4,TASK_FRAUD,86304.67,NEFT,BANK_PNB_SYNTH,NEW_DIGITAL,ZONE_CENTRAL,11,3,REGISTERED
CMP-2026-02676,2026-03-07 06:07:22,2026-03-07 07:42:22,95.0,INVESTMENT_FRAUD,175699.36,UPI,BANK_SBI_SYNTH,NEW_DIGITAL,ZONE_NORTH,6,5,REGISTERED
CMP-2026-02677,2026-04-14 12:05:34,2026-04-14 12:45:46,40.2,PHISHING_UPI,47797.41,UPI,BANK_HDFC_SYNTH,STANDARD,ZONE_WEST,12,1,REGISTERED
CMP-2026-02678,2026-06-22 16:27:57,2026-06-22 18:00:03,92.1,EXTORTION,37002.02,UPI,BANK_HDFC_SYNTH,NEW_DIGITAL,ZONE_NORTH,16,0,REGISTERED
CMP-2026-02679,2026-07-03 15:15:58,2026-07-03 15:45:46,29.8,TASK_FRAUD,89923.48,IMPS,BANK_HDFC_SYNTH,STANDARD,ZONE_EAST,15,4,REGISTERED
CMP-2026-02680,2026-07-29 11:46:52,2026-07-29 12:16:46,29.9,INVESTMENT_FRAUD,164347.69,UPI,BANK_HDFC_SYNTH,NEW_DIGITAL,ZONE_SOUTH,11,2,REGISTERED
CMP-2026-02681,2026-03-08 11:20:23,2026-03-08 11:43:11,22.8,PHISHING_UPI,24840.09,UPI,BANK_SBI_SYNTH,NEW_DIGITAL,ZONE_WEST,11,6,REGISTERED
CMP-2026-02682,2026-05-08 11:46:05,2026-05-08 13:11:11,85.1,LOAN_SCAM,25663.37,NEFT,BANK_PNB_SYNTH,STANDARD,ZONE_EAST,11,4,REGISTERED
CMP-2026-02683,2026-03-05 17:47:16,2026-03-05 18:20:58,33.7,INVESTMENT_FRAUD,127442.15,IMPS,BANK_HDFC_SYNTH,STANDARD,ZONE_WEST,17,3,REGISTERED
CMP-2026-02684,2026-07-29 20:27:07,2026-07-29 20:51:31,24.4,PHISHING_UPI,55929.95,IMPS,BANK_SBI_SYNTH,NEW_DIGITAL,ZONE_NORTH,20,2,REGISTERED
CMP-2026-02685,2026-08-27 10:39:32,2026-08-27 11:22:56,43.4,TASK_FRAUD,33540.76,UPI,BANK_SBI_SYNTH,NEW_DIGITAL,ZONE_WEST,10,3,REGISTERED
CMP-2026-02686,2026-07-03 16:03:23,2026-07-03 16:29:41,26.3,PHISHING_UPI,51762.14,UPI,BANK_SBI_SYNTH,NEW_DIGITAL,ZONE_CENTRAL,16,4,REGISTERED
CMP-2026-02687,2026-07-15 19:27:17,2026-07-15 19:42:59,15.7,EXTORTION,40964.28,UPI,BANK_SBI_SYNTH,NEW_DIGITAL,ZONE_EAST,19,2,REGISTERED
CMP-2026-02688,2026-04-19 10:42:02,2026-04-19 11:51:14,69.2,LOAN_SCAM,22749.45,UPI,BANK_SBI_SYNTH,NEW_DIGITAL,ZONE_NORTH,10,6,REGISTERED
CMP-2026-02689,2026-07-01 11:17:00,2026-07-01 11:46:42,29.7,INVESTMENT_FRAUD,59877.3,IMPS,BANK_ICIC_SYNTH,STANDARD,ZONE_WEST,11,2,REGISTERED
CMP-2026-02690,2026-07-19 14:42:08,2026-07-19 14:56:08,14.0,TASK_FRAUD,86122.65,UPI,BANK_SBI_SYNTH,RURAL_REGIONAL,ZONE_NORTH,14,6,REGISTERED
CMP-2026-02691,2026-06-16 14:40:20,2026-06-16 14:57:50,17.5,TASK_FRAUD,53651.17,UPI,BANK_AXIS_SYNTH,NEW_DIGITAL,ZONE_EAST,14,1,REGISTERED
CMP-2026-02692,2026-03-04 17:20:14,2026-03-04 17:51:38,31.4,LOAN_SCAM,32516.95,UPI,BANK_SBI_SYNTH,NEW_DIGITAL,ZONE_WEST,17,2,REGISTERED
CMP-2026-02693,2026-07-10 10:38:52,2026-07-10 11:11:10,32.3,PHISHING_UPI,49705.0,UPI,BANK_SBI_SYNTH,STANDARD,ZONE_NORTH,10,4,REGISTERED
CMP-2026-02694,2026-06-23 22:21:34,2026-06-23 22:58:58,37.4,INVESTMENT_FRAUD,182669.45,UPI,BANK_SBI_SYNTH,NEW_DIGITAL,ZONE_EAST,22,1,REGISTERED
CMP-2026-02695,2026-04-27 16:52:28,2026-04-27 17:37:46,45.3,TASK_FRAUD,53647.13,IMPS,BANK_HDFC_SYNTH,NEW_DIGITAL,ZONE_EAST,16,0,REGISTERED
CMP-2026-02696,2026-04-07 16:44:10,2026-04-07 17:27:22,43.2,INVESTMENT_FRAUD,103755.38,UPI,BANK_AXIS_SYNTH,NEW_DIGITAL,ZONE_SOUTH,16,1,REGISTERED
CMP-2026-02697,2026-05-12 15:42:54,2026-05-12 16:17:06,34.2,TASK_FRAUD,84863.37,NEFT,BANK_SBI_SYNTH,STANDARD,ZONE_CENTRAL,15,1,REGISTERED
CMP-2026-02698,2026-06-10 15:22:05,2026-06-10 16:19:05,57.0,LOAN_SCAM,28135.51,NEFT,BANK_HDFC_SYNTH,RURAL_REGIONAL,ZONE_NORTH,15,2,REGISTERED
CMP-2026-02699,2026-07-14 23:28:43,2026-07-15 00:31:55,63.2,INVESTMENT_FRAUD,163163.32,UPI,BANK_HDFC_SYNTH,NEW_DIGITAL,ZONE_NORTH,23,1,REGISTERED
CMP-2026-02700,2026-06-21 21:10:39,2026-06-21 21:31:03,20.4,PHISHING_UPI,31754.97,UPI,BANK_HDFC_SYNTH,NEW_DIGITAL,ZONE_EAST,21,6,REGISTERED
CMP-2026-02701,2026-07-16 18:48:18,2026-07-16 19:00:18,12.0,EXTORTION,23275.09,NEFT,BANK_AXIS_SYNTH,STANDARD,ZONE_CENTRAL,18,3,REGISTERED
CMP-2026-02702,2026-05-07 10:34:08,2026-05-07 10:49:26,15.3,PHISHING_UPI,36141.66,IMPS,BANK_HDFC_SYNTH,STANDARD,ZONE_NORTH,10,3,REGISTERED
CMP-2026-02703,2026-03-18 09:13:13,2026-03-18 09:28:19,15.1,EXTORTION,18639.53,IMPS,BANK_SBI_SYNTH,NEW_DIGITAL,ZONE_EAST,9,2,REGISTERED
CMP-2026-02704,2026-06-11 12:11:55,2026-06-11 12:45:31,33.6,INVESTMENT_FRAUD,65899.92,UPI,BANK_HDFC_SYNTH,RURAL_REGIONAL,ZONE_SOUTH,12,3,REGISTERED
CMP-2026-02705,2026-06-08 17:22:48,2026-06-08 17:57:42,34.9,EXTORTION,21532.82,UPI,BANK_ICIC_SYNTH,RURAL_REGIONAL,ZONE_EAST,17,0,REGISTERED
CMP-2026-02706,2026-04-27 15:23:40,2026-04-27 17:04:16,100.6,LOAN_SCAM,14840.26,IMPS,BANK_SBI_SYNTH,STANDARD,ZONE_EAST,15,0,REGISTERED
CMP-2026-02707,2026-05-30 14:34:25,2026-05-30 16:27:31,113.1,INVESTMENT_FRAUD,150085.53,UPI,BANK_ICIC_SYNTH,STANDARD,ZONE_NORTH,14,5,REGISTERED
CMP-2026-02708,2026-05-29 15:29:18,2026-05-29 15:59:12,29.9,TASK_FRAUD,62662.67,UPI,BANK_PNB_SYNTH,NEW_DIGITAL,ZONE_NORTH,15,4,REGISTERED
CMP-2026-02709,2026-05-20 14:59:55,2026-05-20 15:35:07,35.2,INVESTMENT_FRAUD,66965.48,IMPS,BANK_HDFC_SYNTH,NEW_DIGITAL,ZONE_SOUTH,14,2,REGISTERED
CMP-2026-02710,2026-03-01 15:53:21,2026-03-01 16:48:27,55.1,PHISHING_UPI,22964.0,UPI,BANK_PNB_SYNTH,RURAL_REGIONAL,ZONE_EAST,15,6,REGISTERED
CMP-2026-02711,2026-07-02 22:06:24,2026-07-03 01:34:42,208.3,INVESTMENT_FRAUD,88808.4,UPI,BANK_AXIS_SYNTH,NEW_DIGITAL,ZONE_EAST,22,3,REGISTERED
CMP-2026-02712,2026-08-23 18:26:12,2026-08-23 19:14:36,48.4,INVESTMENT_FRAUD,103121.8,UPI,BANK_SBI_SYNTH,RURAL_REGIONAL,ZONE_CENTRAL,18,6,REGISTERED
CMP-2026-02713,2026-03-25 16:39:32,2026-03-25 17:12:50,33.3,INVESTMENT_FRAUD,130009.22,UPI,BANK_SBI_SYNTH,STANDARD,ZONE_SOUTH,16,2,REGISTERED
CMP-2026-02714,2026-06-16 16:46:26,2026-06-16 17:00:26,14.0,PHISHING_UPI,29007.13,UPI,BANK_SBI_SYNTH,NEW_DIGITAL,ZONE_NORTH,16,1,REGISTERED
CMP-2026-02715,2026-04-28 16:15:10,2026-04-28 18:26:46,131.6,LOAN_SCAM,35781.01,UPI,BANK_AXIS_SYNTH,STANDARD,ZONE_NORTH,16,1,REGISTERED
CMP-2026-02716,2026-07-02 17:23:01,2026-07-02 18:11:49,48.8,TASK_FRAUD,67966.29,UPI,BANK_SBI_SYNTH,STANDARD,ZONE_SOUTH,17,3,REGISTERED
CMP-2026-02717,2026-06-08 11:55:12,2026-06-08 12:18:12,23.0,EXTORTION,13151.45,IMPS,BANK_PNB_SYNTH,RURAL_REGIONAL,ZONE_NORTH,11,0,REGISTERED
CMP-2026-02718,2026-03-30 13:23:46,2026-03-30 14:31:40,67.9,INVESTMENT_FRAUD,38775.41,UPI,BANK_HDFC_SYNTH,NEW_DIGITAL,ZONE_EAST,13,0,REGISTERED
CMP-2026-02719,2026-04-01 11:59:45,2026-04-01 12:32:09,32.4,INVESTMENT_FRAUD,142069.24,IMPS,BANK_PNB_SYNTH,STANDARD,ZONE_EAST,11,2,REGISTERED
CMP-2026-02720,2026-04-28 13:18:04,2026-04-28 13:46:22,28.3,TASK_FRAUD,84221.22,UPI,BANK_SBI_SYNTH,RURAL_REGIONAL,ZONE_CENTRAL,13,1,REGISTERED
CMP-2026-02721,2026-04-07 17:29:29,2026-04-07 18:27:35,58.1,INVESTMENT_FRAUD,37407.32,UPI,BANK_ICIC_SYNTH,RURAL_REGIONAL,ZONE_NORTH,17,1,REGISTERED
CMP-2026-02722,2026-08-26 12:50:11,2026-08-26 13:49:17,59.1,LOAN_SCAM,28824.65,NEFT,BANK_SBI_SYNTH,STANDARD,ZONE_CENTRAL,12,2,REGISTERED
CMP-2026-02723,2026-05-30 17:07:51,2026-05-30 18:11:51,64.0,TASK_FRAUD,67354.55,UPI,BANK_HDFC_SYNTH,RURAL_REGIONAL,ZONE_EAST,17,5,REGISTERED
CMP-2026-02724,2026-08-04 12:58:10,2026-08-04 13:22:34,24.4,INVESTMENT_FRAUD,77158.6,UPI,BANK_AXIS_SYNTH,NEW_DIGITAL,ZONE_SOUTH,12,1,REGISTERED
CMP-2026-02725,2026-03-02 22:02:43,2026-03-02 22:20:13,17.5,PHISHING_UPI,40348.95,NEFT,BANK_PNB_SYNTH,RURAL_REGIONAL,ZONE_WEST,22,0,REGISTERED
CMP-2026-02726,2026-03-13 08:26:16,2026-03-13 09:04:04,37.8,INVESTMENT_FRAUD,105926.44,IMPS,BANK_SBI_SYNTH,NEW_DIGITAL,ZONE_CENTRAL,8,4,REGISTERED
CMP-2026-02727,2026-06-05 14:45:49,2026-06-05 14:59:13,13.4,INVESTMENT_FRAUD,51882.68,UPI,BANK_ICIC_SYNTH,NEW_DIGITAL,ZONE_CENTRAL,14,4,REGISTERED
CMP-2026-02728,2026-05-18 16:52:46,2026-05-18 17:19:52,27.1,TASK_FRAUD,89220.98,UPI,BANK_HDFC_SYNTH,NEW_DIGITAL,ZONE_EAST,16,0,REGISTERED
CMP-2026-02729,2026-07-28 09:46:49,2026-07-28 10:01:01,14.2,PHISHING_UPI,13490.54,UPI,BANK_AXIS_SYNTH,NEW_DIGITAL,ZONE_SOUTH,9,1,REGISTERED
CMP-2026-02730,2026-07-07 12:32:40,2026-07-07 12:46:10,13.5,INVESTMENT_FRAUD,88910.23,UPI,BANK_PNB_SYNTH,NEW_DIGITAL,ZONE_EAST,12,1,REGISTERED
CMP-2026-02731,2026-07-20 19:06:09,2026-07-20 20:37:39,91.5,LOAN_SCAM,8271.21,IMPS,BANK_ICIC_SYNTH,STANDARD,ZONE_NORTH,19,0,REGISTERED
CMP-2026-02732,2026-07-15 09:37:48,2026-07-15 13:42:12,244.4,INVESTMENT_FRAUD,137322.63,UPI,BANK_SBI_SYNTH,STANDARD,ZONE_NORTH,9,2,REGISTERED
CMP-2026-02733,2026-05-05 14:42:21,2026-05-05 15:05:27,23.1,INVESTMENT_FRAUD,173217.7,NEFT,BANK_PNB_SYNTH,STANDARD,ZONE_EAST,14,1,REGISTERED
CMP-2026-02734,2026-04-07 16:06:21,2026-04-07 16:41:39,35.3,INVESTMENT_FRAUD,98172.36,UPI,BANK_SBI_SYNTH,STANDARD,ZONE_CENTRAL,16,1,REGISTERED
CMP-2026-02735,2026-05-22 11:45:31,2026-05-22 11:57:31,12.0,EXTORTION,35479.48,UPI,BANK_SBI_SYNTH,RURAL_REGIONAL,ZONE_NORTH,11,4,REGISTERED
CMP-2026-02736,2026-07-03 22:21:50,2026-07-03 22:48:02,26.2,PHISHING_UPI,45239.86,NEFT,BANK_AXIS_SYNTH,STANDARD,ZONE_EAST,22,4,REGISTERED
CMP-2026-02737,2026-06-15 11:48:08,2026-06-15 12:11:08,23.0,EXTORTION,45213.71,UPI,BANK_SBI_SYNTH,NEW_DIGITAL,ZONE_CENTRAL,11,0,REGISTERED
CMP-2026-02738,2026-03-05 18:56:23,2026-03-05 19:45:23,49.0,TASK_FRAUD,28966.82,IMPS,BANK_SBI_SYNTH,NEW_DIGITAL,ZONE_CENTRAL,18,3,REGISTERED
CMP-2026-02739,2026-04-25 12:45:10,2026-04-25 12:57:58,12.8,PHISHING_UPI,49623.9,UPI,BANK_HDFC_SYNTH,NEW_DIGITAL,ZONE_CENTRAL,12,5,REGISTERED
CMP-2026-02740,2026-05-25 12:28:43,2026-05-25 13:15:37,46.9,INVESTMENT_FRAUD,192296.56,IMPS,BANK_ICIC_SYNTH,RURAL_REGIONAL,ZONE_WEST,12,0,REGISTERED
CMP-2026-02741,2026-03-27 10:18:54,2026-03-27 10:31:12,12.3,TASK_FRAUD,45252.06,UPI,BANK_SBI_SYNTH,NEW_DIGITAL,ZONE_CENTRAL,10,4,REGISTERED
CMP-2026-02742,2026-04-08 15:19:09,2026-04-08 16:15:15,56.1,LOAN_SCAM,17457.89,UPI,BANK_AXIS_SYNTH,STANDARD,ZONE_NORTH,15,2,REGISTERED
CMP-2026-02743,2026-05-05 15:32:47,2026-05-05 16:09:35,36.8,TASK_FRAUD,82840.94,NEFT,BANK_AXIS_SYNTH,STANDARD,ZONE_SOUTH,15,1,REGISTERED
CMP-2026-02744,2026-06-02 20:30:39,2026-06-02 21:22:33,51.9,TASK_FRAUD,39027.38,NEFT,BANK_SBI_SYNTH,STANDARD,ZONE_NORTH,20,1,REGISTERED
CMP-2026-02745,2026-08-23 13:41:09,2026-08-23 13:55:09,14.0,TASK_FRAUD,32001.78,UPI,BANK_HDFC_SYNTH,RURAL_REGIONAL,ZONE_WEST,13,6,REGISTERED
CMP-2026-02746,2026-05-08 12:59:31,2026-05-08 14:24:07,84.6,INVESTMENT_FRAUD,46800.19,UPI,BANK_SBI_SYNTH,NEW_DIGITAL,ZONE_WEST,12,4,REGISTERED
CMP-2026-02747,2026-04-01 19:57:24,2026-04-01 20:13:48,16.4,PHISHING_UPI,19933.94,UPI,BANK_SBI_SYNTH,NEW_DIGITAL,ZONE_WEST,19,2,REGISTERED
CMP-2026-02748,2026-04-25 21:14:09,2026-04-25 21:49:21,35.2,LOAN_SCAM,18429.06,IMPS,BANK_AXIS_SYNTH,NEW_DIGITAL,ZONE_CENTRAL,21,5,REGISTERED
CMP-2026-02749,2026-06-25 14:22:31,2026-06-25 14:34:31,12.0,EXTORTION,13440.73,UPI,BANK_ICIC_SYNTH,NEW_DIGITAL,ZONE_WEST,14,3,REGISTERED
CMP-2026-02750,2026-07-30 11:54:52,2026-07-30 12:28:22,33.5,TASK_FRAUD,55170.7,UPI,BANK_SBI_SYNTH,NEW_DIGITAL,ZONE_EAST,11,3,REGISTERED
CMP-2026-02751,2026-07-12 19:23:42,2026-07-12 20:12:48,49.1,TASK_FRAUD,34073.83,UPI,BANK_ICIC_SYNTH,STANDARD,ZONE_CENTRAL,19,6,REGISTERED
CMP-2026-02752,2026-08-19 13:32:04,2026-08-19 14:50:52,78.8,INVESTMENT_FRAUD,89560.59,UPI,BANK_PNB_SYNTH,NEW_DIGITAL,ZONE_NORTH,13,2,REGISTERED
CMP-2026-02753,2026-08-22 21:03:28,2026-08-22 21:33:40,30.2,INVESTMENT_FRAUD,132312.22,UPI,BANK_SBI_SYNTH,STANDARD,ZONE_CENTRAL,21,5,REGISTERED
CMP-2026-02754,2026-04-14 15:51:47,2026-04-14 16:53:11,61.4,INVESTMENT_FRAUD,68445.32,UPI,BANK_SBI_SYNTH,STANDARD,ZONE_SOUTH,15,1,REGISTERED
CMP-2026-02755,2026-04-11 12:45:29,2026-04-11 13:13:35,28.1,INVESTMENT_FRAUD,117292.31,UPI,BANK_HDFC_SYNTH,STANDARD,ZONE_NORTH,12,5,REGISTERED
CMP-2026-02756,2026-06-08 14:05:47,2026-06-08 14:43:53,38.1,PHISHING_UPI,15940.15,UPI,BANK_HDFC_SYNTH,NEW_DIGITAL,ZONE_SOUTH,14,0,REGISTERED
CMP-2026-02757,2026-08-11 11:08:33,2026-08-11 11:46:15,37.7,INVESTMENT_FRAUD,100864.56,UPI,BANK_SBI_SYNTH,NEW_DIGITAL,ZONE_EAST,11,1,REGISTERED
CMP-2026-02758,2026-04-10 14:37:48,2026-04-10 15:03:00,25.2,PHISHING_UPI,47832.93,IMPS,BANK_PNB_SYNTH,STANDARD,ZONE_WEST,14,4,REGISTERED
CMP-2026-02759,2026-08-06 13:03:20,2026-08-06 13:24:56,21.6,PHISHING_UPI,41808.02,UPI,BANK_PNB_SYNTH,STANDARD,ZONE_SOUTH,13,3,REGISTERED
CMP-2026-02760,2026-04-05 20:07:28,2026-04-05 20:32:58,25.5,PHISHING_UPI,11450.92,UPI,BANK_ICIC_SYNTH,STANDARD,ZONE_EAST,20,6,REGISTERED
CMP-2026-02761,2026-03-18 16:37:13,2026-03-18 17:36:49,59.6,TASK_FRAUD,23248.42,UPI,BANK_PNB_SYNTH,STANDARD,ZONE_NORTH,16,2,REGISTERED
CMP-2026-02762,2026-06-11 16:37:27,2026-06-11 16:55:27,18.0,TASK_FRAUD,88857.99,IMPS,BANK_HDFC_SYNTH,RURAL_REGIONAL,ZONE_EAST,16,3,REGISTERED
CMP-2026-02763,2026-03-21 18:56:28,2026-03-21 19:28:22,31.9,PHISHING_UPI,9806.98,NEFT,BANK_ICIC_SYNTH,NEW_DIGITAL,ZONE_NORTH,18,5,REGISTERED
CMP-2026-02764,2026-06-23 18:48:29,2026-06-23 19:02:05,13.6,PHISHING_UPI,6749.41,UPI,BANK_PNB_SYNTH,NEW_DIGITAL,ZONE_EAST,18,1,REGISTERED
CMP-2026-02765,2026-04-15 13:26:38,2026-04-15 14:34:50,68.2,EXTORTION,31249.32,UPI,BANK_PNB_SYNTH,NEW_DIGITAL,ZONE_EAST,13,2,REGISTERED
CMP-2026-02766,2026-04-29 19:30:32,2026-04-29 20:05:14,34.7,EXTORTION,18972.96,IMPS,BANK_HDFC_SYNTH,NEW_DIGITAL,ZONE_WEST,19,2,REGISTERED
CMP-2026-02767,2026-06-04 18:21:17,2026-06-04 18:36:41,15.4,PHISHING_UPI,50443.68,IMPS,BANK_SBI_SYNTH,NEW_DIGITAL,ZONE_SOUTH,18,3,REGISTERED
CMP-2026-02768,2026-03-21 15:48:11,2026-03-21 16:47:41,59.5,INVESTMENT_FRAUD,132354.29,IMPS,BANK_ICIC_SYNTH,STANDARD,ZONE_NORTH,15,5,REGISTERED
CMP-2026-02769,2026-08-08 23:32:30,2026-08-09 01:27:24,114.9,TASK_FRAUD,54047.59,UPI,BANK_SBI_SYNTH,NEW_DIGITAL,ZONE_EAST,23,5,REGISTERED
CMP-2026-02770,2026-03-12 08:27:43,2026-03-12 09:52:01,84.3,INVESTMENT_FRAUD,70952.36,IMPS,BANK_SBI_SYNTH,RURAL_REGIONAL,ZONE_WEST,8,3,REGISTERED
CMP-2026-02771,2026-05-01 11:43:34,2026-05-01 12:31:34,48.0,INVESTMENT_FRAUD,88707.65,IMPS,BANK_AXIS_SYNTH,NEW_DIGITAL,ZONE_EAST,11,4,REGISTERED
CMP-2026-02772,2026-04-04 13:06:48,2026-04-04 14:51:42,104.9,INVESTMENT_FRAUD,86680.8,UPI,BANK_SBI_SYNTH,NEW_DIGITAL,ZONE_NORTH,13,5,REGISTERED
CMP-2026-02773,2026-05-30 14:20:49,2026-05-30 14:41:19,20.5,INVESTMENT_FRAUD,180841.87,NEFT,BANK_SBI_SYNTH,STANDARD,ZONE_WEST,14,5,REGISTERED
CMP-2026-02774,2026-08-14 18:13:36,2026-08-14 19:05:18,51.7,EXTORTION,18788.07,IMPS,BANK_HDFC_SYNTH,STANDARD,ZONE_NORTH,18,4,REGISTERED
CMP-2026-02775,2026-03-29 22:49:25,2026-03-29 23:34:49,45.4,LOAN_SCAM,37738.39,UPI,BANK_SBI_SYNTH,STANDARD,ZONE_SOUTH,22,6,REGISTERED
CMP-2026-02776,2026-06-18 07:10:20,2026-06-18 07:45:32,35.2,INVESTMENT_FRAUD,178775.07,UPI,BANK_AXIS_SYNTH,STANDARD,ZONE_NORTH,7,3,REGISTERED
CMP-2026-02777,2026-08-24 19:41:38,2026-08-24 20:42:08,60.5,INVESTMENT_FRAUD,127891.71,UPI,BANK_HDFC_SYNTH,STANDARD,ZONE_NORTH,19,0,REGISTERED
CMP-2026-02778,2026-04-11 13:16:30,2026-04-11 13:44:48,28.3,INVESTMENT_FRAUD,97512.85,IMPS,BANK_ICIC_SYNTH,STANDARD,ZONE_CENTRAL,13,5,REGISTERED
CMP-2026-02779,2026-07-29 19:23:09,2026-07-29 20:13:03,49.9,INVESTMENT_FRAUD,92279.83,UPI,BANK_AXIS_SYNTH,STANDARD,ZONE_CENTRAL,19,2,REGISTERED
CMP-2026-02780,2026-07-28 10:20:28,2026-07-28 10:52:58,32.5,INVESTMENT_FRAUD,89884.98,IMPS,BANK_SBI_SYNTH,RURAL_REGIONAL,ZONE_EAST,10,1,REGISTERED
CMP-2026-02781,2026-07-16 12:00:48,2026-07-16 12:42:36,41.8,EXTORTION,34607.03,UPI,BANK_PNB_SYNTH,STANDARD,ZONE_SOUTH,12,3,REGISTERED
CMP-2026-02782,2026-03-10 14:26:22,2026-03-10 15:14:46,48.4,TASK_FRAUD,37749.54,IMPS,BANK_HDFC_SYNTH,NEW_DIGITAL,ZONE_CENTRAL,14,1,REGISTERED
CMP-2026-02783,2026-08-23 19:49:17,2026-08-23 20:28:35,39.3,PHISHING_UPI,40477.31,UPI,BANK_SBI_SYNTH,RURAL_REGIONAL,ZONE_EAST,19,6,REGISTERED
CMP-2026-02784,2026-07-08 07:18:53,2026-07-08 08:01:35,42.7,INVESTMENT_FRAUD,78139.39,IMPS,BANK_SBI_SYNTH,NEW_DIGITAL,ZONE_CENTRAL,7,2,REGISTERED
CMP-2026-02785,2026-05-16 13:24:20,2026-05-16 14:12:56,48.6,TASK_FRAUD,55930.98,UPI,BANK_ICIC_SYNTH,NEW_DIGITAL,ZONE_WEST,13,5,REGISTERED
CMP-2026-02786,2026-07-22 19:39:32,2026-07-22 20:22:14,42.7,PHISHING_UPI,36050.97,NEFT,BANK_SBI_SYNTH,NEW_DIGITAL,ZONE_EAST,19,2,REGISTERED
CMP-2026-02787,2026-04-13 12:20:46,2026-04-13 14:19:52,119.1,INVESTMENT_FRAUD,156236.22,NEFT,BANK_SBI_SYNTH,STANDARD,ZONE_EAST,12,0,REGISTERED
CMP-2026-02788,2026-08-19 11:02:49,2026-08-19 11:14:49,12.0,PHISHING_UPI,21618.61,UPI,BANK_AXIS_SYNTH,STANDARD,ZONE_EAST,11,2,REGISTERED
CMP-2026-02789,2026-04-14 19:38:37,2026-04-14 20:42:31,63.9,TASK_FRAUD,51828.37,UPI,BANK_SBI_SYNTH,NEW_DIGITAL,ZONE_EAST,19,1,REGISTERED
CMP-2026-02790,2026-03-11 16:21:17,2026-03-11 17:01:35,40.3,TASK_FRAUD,48316.47,IMPS,BANK_HDFC_SYNTH,STANDARD,ZONE_WEST,16,2,REGISTERED
CMP-2026-02791,2026-08-14 23:07:30,2026-08-14 23:41:48,34.3,TASK_FRAUD,61908.77,UPI,BANK_ICIC_SYNTH,RURAL_REGIONAL,ZONE_WEST,23,4,REGISTERED
CMP-2026-02792,2026-04-28 10:49:46,2026-04-28 11:13:04,23.3,INVESTMENT_FRAUD,153446.32,UPI,BANK_SBI_SYNTH,RURAL_REGIONAL,ZONE_SOUTH,10,1,REGISTERED
CMP-2026-02793,2026-06-15 07:36:12,2026-06-15 08:00:24,24.2,PHISHING_UPI,16233.59,IMPS,BANK_SBI_SYNTH,STANDARD,ZONE_WEST,7,0,REGISTERED
CMP-2026-02794,2026-06-12 18:48:42,2026-06-12 19:22:24,33.7,INVESTMENT_FRAUD,64980.9,UPI,BANK_AXIS_SYNTH,STANDARD,ZONE_CENTRAL,18,4,REGISTERED
CMP-2026-02795,2026-07-03 12:08:49,2026-07-03 12:33:25,24.6,INVESTMENT_FRAUD,173345.87,UPI,BANK_HDFC_SYNTH,STANDARD,ZONE_CENTRAL,12,4,REGISTERED
CMP-2026-02796,2026-08-20 14:23:57,2026-08-20 14:52:45,28.8,INVESTMENT_FRAUD,60182.52,UPI,BANK_ICIC_SYNTH,NEW_DIGITAL,ZONE_NORTH,14,3,REGISTERED
CMP-2026-02797,2026-05-24 09:29:23,2026-05-24 10:16:05,46.7,INVESTMENT_FRAUD,82790.18,IMPS,BANK_HDFC_SYNTH,NEW_DIGITAL,ZONE_CENTRAL,9,6,REGISTERED
CMP-2026-02798,2026-04-15 18:47:59,2026-04-15 19:07:35,19.6,EXTORTION,11296.52,IMPS,BANK_SBI_SYNTH,NEW_DIGITAL,ZONE_EAST,18,2,REGISTERED
CMP-2026-02799,2026-05-16 11:51:31,2026-05-16 12:26:19,34.8,INVESTMENT_FRAUD,153872.65,IMPS,BANK_ICIC_SYNTH,RURAL_REGIONAL,ZONE_WEST,11,5,REGISTERED
CMP-2026-02800,2026-08-12 17:32:23,2026-08-12 18:18:53,46.5,PHISHING_UPI,46770.9,NEFT,BANK_SBI_SYNTH,STANDARD,ZONE_SOUTH,17,2,REGISTERED
CMP-2026-02801,2026-08-20 11:55:51,2026-08-20 12:39:03,43.2,INVESTMENT_FRAUD,36332.06,IMPS,BANK_PNB_SYNTH,RURAL_REGIONAL,ZONE_CENTRAL,11,3,REGISTERED
CMP-2026-02802,2026-04-20 11:21:40,2026-04-20 12:31:16,69.6,INVESTMENT_FRAUD,118060.53,IMPS,BANK_HDFC_SYNTH,STANDARD,ZONE_SOUTH,11,0,REGISTERED
CMP-2026-02803,2026-06-10 13:35:49,2026-06-10 14:06:43,30.9,INVESTMENT_FRAUD,121945.3,IMPS,BANK_HDFC_SYNTH,STANDARD,ZONE_SOUTH,13,2,REGISTERED
CMP-2026-02804,2026-07-31 17:05:36,2026-07-31 17:27:42,22.1,EXTORTION,40442.82,UPI,BANK_PNB_SYNTH,RURAL_REGIONAL,ZONE_NORTH,17,4,REGISTERED
CMP-2026-02805,2026-06-18 13:12:48,2026-06-18 13:37:06,24.3,PHISHING_UPI,22742.25,UPI,BANK_ICIC_SYNTH,STANDARD,ZONE_EAST,13,3,REGISTERED
CMP-2026-02806,2026-07-26 22:29:28,2026-07-26 23:02:04,32.6,INVESTMENT_FRAUD,112345.53,IMPS,BANK_HDFC_SYNTH,STANDARD,ZONE_SOUTH,22,6,REGISTERED
CMP-2026-02807,2026-08-26 18:09:41,2026-08-26 18:50:29,40.8,TASK_FRAUD,62556.04,NEFT,BANK_SBI_SYNTH,NEW_DIGITAL,ZONE_NORTH,18,2,REGISTERED
CMP-2026-02808,2026-05-01 15:33:49,2026-05-01 16:09:31,35.7,EXTORTION,42283.44,UPI,BANK_SBI_SYNTH,STANDARD,ZONE_NORTH,15,4,REGISTERED
CMP-2026-02809,2026-08-08 12:25:36,2026-08-08 12:59:48,34.2,TASK_FRAUD,84478.7,UPI,BANK_SBI_SYNTH,NEW_DIGITAL,ZONE_WEST,12,5,REGISTERED
CMP-2026-02810,2026-03-04 10:14:20,2026-03-04 10:33:08,18.8,PHISHING_UPI,45357.76,UPI,BANK_ICIC_SYNTH,NEW_DIGITAL,ZONE_NORTH,10,2,REGISTERED
CMP-2026-02811,2026-08-02 11:37:43,2026-08-02 12:06:01,28.3,TASK_FRAUD,78844.27,NEFT,BANK_HDFC_SYNTH,STANDARD,ZONE_EAST,11,6,REGISTERED
CMP-2026-02812,2026-04-06 11:52:36,2026-04-06 12:54:48,62.2,LOAN_SCAM,19343.44,NEFT,BANK_PNB_SYNTH,STANDARD,ZONE_SOUTH,11,0,REGISTERED
CMP-2026-02813,2026-08-08 18:45:55,2026-08-08 20:34:25,108.5,LOAN_SCAM,10651.07,UPI,BANK_AXIS_SYNTH,STANDARD,ZONE_EAST,18,5,REGISTERED
CMP-2026-02814,2026-07-18 19:13:19,2026-07-18 19:48:25,35.1,PHISHING_UPI,24091.17,IMPS,BANK_PNB_SYNTH,NEW_DIGITAL,ZONE_NORTH,19,5,REGISTERED
CMP-2026-02815,2026-08-18 08:02:49,2026-08-18 08:24:55,22.1,INVESTMENT_FRAUD,59483.58,UPI,BANK_SBI_SYNTH,STANDARD,ZONE_NORTH,8,1,REGISTERED
CMP-2026-02816,2026-08-19 10:20:55,2026-08-19 11:20:13,59.3,TASK_FRAUD,26092.27,IMPS,BANK_SBI_SYNTH,RURAL_REGIONAL,ZONE_NORTH,10,2,REGISTERED
CMP-2026-02817,2026-06-27 23:12:19,2026-06-28 00:28:13,75.9,INVESTMENT_FRAUD,172871.97,UPI,BANK_SBI_SYNTH,STANDARD,ZONE_WEST,23,5,REGISTERED
CMP-2026-02818,2026-04-11 14:58:13,2026-04-11 15:35:31,37.3,PHISHING_UPI,58898.94,UPI,BANK_AXIS_SYNTH,STANDARD,ZONE_NORTH,14,5,REGISTERED
CMP-2026-02819,2026-03-25 07:57:28,2026-03-25 08:34:52,37.4,PHISHING_UPI,6050.61,UPI,BANK_SBI_SYNTH,RURAL_REGIONAL,ZONE_NORTH,7,2,REGISTERED
CMP-2026-02820,2026-03-05 14:55:47,2026-03-05 15:14:17,18.5,TASK_FRAUD,64902.45,NEFT,BANK_ICIC_SYNTH,STANDARD,ZONE_SOUTH,14,3,REGISTERED
CMP-2026-02821,2026-04-07 09:03:28,2026-04-07 10:09:34,66.1,TASK_FRAUD,64400.2,IMPS,BANK_SBI_SYNTH,NEW_DIGITAL,ZONE_WEST,9,1,REGISTERED
CMP-2026-02822,2026-04-07 18:24:37,2026-04-07 18:56:25,31.8,TASK_FRAUD,84737.29,UPI,BANK_HDFC_SYNTH,NEW_DIGITAL,ZONE_EAST,18,1,REGISTERED
CMP-2026-02823,2026-08-22 10:32:58,2026-08-22 10:57:16,24.3,PHISHING_UPI,27267.61,UPI,BANK_PNB_SYNTH,NEW_DIGITAL,ZONE_SOUTH,10,5,REGISTERED
CMP-2026-02824,2026-03-30 10:13:07,2026-03-30 10:46:37,33.5,PHISHING_UPI,24132.69,NEFT,BANK_PNB_SYNTH,NEW_DIGITAL,ZONE_SOUTH,10,0,REGISTERED
CMP-2026-02825,2026-07-12 09:22:47,2026-07-12 11:00:47,98.0,INVESTMENT_FRAUD,44847.69,UPI,BANK_AXIS_SYNTH,RURAL_REGIONAL,ZONE_NORTH,9,6,REGISTERED
CMP-2026-02826,2026-05-14 11:13:05,2026-05-14 11:26:47,13.7,TASK_FRAUD,39963.03,UPI,BANK_HDFC_SYNTH,NEW_DIGITAL,ZONE_NORTH,11,3,REGISTERED
CMP-2026-02827,2026-05-26 12:32:07,2026-05-26 13:09:19,37.2,EXTORTION,11051.6,UPI,BANK_HDFC_SYNTH,RURAL_REGIONAL,ZONE_WEST,12,1,REGISTERED
CMP-2026-02828,2026-03-03 11:24:51,2026-03-03 11:57:21,32.5,INVESTMENT_FRAUD,118015.69,IMPS,BANK_SBI_SYNTH,RURAL_REGIONAL,ZONE_EAST,11,1,REGISTERED
CMP-2026-02829,2026-05-03 18:19:53,2026-05-03 18:40:41,20.8,TASK_FRAUD,23651.39,IMPS,BANK_HDFC_SYNTH,RURAL_REGIONAL,ZONE_NORTH,18,6,REGISTERED
CMP-2026-02830,2026-07-05 12:41:41,2026-07-05 13:34:47,53.1,TASK_FRAUD,83027.54,UPI,BANK_HDFC_SYNTH,NEW_DIGITAL,ZONE_EAST,12,6,REGISTERED
CMP-2026-02831,2026-03-03 23:17:46,2026-03-03 23:56:40,38.9,PHISHING_UPI,23606.36,NEFT,BANK_SBI_SYNTH,STANDARD,ZONE_WEST,23,1,REGISTERED
CMP-2026-02832,2026-07-31 16:11:36,2026-07-31 16:34:42,23.1,PHISHING_UPI,16498.81,UPI,BANK_SBI_SYNTH,NEW_DIGITAL,ZONE_EAST,16,4,REGISTERED
CMP-2026-02833,2026-03-26 11:30:48,2026-03-26 12:10:00,39.2,TASK_FRAUD,59415.65,UPI,BANK_HDFC_SYNTH,NEW_DIGITAL,ZONE_SOUTH,11,3,REGISTERED
CMP-2026-02834,2026-08-03 18:42:18,2026-08-03 19:02:24,20.1,PHISHING_UPI,39217.48,UPI,BANK_HDFC_SYNTH,NEW_DIGITAL,ZONE_WEST,18,0,REGISTERED
CMP-2026-02835,2026-05-15 08:11:59,2026-05-15 09:04:29,52.5,LOAN_SCAM,28106.27,IMPS,BANK_AXIS_SYNTH,NEW_DIGITAL,ZONE_SOUTH,8,4,REGISTERED
CMP-2026-02836,2026-07-24 15:11:23,2026-07-24 15:26:41,15.3,TASK_FRAUD,47636.0,UPI,BANK_HDFC_SYNTH,RURAL_REGIONAL,ZONE_EAST,15,4,REGISTERED
CMP-2026-02837,2026-03-20 18:10:01,2026-03-20 18:36:01,26.0,TASK_FRAUD,79690.91,UPI,BANK_PNB_SYNTH,NEW_DIGITAL,ZONE_NORTH,18,4,REGISTERED
CMP-2026-02838,2026-05-12 17:23:58,2026-05-12 17:50:22,26.4,PHISHING_UPI,36902.68,NEFT,BANK_SBI_SYNTH,NEW_DIGITAL,ZONE_SOUTH,17,1,REGISTERED
CMP-2026-02839,2026-06-20 07:01:50,2026-06-20 07:37:08,35.3,INVESTMENT_FRAUD,193407.4,UPI,BANK_SBI_SYNTH,NEW_DIGITAL,ZONE_SOUTH,7,5,REGISTERED
CMP-2026-02840,2026-08-07 19:02:47,2026-08-07 19:40:11,37.4,TASK_FRAUD,33197.97,UPI,BANK_PNB_SYNTH,STANDARD,ZONE_CENTRAL,19,4,REGISTERED
CMP-2026-02841,2026-08-12 16:02:34,2026-08-12 16:33:40,31.1,PHISHING_UPI,56443.94,NEFT,BANK_HDFC_SYNTH,NEW_DIGITAL,ZONE_CENTRAL,16,2,REGISTERED
CMP-2026-02842,2026-03-03 20:57:14,2026-03-03 21:25:44,28.5,PHISHING_UPI,43236.64,UPI,BANK_SBI_SYNTH,STANDARD,ZONE_WEST,20,1,REGISTERED
CMP-2026-02843,2026-03-21 14:30:29,2026-03-21 15:46:23,75.9,INVESTMENT_FRAUD,94630.78,NEFT,BANK_AXIS_SYNTH,NEW_DIGITAL,ZONE_CENTRAL,14,5,REGISTERED
CMP-2026-02844,2026-08-02 16:34:28,2026-08-02 16:46:28,12.0,PHISHING_UPI,39653.27,IMPS,BANK_ICIC_SYNTH,NEW_DIGITAL,ZONE_SOUTH,16,6,REGISTERED
CMP-2026-02845,2026-04-26 16:30:57,2026-04-26 17:02:27,31.5,TASK_FRAUD,83287.27,UPI,BANK_ICIC_SYNTH,STANDARD,ZONE_EAST,16,6,REGISTERED
CMP-2026-02846,2026-03-24 12:42:34,2026-03-24 13:10:22,27.8,INVESTMENT_FRAUD,38552.88,UPI,BANK_AXIS_SYNTH,NEW_DIGITAL,ZONE_SOUTH,12,1,REGISTERED
CMP-2026-02847,2026-05-26 10:47:53,2026-05-26 11:03:11,15.3,TASK_FRAUD,53816.56,IMPS,BANK_ICIC_SYNTH,NEW_DIGITAL,ZONE_EAST,10,1,REGISTERED
CMP-2026-02848,2026-04-05 14:14:32,2026-04-05 14:32:08,17.6,PHISHING_UPI,20284.76,UPI,BANK_ICIC_SYNTH,STANDARD,ZONE_SOUTH,14,6,REGISTERED
CMP-2026-02849,2026-04-10 08:05:47,2026-04-10 08:30:05,24.3,PHISHING_UPI,24698.97,UPI,BANK_HDFC_SYNTH,STANDARD,ZONE_NORTH,8,4,REGISTERED
CMP-2026-02850,2026-04-20 14:39:06,2026-04-20 14:51:06,12.0,EXTORTION,43542.35,IMPS,BANK_SBI_SYNTH,STANDARD,ZONE_EAST,14,0,REGISTERED
CMP-2026-02851,2026-06-27 15:21:45,2026-06-27 16:01:51,40.1,INVESTMENT_FRAUD,164388.16,NEFT,BANK_ICIC_SYNTH,NEW_DIGITAL,ZONE_WEST,15,5,REGISTERED
CMP-2026-02852,2026-06-29 07:33:33,2026-06-29 07:55:15,21.7,TASK_FRAUD,46463.82,UPI,BANK_HDFC_SYNTH,RURAL_REGIONAL,ZONE_NORTH,7,0,REGISTERED
CMP-2026-02853,2026-03-24 09:27:23,2026-03-24 09:58:35,31.2,TASK_FRAUD,30619.09,UPI,BANK_SBI_SYNTH,NEW_DIGITAL,ZONE_EAST,9,1,REGISTERED
CMP-2026-02854,2026-07-13 17:51:24,2026-07-13 18:26:12,34.8,PHISHING_UPI,33200.96,UPI,BANK_PNB_SYNTH,STANDARD,ZONE_WEST,17,0,REGISTERED
CMP-2026-02855,2026-08-24 13:00:09,2026-08-24 15:43:51,163.7,INVESTMENT_FRAUD,157636.56,UPI,BANK_HDFC_SYNTH,RURAL_REGIONAL,ZONE_WEST,13,0,REGISTERED
CMP-2026-02856,2026-03-30 10:20:00,2026-03-30 11:19:06,59.1,TASK_FRAUD,45863.37,UPI,BANK_PNB_SYNTH,NEW_DIGITAL,ZONE_CENTRAL,10,0,REGISTERED
CMP-2026-02857,2026-08-02 15:12:40,2026-08-02 18:10:46,178.1,EXTORTION,20679.45,UPI,BANK_HDFC_SYNTH,STANDARD,ZONE_SOUTH,15,6,REGISTERED
CMP-2026-02858,2026-08-22 18:25:28,2026-08-22 19:24:10,58.7,EXTORTION,14018.54,IMPS,BANK_SBI_SYNTH,STANDARD,ZONE_NORTH,18,5,REGISTERED
CMP-2026-02859,2026-05-21 15:16:34,2026-05-21 16:24:58,68.4,INVESTMENT_FRAUD,81135.03,IMPS,BANK_SBI_SYNTH,RURAL_REGIONAL,ZONE_SOUTH,15,3,REGISTERED
CMP-2026-02860,2026-06-01 20:21:21,2026-06-01 20:39:03,17.7,TASK_FRAUD,72986.44,NEFT,BANK_HDFC_SYNTH,NEW_DIGITAL,ZONE_WEST,20,0,REGISTERED
CMP-2026-02861,2026-04-03 08:21:51,2026-04-03 09:00:45,38.9,LOAN_SCAM,17626.44,UPI,BANK_ICIC_SYNTH,NEW_DIGITAL,ZONE_WEST,8,4,REGISTERED
CMP-2026-02862,2026-07-17 08:29:42,2026-07-17 08:52:36,22.9,LOAN_SCAM,7953.67,IMPS,BANK_SBI_SYNTH,RURAL_REGIONAL,ZONE_EAST,8,4,REGISTERED
CMP-2026-02863,2026-04-17 07:50:23,2026-04-17 08:22:47,32.4,TASK_FRAUD,81003.28,IMPS,BANK_HDFC_SYNTH,STANDARD,ZONE_SOUTH,7,4,REGISTERED
CMP-2026-02864,2026-03-23 18:14:29,2026-03-23 18:27:05,12.6,PHISHING_UPI,33068.48,IMPS,BANK_ICIC_SYNTH,NEW_DIGITAL,ZONE_NORTH,18,0,REGISTERED
CMP-2026-02865,2026-03-22 07:45:18,2026-03-22 08:34:54,49.6,PHISHING_UPI,25814.7,UPI,BANK_PNB_SYNTH,RURAL_REGIONAL,ZONE_WEST,7,6,REGISTERED
CMP-2026-02866,2026-05-18 21:05:55,2026-05-18 21:33:43,27.8,TASK_FRAUD,89712.3,NEFT,BANK_ICIC_SYNTH,STANDARD,ZONE_WEST,21,0,REGISTERED
CMP-2026-02867,2026-04-02 12:52:56,2026-04-02 13:06:32,13.6,PHISHING_UPI,15185.09,NEFT,BANK_HDFC_SYNTH,RURAL_REGIONAL,ZONE_WEST,12,3,REGISTERED
CMP-2026-02868,2026-04-05 12:53:43,2026-04-05 13:30:01,36.3,EXTORTION,49878.04,IMPS,BANK_HDFC_SYNTH,STANDARD,ZONE_WEST,12,6,REGISTERED
CMP-2026-02869,2026-04-05 12:47:22,2026-04-05 13:45:28,58.1,INVESTMENT_FRAUD,180810.49,IMPS,BANK_HDFC_SYNTH,STANDARD,ZONE_EAST,12,6,REGISTERED
CMP-2026-02870,2026-06-10 11:33:33,2026-06-10 12:22:45,49.2,INVESTMENT_FRAUD,166318.94,IMPS,BANK_AXIS_SYNTH,STANDARD,ZONE_SOUTH,11,2,REGISTERED
CMP-2026-02871,2026-06-06 18:44:33,2026-06-06 19:36:33,52.0,TASK_FRAUD,35905.66,UPI,BANK_PNB_SYNTH,STANDARD,ZONE_SOUTH,18,5,REGISTERED
CMP-2026-02872,2026-03-19 19:10:40,2026-03-19 19:30:34,19.9,INVESTMENT_FRAUD,148912.68,IMPS,BANK_SBI_SYNTH,STANDARD,ZONE_CENTRAL,19,3,REGISTERED
CMP-2026-02873,2026-07-14 16:09:34,2026-07-14 16:47:40,38.1,TASK_FRAUD,91773.64,IMPS,BANK_HDFC_SYNTH,STANDARD,ZONE_CENTRAL,16,1,REGISTERED
CMP-2026-02874,2026-06-18 14:54:12,2026-06-18 15:15:42,21.5,PHISHING_UPI,23008.96,NEFT,BANK_SBI_SYNTH,NEW_DIGITAL,ZONE_CENTRAL,14,3,REGISTERED
CMP-2026-02875,2026-08-10 17:26:57,2026-08-10 20:44:21,197.4,INVESTMENT_FRAUD,56344.27,IMPS,BANK_SBI_SYNTH,RURAL_REGIONAL,ZONE_NORTH,17,0,REGISTERED
CMP-2026-02876,2026-03-25 10:19:00,2026-03-25 11:25:36,66.6,INVESTMENT_FRAUD,135050.65,IMPS,BANK_ICIC_SYNTH,NEW_DIGITAL,ZONE_NORTH,10,2,REGISTERED
CMP-2026-02877,2026-04-07 17:46:39,2026-04-07 17:58:39,12.0,PHISHING_UPI,49210.62,UPI,BANK_SBI_SYNTH,RURAL_REGIONAL,ZONE_CENTRAL,17,1,REGISTERED
CMP-2026-02878,2026-03-11 13:26:08,2026-03-11 14:44:02,77.9,EXTORTION,18550.12,NEFT,BANK_SBI_SYNTH,RURAL_REGIONAL,ZONE_WEST,13,2,REGISTERED
CMP-2026-02879,2026-07-24 23:15:25,2026-07-24 23:56:19,40.9,EXTORTION,41367.87,UPI,BANK_SBI_SYNTH,RURAL_REGIONAL,ZONE_CENTRAL,23,4,REGISTERED
CMP-2026-02880,2026-05-10 23:12:15,2026-05-11 00:19:33,67.3,PHISHING_UPI,46303.39,UPI,BANK_SBI_SYNTH,NEW_DIGITAL,ZONE_NORTH,23,6,REGISTERED
CMP-2026-02881,2026-03-13 14:17:08,2026-03-13 14:55:44,38.6,LOAN_SCAM,16577.57,IMPS,BANK_HDFC_SYNTH,NEW_DIGITAL,ZONE_CENTRAL,14,4,REGISTERED
CMP-2026-02882,2026-03-23 18:47:37,2026-03-23 19:39:07,51.5,TASK_FRAUD,56653.8,UPI,BANK_PNB_SYNTH,NEW_DIGITAL,ZONE_CENTRAL,18,0,REGISTERED
CMP-2026-02883,2026-03-28 14:28:09,2026-03-28 15:02:21,34.2,TASK_FRAUD,80318.67,UPI,BANK_PNB_SYNTH,STANDARD,ZONE_NORTH,14,5,REGISTERED
CMP-2026-02884,2026-03-22 18:19:33,2026-03-22 18:31:33,12.0,EXTORTION,46140.0,NEFT,BANK_PNB_SYNTH,STANDARD,ZONE_SOUTH,18,6,REGISTERED
CMP-2026-02885,2026-05-18 13:52:07,2026-05-18 14:22:13,30.1,PHISHING_UPI,24444.08,IMPS,BANK_SBI_SYNTH,NEW_DIGITAL,ZONE_EAST,13,0,REGISTERED
CMP-2026-02886,2026-08-06 10:48:58,2026-08-06 11:11:04,22.1,TASK_FRAUD,26978.54,IMPS,BANK_PNB_SYNTH,STANDARD,ZONE_WEST,10,3,REGISTERED
CMP-2026-02887,2026-08-18 06:02:24,2026-08-18 06:26:42,24.3,PHISHING_UPI,56043.32,UPI,BANK_AXIS_SYNTH,RURAL_REGIONAL,ZONE_WEST,6,1,REGISTERED
CMP-2026-02888,2026-04-15 17:40:29,2026-04-15 17:54:41,14.2,PHISHING_UPI,30140.66,UPI,BANK_SBI_SYNTH,NEW_DIGITAL,ZONE_SOUTH,17,2,REGISTERED
CMP-2026-02889,2026-08-05 11:44:55,2026-08-05 12:01:43,16.8,TASK_FRAUD,29430.89,UPI,BANK_SBI_SYNTH,NEW_DIGITAL,ZONE_NORTH,11,2,REGISTERED
CMP-2026-02890,2026-04-10 05:06:05,2026-04-10 05:51:29,45.4,INVESTMENT_FRAUD,87954.57,UPI,BANK_SBI_SYNTH,NEW_DIGITAL,ZONE_EAST,5,4,REGISTERED
CMP-2026-02891,2026-06-17 14:38:55,2026-06-17 15:14:25,35.5,INVESTMENT_FRAUD,52222.19,IMPS,BANK_SBI_SYNTH,NEW_DIGITAL,ZONE_WEST,14,2,REGISTERED
CMP-2026-02892,2026-07-29 17:27:26,2026-07-29 17:46:32,19.1,PHISHING_UPI,50759.71,UPI,BANK_SBI_SYNTH,RURAL_REGIONAL,ZONE_CENTRAL,17,2,REGISTERED
CMP-2026-02893,2026-04-20 13:46:46,2026-04-20 14:00:10,13.4,PHISHING_UPI,30598.34,IMPS,BANK_SBI_SYNTH,STANDARD,ZONE_SOUTH,13,0,REGISTERED
CMP-2026-02894,2026-04-29 20:42:53,2026-04-29 21:03:35,20.7,INVESTMENT_FRAUD,99995.53,NEFT,BANK_SBI_SYNTH,STANDARD,ZONE_SOUTH,20,2,REGISTERED
CMP-2026-02895,2026-03-19 10:51:31,2026-03-19 12:53:31,122.0,INVESTMENT_FRAUD,145170.79,IMPS,BANK_ICIC_SYNTH,NEW_DIGITAL,ZONE_SOUTH,10,3,REGISTERED
CMP-2026-02896,2026-04-09 12:27:42,2026-04-09 13:07:30,39.8,INVESTMENT_FRAUD,143306.14,UPI,BANK_ICIC_SYNTH,STANDARD,ZONE_NORTH,12,3,REGISTERED
CMP-2026-02897,2026-06-09 14:53:36,2026-06-09 15:20:48,27.2,EXTORTION,17495.51,UPI,BANK_PNB_SYNTH,STANDARD,ZONE_SOUTH,14,1,REGISTERED
CMP-2026-02898,2026-03-08 14:06:37,2026-03-08 14:25:43,19.1,PHISHING_UPI,55656.2,IMPS,BANK_HDFC_SYNTH,RURAL_REGIONAL,ZONE_SOUTH,14,6,REGISTERED
CMP-2026-02899,2026-06-24 17:06:36,2026-06-24 17:36:30,29.9,PHISHING_UPI,6202.5,NEFT,BANK_SBI_SYNTH,STANDARD,ZONE_WEST,17,2,REGISTERED
CMP-2026-02900,2026-06-30 19:57:38,2026-06-30 20:31:56,34.3,INVESTMENT_FRAUD,82930.01,NEFT,BANK_SBI_SYNTH,NEW_DIGITAL,ZONE_EAST,19,1,REGISTERED
CMP-2026-02901,2026-03-08 11:41:50,2026-03-08 14:37:08,175.3,LOAN_SCAM,15729.64,IMPS,BANK_ICIC_SYNTH,RURAL_REGIONAL,ZONE_CENTRAL,11,6,REGISTERED
CMP-2026-02902,2026-06-12 17:33:02,2026-06-12 18:00:26,27.4,PHISHING_UPI,39575.24,UPI,BANK_HDFC_SYNTH,NEW_DIGITAL,ZONE_CENTRAL,17,4,REGISTERED
CMP-2026-02903,2026-07-25 14:40:47,2026-07-25 14:52:47,12.0,PHISHING_UPI,22977.97,UPI,BANK_HDFC_SYNTH,STANDARD,ZONE_WEST,14,5,REGISTERED
CMP-2026-02904,2026-04-08 17:11:01,2026-04-08 17:54:31,43.5,INVESTMENT_FRAUD,131996.31,IMPS,BANK_PNB_SYNTH,NEW_DIGITAL,ZONE_SOUTH,17,2,REGISTERED
CMP-2026-02905,2026-08-13 18:51:01,2026-08-13 19:12:31,21.5,PHISHING_UPI,12387.18,UPI,BANK_SBI_SYNTH,NEW_DIGITAL,ZONE_NORTH,18,3,REGISTERED
CMP-2026-02906,2026-05-04 23:43:22,2026-05-04 23:57:22,14.0,PHISHING_UPI,31155.73,UPI,BANK_ICIC_SYNTH,NEW_DIGITAL,ZONE_SOUTH,23,0,REGISTERED
CMP-2026-02907,2026-04-19 16:50:03,2026-04-19 18:13:03,83.0,LOAN_SCAM,16861.27,NEFT,BANK_SBI_SYNTH,NEW_DIGITAL,ZONE_NORTH,16,6,REGISTERED
CMP-2026-02908,2026-03-29 14:35:49,2026-03-29 16:06:31,90.7,EXTORTION,26506.1,IMPS,BANK_ICIC_SYNTH,STANDARD,ZONE_SOUTH,14,6,REGISTERED
CMP-2026-02909,2026-06-25 16:47:25,2026-06-25 17:33:55,46.5,INVESTMENT_FRAUD,155116.09,IMPS,BANK_SBI_SYNTH,STANDARD,ZONE_WEST,16,3,REGISTERED
CMP-2026-02910,2026-07-31 12:54:05,2026-07-31 13:30:41,36.6,TASK_FRAUD,44988.99,IMPS,BANK_HDFC_SYNTH,NEW_DIGITAL,ZONE_CENTRAL,12,4,REGISTERED
CMP-2026-02911,2026-04-26 19:19:06,2026-04-26 19:36:12,17.1,TASK_FRAUD,56082.05,UPI,BANK_ICIC_SYNTH,RURAL_REGIONAL,ZONE_EAST,19,6,REGISTERED
CMP-2026-02912,2026-03-17 15:25:20,2026-03-17 15:54:44,29.4,TASK_FRAUD,95031.64,NEFT,BANK_AXIS_SYNTH,RURAL_REGIONAL,ZONE_WEST,15,1,REGISTERED
CMP-2026-02913,2026-04-06 18:54:45,2026-04-06 19:36:33,41.8,TASK_FRAUD,34980.03,UPI,BANK_SBI_SYNTH,STANDARD,ZONE_SOUTH,18,0,REGISTERED
CMP-2026-02914,2026-07-24 22:57:23,2026-07-24 23:32:59,35.6,PHISHING_UPI,32666.22,UPI,BANK_HDFC_SYNTH,NEW_DIGITAL,ZONE_EAST,22,4,REGISTERED
CMP-2026-02915,2026-04-28 16:07:12,2026-04-28 18:03:18,116.1,LOAN_SCAM,21190.34,UPI,BANK_ICIC_SYNTH,NEW_DIGITAL,ZONE_SOUTH,16,1,REGISTERED
CMP-2026-02916,2026-07-15 14:34:11,2026-07-15 15:57:41,83.5,LOAN_SCAM,14541.47,NEFT,BANK_PNB_SYNTH,RURAL_REGIONAL,ZONE_WEST,14,2,REGISTERED
CMP-2026-02917,2026-03-17 16:38:58,2026-03-17 18:00:10,81.2,TASK_FRAUD,77539.21,UPI,BANK_ICIC_SYNTH,NEW_DIGITAL,ZONE_CENTRAL,16,1,REGISTERED
CMP-2026-02918,2026-05-12 22:16:09,2026-05-12 22:42:15,26.1,EXTORTION,23976.62,UPI,BANK_ICIC_SYNTH,NEW_DIGITAL,ZONE_EAST,22,1,REGISTERED
CMP-2026-02919,2026-05-11 17:58:24,2026-05-11 18:44:18,45.9,INVESTMENT_FRAUD,129602.03,NEFT,BANK_PNB_SYNTH,RURAL_REGIONAL,ZONE_WEST,17,0,REGISTERED
CMP-2026-02920,2026-08-22 08:20:14,2026-08-22 09:45:20,85.1,INVESTMENT_FRAUD,136443.87,UPI,BANK_SBI_SYNTH,NEW_DIGITAL,ZONE_EAST,8,5,REGISTERED
CMP-2026-02921,2026-04-14 08:09:42,2026-04-14 10:10:00,120.3,INVESTMENT_FRAUD,93668.78,IMPS,BANK_ICIC_SYNTH,NEW_DIGITAL,ZONE_EAST,8,1,REGISTERED
CMP-2026-02922,2026-03-05 20:14:53,2026-03-05 21:01:05,46.2,LOAN_SCAM,35816.82,UPI,BANK_HDFC_SYNTH,STANDARD,ZONE_WEST,20,3,REGISTERED
CMP-2026-02923,2026-04-14 14:14:28,2026-04-14 15:14:52,60.4,INVESTMENT_FRAUD,36877.38,IMPS,BANK_HDFC_SYNTH,NEW_DIGITAL,ZONE_EAST,14,1,REGISTERED
CMP-2026-02924,2026-03-27 11:18:15,2026-03-27 11:30:15,12.0,PHISHING_UPI,33554.22,UPI,BANK_SBI_SYNTH,NEW_DIGITAL,ZONE_EAST,11,4,REGISTERED
CMP-2026-02925,2026-08-02 22:30:53,2026-08-02 22:50:17,19.4,INVESTMENT_FRAUD,70613.91,UPI,BANK_SBI_SYNTH,STANDARD,ZONE_WEST,22,6,REGISTERED
CMP-2026-02926,2026-07-31 16:37:25,2026-07-31 17:17:43,40.3,INVESTMENT_FRAUD,153935.88,UPI,BANK_PNB_SYNTH,STANDARD,ZONE_CENTRAL,16,4,REGISTERED
CMP-2026-02927,2026-07-13 10:45:50,2026-07-13 15:43:56,298.1,INVESTMENT_FRAUD,114615.21,UPI,BANK_ICIC_SYNTH,RURAL_REGIONAL,ZONE_NORTH,10,0,REGISTERED
CMP-2026-02928,2026-07-23 11:16:27,2026-07-23 11:32:21,15.9,PHISHING_UPI,31845.81,UPI,BANK_ICIC_SYNTH,STANDARD,ZONE_SOUTH,11,3,REGISTERED
CMP-2026-02929,2026-05-04 11:44:08,2026-05-04 12:30:14,46.1,INVESTMENT_FRAUD,189066.48,UPI,BANK_SBI_SYNTH,NEW_DIGITAL,ZONE_SOUTH,11,0,REGISTERED
CMP-2026-02930,2026-07-22 05:37:08,2026-07-22 08:05:50,148.7,INVESTMENT_FRAUD,89411.72,IMPS,BANK_SBI_SYNTH,NEW_DIGITAL,ZONE_CENTRAL,5,2,REGISTERED
CMP-2026-02931,2026-06-05 16:06:51,2026-06-05 16:50:21,43.5,INVESTMENT_FRAUD,162426.22,UPI,BANK_HDFC_SYNTH,STANDARD,ZONE_NORTH,16,4,REGISTERED
CMP-2026-02932,2026-04-11 15:22:45,2026-04-11 15:48:39,25.9,EXTORTION,26598.15,UPI,BANK_PNB_SYNTH,NEW_DIGITAL,ZONE_CENTRAL,15,5,REGISTERED
CMP-2026-02933,2026-05-23 11:36:53,2026-05-23 11:52:35,15.7,PHISHING_UPI,33559.03,UPI,BANK_AXIS_SYNTH,NEW_DIGITAL,ZONE_SOUTH,11,5,REGISTERED
CMP-2026-02934,2026-05-29 12:27:04,2026-05-29 13:25:16,58.2,INVESTMENT_FRAUD,85595.88,UPI,BANK_AXIS_SYNTH,STANDARD,ZONE_WEST,12,4,REGISTERED
CMP-2026-02935,2026-03-31 13:35:28,2026-03-31 14:30:40,55.2,PHISHING_UPI,58990.6,UPI,BANK_SBI_SYNTH,NEW_DIGITAL,ZONE_CENTRAL,13,1,REGISTERED
CMP-2026-02936,2026-08-09 16:30:55,2026-08-09 16:57:19,26.4,TASK_FRAUD,64518.58,UPI,BANK_PNB_SYNTH,STANDARD,ZONE_EAST,16,6,REGISTERED
CMP-2026-02937,2026-07-01 08:04:46,2026-07-01 08:51:34,46.8,TASK_FRAUD,60575.59,UPI,BANK_ICIC_SYNTH,STANDARD,ZONE_CENTRAL,8,2,REGISTERED
CMP-2026-02938,2026-08-18 18:46:01,2026-08-18 19:11:37,25.6,INVESTMENT_FRAUD,37784.77,UPI,BANK_HDFC_SYNTH,NEW_DIGITAL,ZONE_EAST,18,1,REGISTERED
CMP-2026-02939,2026-05-17 19:48:08,2026-05-17 20:00:50,12.7,PHISHING_UPI,45959.62,UPI,BANK_HDFC_SYNTH,NEW_DIGITAL,ZONE_NORTH,19,6,REGISTERED
CMP-2026-02940,2026-04-08 18:28:19,2026-04-08 18:49:25,21.1,EXTORTION,27178.63,UPI,BANK_SBI_SYNTH,NEW_DIGITAL,ZONE_WEST,18,2,REGISTERED
CMP-2026-02941,2026-04-29 19:36:51,2026-04-29 22:06:51,150.0,LOAN_SCAM,38123.76,NEFT,BANK_PNB_SYNTH,STANDARD,ZONE_SOUTH,19,2,REGISTERED
CMP-2026-02942,2026-08-18 22:09:49,2026-08-19 00:26:37,136.8,LOAN_SCAM,37545.33,IMPS,BANK_SBI_SYNTH,NEW_DIGITAL,ZONE_SOUTH,22,1,REGISTERED
CMP-2026-02943,2026-08-03 09:39:03,2026-08-03 10:14:39,35.6,PHISHING_UPI,8655.4,UPI,BANK_HDFC_SYNTH,STANDARD,ZONE_CENTRAL,9,0,REGISTERED
CMP-2026-02944,2026-06-14 17:49:04,2026-06-14 18:43:46,54.7,INVESTMENT_FRAUD,52703.01,IMPS,BANK_PNB_SYNTH,STANDARD,ZONE_NORTH,17,6,REGISTERED
CMP-2026-02945,2026-07-10 14:46:12,2026-07-10 15:04:06,17.9,PHISHING_UPI,32071.0,NEFT,BANK_AXIS_SYNTH,STANDARD,ZONE_CENTRAL,14,4,REGISTERED
CMP-2026-02946,2026-03-06 20:59:31,2026-03-06 22:04:37,65.1,INVESTMENT_FRAUD,88824.42,UPI,BANK_AXIS_SYNTH,STANDARD,ZONE_SOUTH,20,4,REGISTERED
CMP-2026-02947,2026-03-17 21:25:36,2026-03-17 21:54:36,29.0,PHISHING_UPI,35372.49,UPI,BANK_SBI_SYNTH,NEW_DIGITAL,ZONE_NORTH,21,1,REGISTERED
CMP-2026-02948,2026-07-23 09:24:44,2026-07-23 10:17:20,52.6,INVESTMENT_FRAUD,117862.49,IMPS,BANK_ICIC_SYNTH,NEW_DIGITAL,ZONE_EAST,9,3,REGISTERED
CMP-2026-02949,2026-04-02 18:19:22,2026-04-02 19:01:58,42.6,TASK_FRAUD,45891.01,UPI,BANK_HDFC_SYNTH,STANDARD,ZONE_CENTRAL,18,3,REGISTERED
CMP-2026-02950,2026-08-06 14:31:05,2026-08-06 15:09:11,38.1,PHISHING_UPI,44237.44,IMPS,BANK_SBI_SYNTH,NEW_DIGITAL,ZONE_NORTH,14,3,REGISTERED
CMP-2026-02951,2026-05-03 05:41:40,2026-05-03 05:54:34,12.9,PHISHING_UPI,23754.02,IMPS,BANK_HDFC_SYNTH,NEW_DIGITAL,ZONE_EAST,5,6,REGISTERED
CMP-2026-02952,2026-07-14 10:33:16,2026-07-14 10:46:34,13.3,PHISHING_UPI,6869.51,IMPS,BANK_PNB_SYNTH,NEW_DIGITAL,ZONE_EAST,10,1,REGISTERED
CMP-2026-02953,2026-03-11 08:23:06,2026-03-11 09:13:18,50.2,PHISHING_UPI,39877.81,UPI,BANK_HDFC_SYNTH,STANDARD,ZONE_CENTRAL,8,2,REGISTERED
CMP-2026-02954,2026-03-01 05:24:19,2026-03-01 05:56:13,31.9,TASK_FRAUD,50102.89,IMPS,BANK_SBI_SYNTH,STANDARD,ZONE_SOUTH,5,6,REGISTERED
CMP-2026-02955,2026-08-02 14:11:12,2026-08-02 15:06:54,55.7,INVESTMENT_FRAUD,115043.77,UPI,BANK_SBI_SYNTH,RURAL_REGIONAL,ZONE_WEST,14,6,REGISTERED
CMP-2026-02956,2026-04-02 22:13:22,2026-04-02 22:50:22,37.0,LOAN_SCAM,27670.06,UPI,BANK_SBI_SYNTH,RURAL_REGIONAL,ZONE_EAST,22,3,REGISTERED
CMP-2026-02957,2026-06-16 08:36:11,2026-06-16 08:54:23,18.2,PHISHING_UPI,13142.11,UPI,BANK_SBI_SYNTH,STANDARD,ZONE_NORTH,8,1,REGISTERED
CMP-2026-02958,2026-07-06 20:56:49,2026-07-06 22:08:55,72.1,INVESTMENT_FRAUD,132776.46,UPI,BANK_HDFC_SYNTH,RURAL_REGIONAL,ZONE_EAST,20,0,REGISTERED
CMP-2026-02959,2026-07-25 15:28:01,2026-07-25 15:46:25,18.4,EXTORTION,13762.6,UPI,BANK_PNB_SYNTH,STANDARD,ZONE_NORTH,15,5,REGISTERED
CMP-2026-02960,2026-04-26 23:18:06,2026-04-26 23:33:48,15.7,PHISHING_UPI,45270.53,NEFT,BANK_HDFC_SYNTH,STANDARD,ZONE_SOUTH,23,6,REGISTERED
CMP-2026-02961,2026-03-31 18:06:31,2026-03-31 18:26:31,20.0,EXTORTION,29813.41,IMPS,BANK_PNB_SYNTH,NEW_DIGITAL,ZONE_NORTH,18,1,REGISTERED
CMP-2026-02962,2026-08-27 14:58:21,2026-08-27 15:22:45,24.4,INVESTMENT_FRAUD,112336.87,IMPS,BANK_AXIS_SYNTH,STANDARD,ZONE_SOUTH,14,3,REGISTERED
CMP-2026-02963,2026-08-15 14:35:53,2026-08-15 16:04:47,88.9,LOAN_SCAM,14658.54,UPI,BANK_PNB_SYNTH,RURAL_REGIONAL,ZONE_SOUTH,14,5,REGISTERED
CMP-2026-02964,2026-08-17 21:42:35,2026-08-17 22:22:11,39.6,LOAN_SCAM,23860.92,UPI,BANK_HDFC_SYNTH,NEW_DIGITAL,ZONE_EAST,21,0,REGISTERED
CMP-2026-02965,2026-04-13 12:52:31,2026-04-13 13:17:19,24.8,PHISHING_UPI,11443.58,IMPS,BANK_HDFC_SYNTH,RURAL_REGIONAL,ZONE_CENTRAL,12,0,REGISTERED
CMP-2026-02966,2026-03-11 13:58:30,2026-03-11 14:40:18,41.8,INVESTMENT_FRAUD,131410.03,IMPS,BANK_ICIC_SYNTH,NEW_DIGITAL,ZONE_NORTH,13,2,REGISTERED
CMP-2026-02967,2026-07-31 11:05:42,2026-07-31 11:28:54,23.2,TASK_FRAUD,36199.49,IMPS,BANK_HDFC_SYNTH,NEW_DIGITAL,ZONE_CENTRAL,11,4,REGISTERED
CMP-2026-02968,2026-06-24 17:18:20,2026-06-24 19:14:32,116.2,LOAN_SCAM,9872.66,UPI,BANK_SBI_SYNTH,NEW_DIGITAL,ZONE_EAST,17,2,REGISTERED
CMP-2026-02969,2026-04-22 13:40:27,2026-04-22 14:22:45,42.3,INVESTMENT_FRAUD,47991.07,NEFT,BANK_SBI_SYNTH,RURAL_REGIONAL,ZONE_NORTH,13,2,REGISTERED
CMP-2026-02970,2026-03-05 11:06:20,2026-03-05 12:06:38,60.3,TASK_FRAUD,32699.37,UPI,BANK_ICIC_SYNTH,NEW_DIGITAL,ZONE_NORTH,11,3,REGISTERED
CMP-2026-02971,2026-04-25 12:50:49,2026-04-25 13:56:01,65.2,EXTORTION,48125.31,IMPS,BANK_SBI_SYNTH,RURAL_REGIONAL,ZONE_CENTRAL,12,5,REGISTERED
CMP-2026-02972,2026-06-03 14:02:12,2026-06-03 15:30:54,88.7,EXTORTION,18504.26,IMPS,BANK_ICIC_SYNTH,NEW_DIGITAL,ZONE_NORTH,14,2,REGISTERED
CMP-2026-02973,2026-04-25 12:37:47,2026-04-25 13:06:05,28.3,LOAN_SCAM,31651.83,IMPS,BANK_SBI_SYNTH,NEW_DIGITAL,ZONE_CENTRAL,12,5,REGISTERED
CMP-2026-02974,2026-06-06 12:41:20,2026-06-06 13:09:50,28.5,PHISHING_UPI,10225.16,UPI,BANK_HDFC_SYNTH,NEW_DIGITAL,ZONE_EAST,12,5,REGISTERED
CMP-2026-02975,2026-03-09 08:19:24,2026-03-09 08:45:48,26.4,LOAN_SCAM,36440.32,UPI,BANK_PNB_SYNTH,NEW_DIGITAL,ZONE_WEST,8,0,REGISTERED
CMP-2026-02976,2026-07-27 12:43:55,2026-07-27 12:55:55,12.0,PHISHING_UPI,32901.51,NEFT,BANK_ICIC_SYNTH,RURAL_REGIONAL,ZONE_SOUTH,12,0,REGISTERED
CMP-2026-02977,2026-07-01 15:02:58,2026-07-01 15:31:04,28.1,INVESTMENT_FRAUD,148410.05,UPI,BANK_SBI_SYNTH,STANDARD,ZONE_NORTH,15,2,REGISTERED
CMP-2026-02978,2026-08-18 17:57:14,2026-08-18 18:17:44,20.5,TASK_FRAUD,45848.76,UPI,BANK_HDFC_SYNTH,NEW_DIGITAL,ZONE_CENTRAL,17,1,REGISTERED
CMP-2026-02979,2026-07-07 12:31:13,2026-07-07 13:01:49,30.6,PHISHING_UPI,15094.79,UPI,BANK_ICIC_SYNTH,NEW_DIGITAL,ZONE_CENTRAL,12,1,REGISTERED
CMP-2026-02980,2026-03-09 17:24:13,2026-03-09 18:49:55,85.7,LOAN_SCAM,24379.07,UPI,BANK_ICIC_SYNTH,NEW_DIGITAL,ZONE_NORTH,17,0,REGISTERED
CMP-2026-02981,2026-03-21 13:18:00,2026-03-21 14:05:00,47.0,PHISHING_UPI,44266.04,UPI,BANK_SBI_SYNTH,NEW_DIGITAL,ZONE_EAST,13,5,REGISTERED
CMP-2026-02982,2026-06-27 09:58:53,2026-06-27 10:40:05,41.2,TASK_FRAUD,89494.15,IMPS,BANK_SBI_SYNTH,STANDARD,ZONE_WEST,9,5,REGISTERED
CMP-2026-02983,2026-08-25 11:52:14,2026-08-25 12:04:14,12.0,PHISHING_UPI,42564.66,UPI,BANK_SBI_SYNTH,STANDARD,ZONE_SOUTH,11,1,REGISTERED
CMP-2026-02984,2026-03-26 17:15:39,2026-03-26 17:47:57,32.3,INVESTMENT_FRAUD,93318.68,UPI,BANK_AXIS_SYNTH,NEW_DIGITAL,ZONE_EAST,17,3,REGISTERED
CMP-2026-02985,2026-07-01 19:45:55,2026-07-01 20:48:19,62.4,INVESTMENT_FRAUD,149351.58,UPI,BANK_HDFC_SYNTH,NEW_DIGITAL,ZONE_EAST,19,2,REGISTERED
CMP-2026-02986,2026-04-25 07:56:41,2026-04-25 08:42:41,46.0,INVESTMENT_FRAUD,79466.37,UPI,BANK_HDFC_SYNTH,NEW_DIGITAL,ZONE_SOUTH,7,5,REGISTERED
CMP-2026-02987,2026-05-13 23:00:26,2026-05-13 23:27:32,27.1,TASK_FRAUD,23400.67,UPI,BANK_HDFC_SYNTH,NEW_DIGITAL,ZONE_EAST,23,2,REGISTERED
CMP-2026-02988,2026-05-07 18:53:57,2026-05-07 19:13:15,19.3,TASK_FRAUD,47418.74,UPI,BANK_HDFC_SYNTH,NEW_DIGITAL,ZONE_WEST,18,3,REGISTERED
CMP-2026-02989,2026-04-15 10:00:40,2026-04-15 11:06:34,65.9,INVESTMENT_FRAUD,79570.82,UPI,BANK_SBI_SYNTH,NEW_DIGITAL,ZONE_CENTRAL,10,2,REGISTERED
CMP-2026-02990,2026-07-04 15:28:08,2026-07-04 17:33:02,124.9,INVESTMENT_FRAUD,71520.24,NEFT,BANK_PNB_SYNTH,NEW_DIGITAL,ZONE_SOUTH,15,5,REGISTERED
CMP-2026-02991,2026-03-13 22:07:07,2026-03-13 22:55:19,48.2,EXTORTION,31389.56,UPI,BANK_SBI_SYNTH,NEW_DIGITAL,ZONE_CENTRAL,22,4,REGISTERED
CMP-2026-02992,2026-03-12 19:34:20,2026-03-12 20:19:02,44.7,PHISHING_UPI,35336.76,UPI,BANK_ICIC_SYNTH,NEW_DIGITAL,ZONE_NORTH,19,3,REGISTERED
CMP-2026-02993,2026-07-07 18:44:25,2026-07-07 19:16:25,32.0,PHISHING_UPI,47348.5,IMPS,BANK_ICIC_SYNTH,RURAL_REGIONAL,ZONE_WEST,18,1,REGISTERED
CMP-2026-02994,2026-06-11 17:06:48,2026-06-11 17:50:18,43.5,INVESTMENT_FRAUD,90323.78,UPI,BANK_SBI_SYNTH,RURAL_REGIONAL,ZONE_WEST,17,3,REGISTERED
CMP-2026-02995,2026-08-19 06:35:54,2026-08-19 07:09:00,33.1,TASK_FRAUD,99383.06,UPI,BANK_SBI_SYNTH,STANDARD,ZONE_NORTH,6,2,REGISTERED
CMP-2026-02996,2026-06-02 06:02:30,2026-06-02 06:45:12,42.7,TASK_FRAUD,46779.58,UPI,BANK_ICIC_SYNTH,STANDARD,ZONE_WEST,6,1,REGISTERED
CMP-2026-02997,2026-04-11 17:53:24,2026-04-11 18:29:54,36.5,INVESTMENT_FRAUD,40667.7,UPI,BANK_PNB_SYNTH,NEW_DIGITAL,ZONE_NORTH,17,5,REGISTERED
CMP-2026-02998,2026-04-13 13:39:23,2026-04-13 13:55:53,16.5,INVESTMENT_FRAUD,146858.43,IMPS,BANK_HDFC_SYNTH,STANDARD,ZONE_CENTRAL,13,0,REGISTERED
CMP-2026-02999,2026-07-17 08:42:59,2026-07-17 09:03:59,21.0,TASK_FRAUD,25323.02,IMPS,BANK_ICIC_SYNTH,RURAL_REGIONAL,ZONE_WEST,8,4,REGISTERED
CMP-2026-03000,2026-07-17 15:46:20,2026-07-17 16:59:56,73.6,LOAN_SCAM,31363.44,IMPS,BANK_HDFC_SYNTH,STANDARD,ZONE_SOUTH,15,4,REGISTERED
CMP-2026-03001,2026-08-18 16:21:55,2026-08-18 17:08:07,46.2,INVESTMENT_FRAUD,137503.28,UPI,BANK_PNB_SYNTH,NEW_DIGITAL,ZONE_WEST,16,1,REGISTERED
CMP-2026-03002,2026-08-13 05:22:29,2026-08-13 06:20:23,57.9,INVESTMENT_FRAUD,141458.29,IMPS,BANK_SBI_SYNTH,NEW_DIGITAL,ZONE_WEST,5,3,REGISTERED
CMP-2026-03003,2026-05-10 20:09:18,2026-05-10 20:37:30,28.2,LOAN_SCAM,35379.77,NEFT,BANK_SBI_SYNTH,RURAL_REGIONAL,ZONE_EAST,20,6,REGISTERED
CMP-2026-03004,2026-04-04 19:42:46,2026-04-04 21:13:04,90.3,INVESTMENT_FRAUD,140560.02,UPI,BANK_HDFC_SYNTH,STANDARD,ZONE_NORTH,19,5,REGISTERED
CMP-2026-03005,2026-03-13 10:15:38,2026-03-13 11:59:56,104.3,LOAN_SCAM,28106.16,UPI,BANK_ICIC_SYNTH,NEW_DIGITAL,ZONE_CENTRAL,10,4,REGISTERED
CMP-2026-03006,2026-03-26 07:20:03,2026-03-26 08:44:45,84.7,INVESTMENT_FRAUD,98678.81,UPI,BANK_SBI_SYNTH,STANDARD,ZONE_SOUTH,7,3,REGISTERED
CMP-2026-03007,2026-05-13 05:34:01,2026-05-13 07:32:01,118.0,LOAN_SCAM,20148.21,IMPS,BANK_AXIS_SYNTH,RURAL_REGIONAL,ZONE_EAST,5,2,REGISTERED
CMP-2026-03008,2026-07-09 10:20:23,2026-07-09 10:56:41,36.3,TASK_FRAUD,23851.01,IMPS,BANK_HDFC_SYNTH,STANDARD,ZONE_WEST,10,3,REGISTERED
CMP-2026-03009,2026-07-02 14:00:24,2026-07-02 17:20:12,199.8,LOAN_SCAM,25136.0,UPI,BANK_HDFC_SYNTH,NEW_DIGITAL,ZONE_SOUTH,14,3,REGISTERED
CMP-2026-03010,2026-07-25 18:49:36,2026-07-25 19:11:42,22.1,INVESTMENT_FRAUD,125691.27,UPI,BANK_SBI_SYNTH,NEW_DIGITAL,ZONE_NORTH,18,5,REGISTERED
CMP-2026-03011,2026-07-16 14:02:36,2026-07-16 14:18:42,16.1,PHISHING_UPI,16482.51,IMPS,BANK_SBI_SYNTH,RURAL_REGIONAL,ZONE_CENTRAL,14,3,REGISTERED
CMP-2026-03012,2026-08-11 07:59:36,2026-08-11 08:15:24,15.8,EXTORTION,18861.32,NEFT,BANK_HDFC_SYNTH,STANDARD,ZONE_NORTH,7,1,REGISTERED
CMP-2026-03013,2026-05-09 17:58:47,2026-05-09 18:52:35,53.8,INVESTMENT_FRAUD,177595.44,IMPS,BANK_HDFC_SYNTH,STANDARD,ZONE_NORTH,17,5,REGISTERED
CMP-2026-03014,2026-06-19 15:22:40,2026-06-19 16:41:58,79.3,TASK_FRAUD,92747.01,UPI,BANK_AXIS_SYNTH,NEW_DIGITAL,ZONE_NORTH,15,4,REGISTERED
CMP-2026-03015,2026-05-21 13:56:23,2026-05-21 15:08:23,72.0,INVESTMENT_FRAUD,84788.86,IMPS,BANK_HDFC_SYNTH,STANDARD,ZONE_CENTRAL,13,3,REGISTERED
CMP-2026-03016,2026-06-23 11:11:24,2026-06-23 11:54:18,42.9,INVESTMENT_FRAUD,114610.24,UPI,BANK_HDFC_SYNTH,NEW_DIGITAL,ZONE_CENTRAL,11,1,REGISTERED
CMP-2026-03017,2026-08-06 17:23:47,2026-08-06 18:22:29,58.7,LOAN_SCAM,35774.01,IMPS,BANK_HDFC_SYNTH,NEW_DIGITAL,ZONE_CENTRAL,17,3,REGISTERED
CMP-2026-03018,2026-03-26 22:29:26,2026-03-26 23:03:32,34.1,TASK_FRAUD,98618.41,IMPS,BANK_HDFC_SYNTH,NEW_DIGITAL,ZONE_CENTRAL,22,3,REGISTERED
CMP-2026-03019,2026-03-23 22:40:22,2026-03-23 23:05:40,25.3,TASK_FRAUD,84881.16,NEFT,BANK_PNB_SYNTH,NEW_DIGITAL,ZONE_CENTRAL,22,0,REGISTERED
CMP-2026-03020,2026-05-15 15:46:28,2026-05-15 16:40:04,53.6,INVESTMENT_FRAUD,97646.74,UPI,BANK_ICIC_SYNTH,RURAL_REGIONAL,ZONE_SOUTH,15,4,REGISTERED
CMP-2026-03021,2026-05-23 18:21:20,2026-05-23 18:56:08,34.8,TASK_FRAUD,27505.34,IMPS,BANK_HDFC_SYNTH,RURAL_REGIONAL,ZONE_WEST,18,5,REGISTERED
CMP-2026-03022,2026-04-07 12:13:45,2026-04-07 12:31:21,17.6,INVESTMENT_FRAUD,120816.94,UPI,BANK_SBI_SYNTH,STANDARD,ZONE_CENTRAL,12,1,REGISTERED
CMP-2026-03023,2026-08-18 07:46:42,2026-08-18 08:07:36,20.9,TASK_FRAUD,40635.73,UPI,BANK_SBI_SYNTH,NEW_DIGITAL,ZONE_EAST,7,1,REGISTERED
CMP-2026-03024,2026-08-10 10:35:55,2026-08-10 10:53:13,17.3,INVESTMENT_FRAUD,73892.66,UPI,BANK_SBI_SYNTH,STANDARD,ZONE_WEST,10,0,REGISTERED
CMP-2026-03025,2026-05-07 09:19:13,2026-05-07 09:58:25,39.2,INVESTMENT_FRAUD,137296.27,UPI,BANK_ICIC_SYNTH,NEW_DIGITAL,ZONE_NORTH,9,3,REGISTERED
CMP-2026-03026,2026-03-20 23:41:28,2026-03-21 00:05:52,24.4,PHISHING_UPI,30909.06,NEFT,BANK_SBI_SYNTH,NEW_DIGITAL,ZONE_NORTH,23,4,REGISTERED
CMP-2026-03027,2026-04-09 11:35:56,2026-04-09 11:47:56,12.0,PHISHING_UPI,42233.1,IMPS,BANK_AXIS_SYNTH,STANDARD,ZONE_EAST,11,3,REGISTERED
CMP-2026-03028,2026-05-17 12:28:01,2026-05-17 12:42:07,14.1,TASK_FRAUD,50526.06,IMPS,BANK_SBI_SYNTH,STANDARD,ZONE_SOUTH,12,6,REGISTERED
CMP-2026-03029,2026-06-11 18:11:17,2026-06-11 18:25:59,14.7,PHISHING_UPI,43766.34,IMPS,BANK_SBI_SYNTH,RURAL_REGIONAL,ZONE_NORTH,18,3,REGISTERED
CMP-2026-03030,2026-07-01 16:49:09,2026-07-01 17:06:45,17.6,INVESTMENT_FRAUD,99093.48,UPI,BANK_PNB_SYNTH,NEW_DIGITAL,ZONE_SOUTH,16,2,REGISTERED
CMP-2026-03031,2026-03-28 16:20:29,2026-03-28 17:17:05,56.6,EXTORTION,24861.98,UPI,BANK_SBI_SYNTH,NEW_DIGITAL,ZONE_WEST,16,5,REGISTERED
CMP-2026-03032,2026-07-16 14:31:20,2026-07-16 15:23:50,52.5,LOAN_SCAM,30726.35,IMPS,BANK_ICIC_SYNTH,NEW_DIGITAL,ZONE_EAST,14,3,REGISTERED
CMP-2026-03033,2026-07-20 23:05:01,2026-07-20 23:45:49,40.8,INVESTMENT_FRAUD,183201.1,NEFT,BANK_HDFC_SYNTH,NEW_DIGITAL,ZONE_EAST,23,0,REGISTERED
CMP-2026-03034,2026-03-17 12:59:57,2026-03-17 13:37:21,37.4,TASK_FRAUD,37812.25,UPI,BANK_AXIS_SYNTH,NEW_DIGITAL,ZONE_CENTRAL,12,1,REGISTERED
CMP-2026-03035,2026-08-20 11:19:53,2026-08-20 11:46:53,27.0,TASK_FRAUD,42436.8,IMPS,BANK_ICIC_SYNTH,RURAL_REGIONAL,ZONE_CENTRAL,11,3,REGISTERED
CMP-2026-03036,2026-07-28 16:30:21,2026-07-28 16:52:21,22.0,TASK_FRAUD,44007.37,IMPS,BANK_SBI_SYNTH,RURAL_REGIONAL,ZONE_WEST,16,1,REGISTERED
CMP-2026-03037,2026-04-24 21:51:35,2026-04-24 22:08:29,16.9,TASK_FRAUD,86203.16,IMPS,BANK_SBI_SYNTH,STANDARD,ZONE_EAST,21,4,REGISTERED
CMP-2026-03038,2026-03-22 15:58:39,2026-03-22 16:36:33,37.9,INVESTMENT_FRAUD,70033.05,IMPS,BANK_PNB_SYNTH,STANDARD,ZONE_SOUTH,15,6,REGISTERED
CMP-2026-03039,2026-07-04 15:17:44,2026-07-04 15:38:26,20.7,PHISHING_UPI,57320.61,UPI,BANK_SBI_SYNTH,STANDARD,ZONE_CENTRAL,15,5,REGISTERED
CMP-2026-03040,2026-04-14 16:07:42,2026-04-14 16:41:06,33.4,TASK_FRAUD,96549.84,IMPS,BANK_HDFC_SYNTH,NEW_DIGITAL,ZONE_EAST,16,1,REGISTERED
CMP-2026-03041,2026-08-11 15:06:48,2026-08-11 16:40:18,93.5,INVESTMENT_FRAUD,136568.98,NEFT,BANK_SBI_SYNTH,RURAL_REGIONAL,ZONE_WEST,15,1,REGISTERED
CMP-2026-03042,2026-05-25 15:49:01,2026-05-25 16:45:19,56.3,TASK_FRAUD,25791.06,IMPS,BANK_HDFC_SYNTH,NEW_DIGITAL,ZONE_SOUTH,15,0,REGISTERED
CMP-2026-03043,2026-08-15 17:37:36,2026-08-15 18:02:18,24.7,TASK_FRAUD,94855.18,UPI,BANK_SBI_SYNTH,NEW_DIGITAL,ZONE_SOUTH,17,5,REGISTERED
CMP-2026-03044,2026-08-22 13:42:36,2026-08-22 15:19:12,96.6,EXTORTION,45048.27,UPI,BANK_ICIC_SYNTH,STANDARD,ZONE_SOUTH,13,5,REGISTERED
CMP-2026-03045,2026-08-25 10:56:23,2026-08-25 11:24:53,28.5,TASK_FRAUD,91234.54,UPI,BANK_SBI_SYNTH,NEW_DIGITAL,ZONE_CENTRAL,10,1,REGISTERED
CMP-2026-03046,2026-06-21 17:43:25,2026-06-21 18:29:37,46.2,INVESTMENT_FRAUD,103141.59,IMPS,BANK_HDFC_SYNTH,STANDARD,ZONE_WEST,17,6,REGISTERED
CMP-2026-03047,2026-03-20 19:59:50,2026-03-20 21:51:02,111.2,EXTORTION,32227.42,NEFT,BANK_PNB_SYNTH,NEW_DIGITAL,ZONE_NORTH,19,4,REGISTERED
CMP-2026-03048,2026-04-05 19:40:20,2026-04-05 20:07:50,27.5,TASK_FRAUD,38065.69,IMPS,BANK_ICIC_SYNTH,NEW_DIGITAL,ZONE_NORTH,19,6,REGISTERED
CMP-2026-03049,2026-05-03 17:51:31,2026-05-03 18:13:07,21.6,PHISHING_UPI,44856.67,IMPS,BANK_SBI_SYNTH,STANDARD,ZONE_EAST,17,6,REGISTERED
CMP-2026-03050,2026-05-05 14:16:12,2026-05-05 14:29:24,13.2,EXTORTION,34728.83,IMPS,BANK_HDFC_SYNTH,RURAL_REGIONAL,ZONE_CENTRAL,14,1,REGISTERED
CMP-2026-03051,2026-08-11 11:03:41,2026-08-11 11:46:47,43.1,LOAN_SCAM,17670.86,UPI,BANK_AXIS_SYNTH,STANDARD,ZONE_SOUTH,11,1,REGISTERED
CMP-2026-03052,2026-04-17 12:27:21,2026-04-17 12:46:33,19.2,PHISHING_UPI,25687.83,NEFT,BANK_HDFC_SYNTH,NEW_DIGITAL,ZONE_WEST,12,4,REGISTERED
CMP-2026-03053,2026-04-29 11:02:08,2026-04-29 11:47:50,45.7,PHISHING_UPI,12224.25,IMPS,BANK_PNB_SYNTH,RURAL_REGIONAL,ZONE_WEST,11,2,REGISTERED
CMP-2026-03054,2026-08-14 10:00:47,2026-08-14 10:26:35,25.8,TASK_FRAUD,63197.95,UPI,BANK_AXIS_SYNTH,RURAL_REGIONAL,ZONE_NORTH,10,4,REGISTERED
CMP-2026-03055,2026-05-08 21:57:30,2026-05-08 22:47:06,49.6,TASK_FRAUD,21561.13,UPI,BANK_SBI_SYNTH,RURAL_REGIONAL,ZONE_WEST,21,4,REGISTERED
CMP-2026-03056,2026-07-04 09:17:44,2026-07-04 10:01:50,44.1,PHISHING_UPI,40891.39,UPI,BANK_SBI_SYNTH,NEW_DIGITAL,ZONE_EAST,9,5,REGISTERED
CMP-2026-03057,2026-07-23 09:54:50,2026-07-23 13:30:56,216.1,LOAN_SCAM,15485.64,NEFT,BANK_HDFC_SYNTH,RURAL_REGIONAL,ZONE_NORTH,9,3,REGISTERED
CMP-2026-03058,2026-03-24 10:22:46,2026-03-24 11:03:28,40.7,PHISHING_UPI,56021.52,UPI,BANK_SBI_SYNTH,STANDARD,ZONE_NORTH,10,1,REGISTERED
CMP-2026-03059,2026-05-27 18:17:05,2026-05-27 18:31:41,14.6,EXTORTION,45802.44,IMPS,BANK_ICIC_SYNTH,RURAL_REGIONAL,ZONE_SOUTH,18,2,REGISTERED
CMP-2026-03060,2026-08-13 14:05:51,2026-08-13 14:30:51,25.0,PHISHING_UPI,51149.3,IMPS,BANK_SBI_SYNTH,NEW_DIGITAL,ZONE_SOUTH,14,3,REGISTERED
CMP-2026-03061,2026-08-09 08:01:51,2026-08-09 08:18:15,16.4,TASK_FRAUD,50064.76,IMPS,BANK_HDFC_SYNTH,NEW_DIGITAL,ZONE_CENTRAL,8,6,REGISTERED
CMP-2026-03062,2026-04-01 12:04:09,2026-04-01 12:21:21,17.2,INVESTMENT_FRAUD,36128.01,IMPS,BANK_SBI_SYNTH,RURAL_REGIONAL,ZONE_NORTH,12,2,REGISTERED
CMP-2026-03063,2026-08-03 17:00:46,2026-08-03 17:27:52,27.1,PHISHING_UPI,53732.99,UPI,BANK_SBI_SYNTH,STANDARD,ZONE_CENTRAL,17,0,REGISTERED
CMP-2026-03064,2026-08-04 21:39:04,2026-08-04 23:43:52,124.8,INVESTMENT_FRAUD,147110.44,IMPS,BANK_SBI_SYNTH,STANDARD,ZONE_WEST,21,1,REGISTERED
CMP-2026-03065,2026-06-22 18:21:50,2026-06-22 19:16:56,55.1,INVESTMENT_FRAUD,121156.68,IMPS,BANK_ICIC_SYNTH,NEW_DIGITAL,ZONE_NORTH,18,0,REGISTERED
CMP-2026-03066,2026-03-11 11:08:12,2026-03-11 12:17:48,69.6,INVESTMENT_FRAUD,105303.58,UPI,BANK_ICIC_SYNTH,RURAL_REGIONAL,ZONE_WEST,11,2,REGISTERED
CMP-2026-03067,2026-08-14 12:11:05,2026-08-14 12:53:11,42.1,INVESTMENT_FRAUD,76129.83,UPI,BANK_SBI_SYNTH,NEW_DIGITAL,ZONE_EAST,12,4,REGISTERED
CMP-2026-03068,2026-03-01 16:50:43,2026-03-01 17:17:49,27.1,INVESTMENT_FRAUD,75696.79,IMPS,BANK_HDFC_SYNTH,NEW_DIGITAL,ZONE_WEST,16,6,REGISTERED
CMP-2026-03069,2026-07-08 12:24:20,2026-07-08 12:56:38,32.3,TASK_FRAUD,98938.17,UPI,BANK_PNB_SYNTH,NEW_DIGITAL,ZONE_EAST,12,2,REGISTERED
CMP-2026-03070,2026-05-25 13:12:45,2026-05-25 14:08:15,55.5,INVESTMENT_FRAUD,68383.27,UPI,BANK_HDFC_SYNTH,RURAL_REGIONAL,ZONE_EAST,13,0,REGISTERED
CMP-2026-03071,2026-06-17 04:11:30,2026-06-17 04:34:00,22.5,TASK_FRAUD,46549.09,NEFT,BANK_SBI_SYNTH,STANDARD,ZONE_CENTRAL,4,2,REGISTERED
CMP-2026-03072,2026-05-31 18:05:11,2026-05-31 18:19:41,14.5,PHISHING_UPI,52839.72,IMPS,BANK_SBI_SYNTH,RURAL_REGIONAL,ZONE_EAST,18,6,REGISTERED
CMP-2026-03073,2026-04-17 20:56:34,2026-04-17 21:12:52,16.3,EXTORTION,48216.24,UPI,BANK_PNB_SYNTH,STANDARD,ZONE_SOUTH,20,4,REGISTERED
CMP-2026-03074,2026-07-04 15:44:48,2026-07-04 15:59:54,15.1,EXTORTION,49905.53,UPI,BANK_SBI_SYNTH,STANDARD,ZONE_SOUTH,15,5,REGISTERED
CMP-2026-03075,2026-07-31 13:48:14,2026-07-31 14:50:38,62.4,TASK_FRAUD,30944.16,IMPS,BANK_AXIS_SYNTH,NEW_DIGITAL,ZONE_NORTH,13,4,REGISTERED
CMP-2026-03076,2026-06-17 23:32:40,2026-06-17 23:44:40,12.0,EXTORTION,27253.43,UPI,BANK_HDFC_SYNTH,STANDARD,ZONE_SOUTH,23,2,REGISTERED
CMP-2026-03077,2026-04-15 16:22:47,2026-04-15 17:33:53,71.1,INVESTMENT_FRAUD,135694.55,UPI,BANK_ICIC_SYNTH,STANDARD,ZONE_EAST,16,2,REGISTERED
CMP-2026-03078,2026-06-26 13:43:16,2026-06-26 14:16:04,32.8,PHISHING_UPI,45632.77,NEFT,BANK_AXIS_SYNTH,RURAL_REGIONAL,ZONE_CENTRAL,13,4,REGISTERED
CMP-2026-03079,2026-03-12 17:22:57,2026-03-12 17:44:57,22.0,PHISHING_UPI,57678.98,IMPS,BANK_SBI_SYNTH,RURAL_REGIONAL,ZONE_EAST,17,3,REGISTERED
CMP-2026-03080,2026-03-15 15:48:57,2026-03-15 16:37:27,48.5,PHISHING_UPI,56022.6,UPI,BANK_SBI_SYNTH,NEW_DIGITAL,ZONE_CENTRAL,15,6,REGISTERED
CMP-2026-03081,2026-08-23 08:43:05,2026-08-23 09:14:23,31.3,TASK_FRAUD,62080.43,IMPS,BANK_HDFC_SYNTH,RURAL_REGIONAL,ZONE_NORTH,8,6,REGISTERED
CMP-2026-03082,2026-07-04 18:38:43,2026-07-04 19:00:13,21.5,PHISHING_UPI,55093.56,UPI,BANK_PNB_SYNTH,STANDARD,ZONE_SOUTH,18,5,REGISTERED
CMP-2026-03083,2026-06-11 12:46:53,2026-06-11 13:01:53,15.0,EXTORTION,24066.44,IMPS,BANK_ICIC_SYNTH,STANDARD,ZONE_NORTH,12,3,REGISTERED
CMP-2026-03084,2026-05-26 14:31:19,2026-05-26 15:03:01,31.7,TASK_FRAUD,97520.26,IMPS,BANK_HDFC_SYNTH,NEW_DIGITAL,ZONE_EAST,14,1,REGISTERED
CMP-2026-03085,2026-07-13 11:14:37,2026-07-13 12:12:43,58.1,TASK_FRAUD,73414.93,NEFT,BANK_SBI_SYNTH,STANDARD,ZONE_EAST,11,0,REGISTERED
CMP-2026-03086,2026-08-06 16:20:59,2026-08-06 16:39:23,18.4,PHISHING_UPI,54544.61,NEFT,BANK_SBI_SYNTH,STANDARD,ZONE_WEST,16,3,REGISTERED
CMP-2026-03087,2026-08-09 10:28:09,2026-08-09 11:02:21,34.2,TASK_FRAUD,46100.9,UPI,BANK_HDFC_SYNTH,NEW_DIGITAL,ZONE_CENTRAL,10,6,REGISTERED
CMP-2026-03088,2026-05-15 21:01:55,2026-05-15 21:42:13,40.3,EXTORTION,42983.79,UPI,BANK_SBI_SYNTH,RURAL_REGIONAL,ZONE_WEST,21,4,REGISTERED
CMP-2026-03089,2026-05-08 09:55:40,2026-05-08 10:21:40,26.0,PHISHING_UPI,35528.48,UPI,BANK_HDFC_SYNTH,NEW_DIGITAL,ZONE_EAST,9,4,REGISTERED
CMP-2026-03090,2026-03-03 04:50:52,2026-03-03 06:05:34,74.7,INVESTMENT_FRAUD,130289.42,UPI,BANK_AXIS_SYNTH,RURAL_REGIONAL,ZONE_NORTH,4,1,REGISTERED
CMP-2026-03091,2026-03-28 12:11:13,2026-03-28 12:35:31,24.3,PHISHING_UPI,43165.95,IMPS,BANK_SBI_SYNTH,STANDARD,ZONE_SOUTH,12,5,REGISTERED
CMP-2026-03092,2026-05-25 12:17:21,2026-05-25 12:51:15,33.9,EXTORTION,43824.67,UPI,BANK_SBI_SYNTH,NEW_DIGITAL,ZONE_SOUTH,12,0,REGISTERED
CMP-2026-03093,2026-05-10 21:19:53,2026-05-10 22:11:47,51.9,LOAN_SCAM,21718.23,UPI,BANK_HDFC_SYNTH,STANDARD,ZONE_WEST,21,6,REGISTERED
CMP-2026-03094,2026-06-07 12:14:12,2026-06-07 13:07:36,53.4,INVESTMENT_FRAUD,155713.68,UPI,BANK_HDFC_SYNTH,RURAL_REGIONAL,ZONE_NORTH,12,6,REGISTERED
CMP-2026-03095,2026-05-17 20:54:10,2026-05-17 23:33:10,159.0,LOAN_SCAM,14786.78,IMPS,BANK_SBI_SYNTH,NEW_DIGITAL,ZONE_CENTRAL,20,6,REGISTERED
CMP-2026-03096,2026-05-03 13:06:04,2026-05-03 13:47:16,41.2,TASK_FRAUD,55406.85,NEFT,BANK_AXIS_SYNTH,NEW_DIGITAL,ZONE_NORTH,13,6,REGISTERED
CMP-2026-03097,2026-07-06 16:38:18,2026-07-06 17:54:42,76.4,INVESTMENT_FRAUD,177753.21,IMPS,BANK_ICIC_SYNTH,NEW_DIGITAL,ZONE_NORTH,16,0,REGISTERED
CMP-2026-03098,2026-07-23 16:26:31,2026-07-23 16:59:13,32.7,EXTORTION,28183.14,NEFT,BANK_SBI_SYNTH,NEW_DIGITAL,ZONE_SOUTH,16,3,REGISTERED
CMP-2026-03099,2026-04-30 15:19:43,2026-04-30 16:28:43,69.0,LOAN_SCAM,34376.05,UPI,BANK_ICIC_SYNTH,NEW_DIGITAL,ZONE_WEST,15,3,REGISTERED
CMP-2026-03100,2026-06-16 20:33:18,2026-06-16 21:04:24,31.1,EXTORTION,17055.0,UPI,BANK_SBI_SYNTH,NEW_DIGITAL,ZONE_CENTRAL,20,1,REGISTERED
CMP-2026-03101,2026-07-24 20:55:08,2026-07-24 21:10:08,15.0,TASK_FRAUD,63067.74,UPI,BANK_SBI_SYNTH,STANDARD,ZONE_CENTRAL,20,4,REGISTERED
CMP-2026-03102,2026-03-12 12:28:23,2026-03-12 12:50:59,22.6,PHISHING_UPI,6041.45,IMPS,BANK_SBI_SYNTH,RURAL_REGIONAL,ZONE_EAST,12,3,REGISTERED
CMP-2026-03103,2026-08-18 19:44:14,2026-08-18 20:01:08,16.9,PHISHING_UPI,30882.02,IMPS,BANK_SBI_SYNTH,NEW_DIGITAL,ZONE_SOUTH,19,1,REGISTERED
CMP-2026-03104,2026-08-10 13:40:58,2026-08-10 14:05:46,24.8,TASK_FRAUD,53817.63,NEFT,BANK_SBI_SYNTH,STANDARD,ZONE_SOUTH,13,0,REGISTERED
CMP-2026-03105,2026-05-25 17:17:35,2026-05-25 18:14:11,56.6,TASK_FRAUD,91698.21,UPI,BANK_ICIC_SYNTH,RURAL_REGIONAL,ZONE_CENTRAL,17,0,REGISTERED
CMP-2026-03106,2026-07-04 22:57:08,2026-07-04 23:40:14,43.1,PHISHING_UPI,19165.38,UPI,BANK_SBI_SYNTH,NEW_DIGITAL,ZONE_SOUTH,22,5,REGISTERED
CMP-2026-03107,2026-07-19 17:36:58,2026-07-19 18:17:10,40.2,LOAN_SCAM,19739.03,UPI,BANK_PNB_SYNTH,NEW_DIGITAL,ZONE_EAST,17,6,REGISTERED
CMP-2026-03108,2026-04-14 05:36:30,2026-04-14 06:28:24,51.9,EXTORTION,41903.41,UPI,BANK_SBI_SYNTH,NEW_DIGITAL,ZONE_SOUTH,5,1,REGISTERED
CMP-2026-03109,2026-04-26 09:56:06,2026-04-26 10:09:42,13.6,TASK_FRAUD,68289.05,IMPS,BANK_PNB_SYNTH,NEW_DIGITAL,ZONE_NORTH,9,6,REGISTERED
CMP-2026-03110,2026-03-15 17:31:29,2026-03-15 18:23:53,52.4,INVESTMENT_FRAUD,80790.23,UPI,BANK_ICIC_SYNTH,NEW_DIGITAL,ZONE_EAST,17,6,REGISTERED
CMP-2026-03111,2026-03-13 12:24:49,2026-03-13 13:10:19,45.5,INVESTMENT_FRAUD,53701.3,UPI,BANK_AXIS_SYNTH,NEW_DIGITAL,ZONE_EAST,12,4,REGISTERED
CMP-2026-03112,2026-07-07 07:23:54,2026-07-07 07:38:54,15.0,TASK_FRAUD,28489.65,UPI,BANK_HDFC_SYNTH,NEW_DIGITAL,ZONE_SOUTH,7,1,REGISTERED
CMP-2026-03113,2026-04-14 13:40:00,2026-04-14 14:39:06,59.1,INVESTMENT_FRAUD,136938.4,UPI,BANK_SBI_SYNTH,NEW_DIGITAL,ZONE_EAST,13,1,REGISTERED
CMP-2026-03114,2026-06-10 23:50:17,2026-06-11 00:16:23,26.1,PHISHING_UPI,38165.97,UPI,BANK_ICIC_SYNTH,STANDARD,ZONE_SOUTH,23,2,REGISTERED
CMP-2026-03115,2026-05-27 14:20:38,2026-05-27 15:12:50,52.2,EXTORTION,33403.4,UPI,BANK_HDFC_SYNTH,STANDARD,ZONE_SOUTH,14,2,REGISTERED
CMP-2026-03116,2026-04-06 16:51:41,2026-04-06 17:38:41,47.0,LOAN_SCAM,21598.66,NEFT,BANK_HDFC_SYNTH,NEW_DIGITAL,ZONE_CENTRAL,16,0,REGISTERED
CMP-2026-03117,2026-03-11 18:56:12,2026-03-11 19:10:48,14.6,LOAN_SCAM,22494.09,UPI,BANK_ICIC_SYNTH,NEW_DIGITAL,ZONE_EAST,18,2,REGISTERED
CMP-2026-03118,2026-04-14 21:24:27,2026-04-14 22:20:15,55.8,TASK_FRAUD,62254.31,IMPS,BANK_HDFC_SYNTH,STANDARD,ZONE_CENTRAL,21,1,REGISTERED
CMP-2026-03119,2026-04-23 17:13:09,2026-04-23 18:42:27,89.3,INVESTMENT_FRAUD,145601.16,UPI,BANK_HDFC_SYNTH,RURAL_REGIONAL,ZONE_WEST,17,3,REGISTERED
CMP-2026-03120,2026-06-26 13:48:26,2026-06-26 14:04:20,15.9,TASK_FRAUD,67764.92,UPI,BANK_HDFC_SYNTH,RURAL_REGIONAL,ZONE_WEST,13,4,REGISTERED
CMP-2026-03121,2026-07-18 16:09:28,2026-07-18 16:53:04,43.6,LOAN_SCAM,5783.46,NEFT,BANK_SBI_SYNTH,RURAL_REGIONAL,ZONE_CENTRAL,16,5,REGISTERED
CMP-2026-03122,2026-07-15 13:06:59,2026-07-15 13:27:53,20.9,PHISHING_UPI,33049.55,UPI,BANK_HDFC_SYNTH,RURAL_REGIONAL,ZONE_SOUTH,13,2,REGISTERED
CMP-2026-03123,2026-04-05 15:38:29,2026-04-05 16:03:23,24.9,TASK_FRAUD,29035.13,UPI,BANK_ICIC_SYNTH,NEW_DIGITAL,ZONE_NORTH,15,6,REGISTERED
CMP-2026-03124,2026-03-04 10:03:55,2026-03-04 10:44:25,40.5,INVESTMENT_FRAUD,68914.41,UPI,BANK_SBI_SYNTH,NEW_DIGITAL,ZONE_CENTRAL,10,2,REGISTERED
CMP-2026-03125,2026-05-06 16:20:53,2026-05-06 16:35:29,14.6,PHISHING_UPI,22739.18,UPI,BANK_SBI_SYNTH,STANDARD,ZONE_WEST,16,2,REGISTERED
CMP-2026-03126,2026-06-22 20:41:20,2026-06-22 20:56:44,15.4,PHISHING_UPI,42863.43,UPI,BANK_SBI_SYNTH,STANDARD,ZONE_EAST,20,0,REGISTERED
CMP-2026-03127,2026-06-19 16:48:02,2026-06-19 17:23:26,35.4,PHISHING_UPI,31364.02,IMPS,BANK_ICIC_SYNTH,RURAL_REGIONAL,ZONE_WEST,16,4,REGISTERED
CMP-2026-03128,2026-06-10 12:36:02,2026-06-10 12:59:50,23.8,TASK_FRAUD,26890.33,UPI,BANK_ICIC_SYNTH,NEW_DIGITAL,ZONE_NORTH,12,2,REGISTERED
CMP-2026-03129,2026-03-11 15:45:45,2026-03-11 16:21:09,35.4,TASK_FRAUD,97196.92,UPI,BANK_ICIC_SYNTH,STANDARD,ZONE_NORTH,15,2,REGISTERED
CMP-2026-03130,2026-03-26 10:06:33,2026-03-26 10:36:39,30.1,PHISHING_UPI,35579.93,UPI,BANK_SBI_SYNTH,NEW_DIGITAL,ZONE_WEST,10,3,REGISTERED
CMP-2026-03131,2026-03-17 17:23:22,2026-03-17 17:35:46,12.4,PHISHING_UPI,36478.18,IMPS,BANK_AXIS_SYNTH,NEW_DIGITAL,ZONE_NORTH,17,1,REGISTERED
CMP-2026-03132,2026-03-13 17:25:34,2026-03-13 18:02:28,36.9,LOAN_SCAM,13974.45,UPI,BANK_SBI_SYNTH,NEW_DIGITAL,ZONE_EAST,17,4,REGISTERED
CMP-2026-03133,2026-06-24 11:25:44,2026-06-24 13:17:56,112.2,LOAN_SCAM,12403.31,IMPS,BANK_SBI_SYNTH,NEW_DIGITAL,ZONE_EAST,11,2,REGISTERED
CMP-2026-03134,2026-07-25 14:28:10,2026-07-25 16:06:46,98.6,INVESTMENT_FRAUD,185266.94,IMPS,BANK_SBI_SYNTH,NEW_DIGITAL,ZONE_SOUTH,14,5,REGISTERED
CMP-2026-03135,2026-04-10 16:03:41,2026-04-10 17:48:59,105.3,LOAN_SCAM,11552.47,IMPS,BANK_PNB_SYNTH,NEW_DIGITAL,ZONE_CENTRAL,16,4,REGISTERED
CMP-2026-03136,2026-03-10 20:53:44,2026-03-10 21:06:20,12.6,PHISHING_UPI,24094.34,IMPS,BANK_ICIC_SYNTH,NEW_DIGITAL,ZONE_EAST,20,1,REGISTERED
CMP-2026-03137,2026-07-15 07:09:55,2026-07-15 07:37:31,27.6,PHISHING_UPI,11738.03,NEFT,BANK_ICIC_SYNTH,STANDARD,ZONE_EAST,7,2,REGISTERED
CMP-2026-03138,2026-07-15 15:42:25,2026-07-15 15:57:13,14.8,TASK_FRAUD,38118.69,IMPS,BANK_SBI_SYNTH,STANDARD,ZONE_CENTRAL,15,2,REGISTERED
CMP-2026-03139,2026-05-28 20:42:45,2026-05-28 21:28:45,46.0,EXTORTION,39314.06,UPI,BANK_AXIS_SYNTH,STANDARD,ZONE_NORTH,20,3,REGISTERED
CMP-2026-03140,2026-03-08 12:37:02,2026-03-08 13:40:14,63.2,INVESTMENT_FRAUD,70926.89,UPI,BANK_ICIC_SYNTH,NEW_DIGITAL,ZONE_CENTRAL,12,6,REGISTERED
CMP-2026-03141,2026-03-02 18:44:05,2026-03-02 18:56:05,12.0,PHISHING_UPI,48029.16,NEFT,BANK_HDFC_SYNTH,NEW_DIGITAL,ZONE_WEST,18,0,REGISTERED
CMP-2026-03142,2026-07-28 12:25:13,2026-07-28 12:56:37,31.4,LOAN_SCAM,9009.28,IMPS,BANK_ICIC_SYNTH,NEW_DIGITAL,ZONE_WEST,12,1,REGISTERED
CMP-2026-03143,2026-07-12 16:18:17,2026-07-12 16:49:41,31.4,TASK_FRAUD,70969.32,IMPS,BANK_ICIC_SYNTH,NEW_DIGITAL,ZONE_SOUTH,16,6,REGISTERED
CMP-2026-03144,2026-03-29 12:12:48,2026-03-29 12:35:18,22.5,PHISHING_UPI,55381.65,UPI,BANK_HDFC_SYNTH,NEW_DIGITAL,ZONE_WEST,12,6,REGISTERED
CMP-2026-03145,2026-04-05 11:57:16,2026-04-05 12:40:16,43.0,TASK_FRAUD,84380.75,IMPS,BANK_ICIC_SYNTH,STANDARD,ZONE_CENTRAL,11,6,REGISTERED
CMP-2026-03146,2026-05-21 15:28:38,2026-05-21 16:12:38,44.0,INVESTMENT_FRAUD,52422.86,UPI,BANK_HDFC_SYNTH,STANDARD,ZONE_EAST,15,3,REGISTERED
CMP-2026-03147,2026-06-29 13:49:25,2026-06-29 14:14:31,25.1,TASK_FRAUD,29893.81,UPI,BANK_ICIC_SYNTH,NEW_DIGITAL,ZONE_EAST,13,0,REGISTERED
CMP-2026-03148,2026-03-08 12:51:06,2026-03-08 14:06:12,75.1,LOAN_SCAM,24105.23,UPI,BANK_ICIC_SYNTH,NEW_DIGITAL,ZONE_WEST,12,6,REGISTERED
CMP-2026-03149,2026-04-06 16:36:47,2026-04-06 16:59:23,22.6,PHISHING_UPI,24433.89,UPI,BANK_ICIC_SYNTH,NEW_DIGITAL,ZONE_NORTH,16,0,REGISTERED
CMP-2026-03150,2026-08-07 13:52:19,2026-08-07 14:08:49,16.5,PHISHING_UPI,33019.04,UPI,BANK_ICIC_SYNTH,NEW_DIGITAL,ZONE_NORTH,13,4,REGISTERED
CMP-2026-03151,2026-06-25 22:14:36,2026-06-25 22:53:18,38.7,INVESTMENT_FRAUD,44481.7,UPI,BANK_SBI_SYNTH,NEW_DIGITAL,ZONE_EAST,22,3,REGISTERED
CMP-2026-03152,2026-07-30 11:13:32,2026-07-30 11:28:56,15.4,EXTORTION,26824.1,IMPS,BANK_SBI_SYNTH,STANDARD,ZONE_NORTH,11,3,REGISTERED
CMP-2026-03153,2026-04-02 12:21:13,2026-04-02 13:00:19,39.1,EXTORTION,25149.37,NEFT,BANK_PNB_SYNTH,NEW_DIGITAL,ZONE_WEST,12,3,REGISTERED
CMP-2026-03154,2026-05-22 15:25:38,2026-05-22 16:25:44,60.1,INVESTMENT_FRAUD,69292.59,UPI,BANK_HDFC_SYNTH,NEW_DIGITAL,ZONE_WEST,15,4,REGISTERED
CMP-2026-03155,2026-05-26 12:38:18,2026-05-26 12:50:18,12.0,TASK_FRAUD,47089.57,UPI,BANK_AXIS_SYNTH,STANDARD,ZONE_SOUTH,12,1,REGISTERED
CMP-2026-03156,2026-03-14 12:06:56,2026-03-14 13:06:08,59.2,LOAN_SCAM,27219.96,UPI,BANK_SBI_SYNTH,STANDARD,ZONE_EAST,12,5,REGISTERED
CMP-2026-03157,2026-06-20 12:54:00,2026-06-20 13:47:00,53.0,TASK_FRAUD,31515.74,UPI,BANK_HDFC_SYNTH,STANDARD,ZONE_NORTH,12,5,REGISTERED
CMP-2026-03158,2026-08-15 14:19:28,2026-08-15 15:18:28,59.0,EXTORTION,36044.64,UPI,BANK_PNB_SYNTH,RURAL_REGIONAL,ZONE_EAST,14,5,REGISTERED
CMP-2026-03159,2026-03-18 10:23:13,2026-03-18 11:30:13,67.0,LOAN_SCAM,12532.98,UPI,BANK_PNB_SYNTH,RURAL_REGIONAL,ZONE_WEST,10,2,REGISTERED
CMP-2026-03160,2026-07-12 17:23:04,2026-07-12 17:44:16,21.2,TASK_FRAUD,94332.74,UPI,BANK_SBI_SYNTH,NEW_DIGITAL,ZONE_CENTRAL,17,6,REGISTERED
CMP-2026-03161,2026-03-07 10:07:19,2026-03-07 11:08:07,60.8,INVESTMENT_FRAUD,164300.62,IMPS,BANK_ICIC_SYNTH,NEW_DIGITAL,ZONE_EAST,10,5,REGISTERED
CMP-2026-03162,2026-08-15 05:56:51,2026-08-15 06:30:21,33.5,INVESTMENT_FRAUD,79225.56,IMPS,BANK_SBI_SYNTH,RURAL_REGIONAL,ZONE_WEST,5,5,REGISTERED
CMP-2026-03163,2026-03-22 12:40:47,2026-03-22 13:21:41,40.9,TASK_FRAUD,66105.45,UPI,BANK_HDFC_SYNTH,NEW_DIGITAL,ZONE_SOUTH,12,6,REGISTERED
CMP-2026-03164,2026-07-21 08:56:59,2026-07-21 09:38:35,41.6,PHISHING_UPI,14045.54,IMPS,BANK_PNB_SYNTH,NEW_DIGITAL,ZONE_SOUTH,8,1,REGISTERED
CMP-2026-03165,2026-04-01 19:07:05,2026-04-01 20:13:11,66.1,PHISHING_UPI,42911.77,UPI,BANK_SBI_SYNTH,STANDARD,ZONE_CENTRAL,19,2,REGISTERED
CMP-2026-03166,2026-08-04 04:37:44,2026-08-04 04:56:08,18.4,EXTORTION,46435.52,UPI,BANK_HDFC_SYNTH,RURAL_REGIONAL,ZONE_EAST,4,1,REGISTERED
CMP-2026-03167,2026-03-05 09:36:30,2026-03-05 10:08:54,32.4,PHISHING_UPI,41943.79,IMPS,BANK_PNB_SYNTH,NEW_DIGITAL,ZONE_EAST,9,3,REGISTERED
CMP-2026-03168,2026-04-08 17:25:43,2026-04-08 18:01:49,36.1,TASK_FRAUD,35160.33,IMPS,BANK_HDFC_SYNTH,STANDARD,ZONE_WEST,17,2,REGISTERED
CMP-2026-03169,2026-05-29 20:53:29,2026-05-29 21:28:41,35.2,TASK_FRAUD,96758.75,IMPS,BANK_SBI_SYNTH,NEW_DIGITAL,ZONE_EAST,20,4,REGISTERED
CMP-2026-03170,2026-06-12 21:02:42,2026-06-12 21:22:06,19.4,TASK_FRAUD,80167.51,UPI,BANK_SBI_SYNTH,NEW_DIGITAL,ZONE_CENTRAL,21,4,REGISTERED
CMP-2026-03171,2026-07-06 09:46:30,2026-07-06 10:51:48,65.3,LOAN_SCAM,9329.47,UPI,BANK_SBI_SYNTH,STANDARD,ZONE_WEST,9,0,REGISTERED
CMP-2026-03172,2026-03-05 13:17:55,2026-03-05 14:17:31,59.6,EXTORTION,11094.17,IMPS,BANK_SBI_SYNTH,NEW_DIGITAL,ZONE_EAST,13,3,REGISTERED
CMP-2026-03173,2026-07-24 09:41:02,2026-07-24 09:57:32,16.5,PHISHING_UPI,46669.6,IMPS,BANK_PNB_SYNTH,NEW_DIGITAL,ZONE_SOUTH,9,4,REGISTERED
CMP-2026-03174,2026-07-29 11:27:35,2026-07-29 11:41:05,13.5,INVESTMENT_FRAUD,69788.36,UPI,BANK_SBI_SYNTH,RURAL_REGIONAL,ZONE_SOUTH,11,2,REGISTERED
CMP-2026-03175,2026-05-27 15:14:45,2026-05-27 16:05:03,50.3,INVESTMENT_FRAUD,49424.22,UPI,BANK_SBI_SYNTH,STANDARD,ZONE_EAST,15,2,REGISTERED
CMP-2026-03176,2026-03-09 18:23:05,2026-03-09 19:18:23,55.3,EXTORTION,37377.47,UPI,BANK_ICIC_SYNTH,NEW_DIGITAL,ZONE_CENTRAL,18,0,REGISTERED
CMP-2026-03177,2026-07-26 13:34:10,2026-07-26 13:59:16,25.1,TASK_FRAUD,60339.67,NEFT,BANK_SBI_SYNTH,NEW_DIGITAL,ZONE_CENTRAL,13,6,REGISTERED
CMP-2026-03178,2026-06-06 23:20:47,2026-06-07 00:16:47,56.0,LOAN_SCAM,21244.59,IMPS,BANK_HDFC_SYNTH,STANDARD,ZONE_NORTH,23,5,REGISTERED
CMP-2026-03179,2026-04-01 20:25:23,2026-04-01 20:53:29,28.1,TASK_FRAUD,42510.85,IMPS,BANK_SBI_SYNTH,NEW_DIGITAL,ZONE_NORTH,20,2,REGISTERED
CMP-2026-03180,2026-07-17 23:09:52,2026-07-18 00:20:40,70.8,EXTORTION,16437.69,UPI,BANK_HDFC_SYNTH,NEW_DIGITAL,ZONE_EAST,23,4,REGISTERED
CMP-2026-03181,2026-06-30 23:26:23,2026-07-01 00:09:53,43.5,TASK_FRAUD,54338.64,IMPS,BANK_HDFC_SYNTH,NEW_DIGITAL,ZONE_WEST,23,1,REGISTERED
CMP-2026-03182,2026-03-16 12:16:56,2026-03-16 13:31:26,74.5,INVESTMENT_FRAUD,60753.73,NEFT,BANK_ICIC_SYNTH,NEW_DIGITAL,ZONE_SOUTH,12,0,REGISTERED
CMP-2026-03183,2026-05-21 12:34:55,2026-05-21 14:23:43,108.8,LOAN_SCAM,34366.28,IMPS,BANK_SBI_SYNTH,RURAL_REGIONAL,ZONE_WEST,12,3,REGISTERED
CMP-2026-03184,2026-05-01 12:58:55,2026-05-01 14:18:43,79.8,LOAN_SCAM,7660.03,IMPS,BANK_SBI_SYNTH,RURAL_REGIONAL,ZONE_WEST,12,4,REGISTERED
CMP-2026-03185,2026-03-27 23:21:34,2026-03-28 00:10:28,48.9,PHISHING_UPI,22786.87,UPI,BANK_SBI_SYNTH,NEW_DIGITAL,ZONE_NORTH,23,4,REGISTERED
CMP-2026-03186,2026-08-01 14:36:08,2026-08-01 14:51:44,15.6,PHISHING_UPI,23918.8,UPI,BANK_ICIC_SYNTH,NEW_DIGITAL,ZONE_EAST,14,5,REGISTERED
CMP-2026-03187,2026-07-21 13:52:44,2026-07-21 14:27:02,34.3,TASK_FRAUD,95005.26,UPI,BANK_PNB_SYNTH,STANDARD,ZONE_SOUTH,13,1,REGISTERED
CMP-2026-03188,2026-08-06 17:32:34,2026-08-06 17:46:40,14.1,EXTORTION,15579.21,UPI,BANK_SBI_SYNTH,NEW_DIGITAL,ZONE_NORTH,17,3,REGISTERED
CMP-2026-03189,2026-06-12 18:16:59,2026-06-12 18:34:17,17.3,TASK_FRAUD,64822.47,UPI,BANK_AXIS_SYNTH,RURAL_REGIONAL,ZONE_WEST,18,4,REGISTERED
CMP-2026-03190,2026-07-12 12:43:45,2026-07-12 13:24:09,40.4,TASK_FRAUD,45457.85,NEFT,BANK_AXIS_SYNTH,NEW_DIGITAL,ZONE_SOUTH,12,6,REGISTERED
CMP-2026-03191,2026-07-10 13:51:23,2026-07-10 14:23:47,32.4,EXTORTION,33870.72,UPI,BANK_SBI_SYNTH,NEW_DIGITAL,ZONE_SOUTH,13,4,REGISTERED
CMP-2026-03192,2026-07-26 10:14:36,2026-07-26 10:56:36,42.0,INVESTMENT_FRAUD,75588.87,UPI,BANK_ICIC_SYNTH,NEW_DIGITAL,ZONE_SOUTH,10,6,REGISTERED
CMP-2026-03193,2026-07-02 23:06:14,2026-07-02 23:31:44,25.5,INVESTMENT_FRAUD,60038.07,UPI,BANK_PNB_SYNTH,NEW_DIGITAL,ZONE_SOUTH,23,3,REGISTERED
CMP-2026-03194,2026-07-03 20:48:12,2026-07-03 21:16:42,28.5,EXTORTION,43973.73,UPI,BANK_ICIC_SYNTH,RURAL_REGIONAL,ZONE_WEST,20,4,REGISTERED
CMP-2026-03195,2026-08-12 21:44:19,2026-08-12 22:58:43,74.4,EXTORTION,42918.63,UPI,BANK_ICIC_SYNTH,STANDARD,ZONE_EAST,21,2,REGISTERED
CMP-2026-03196,2026-04-24 16:13:34,2026-04-24 16:25:34,12.0,EXTORTION,40096.31,IMPS,BANK_SBI_SYNTH,STANDARD,ZONE_NORTH,16,4,REGISTERED
CMP-2026-03197,2026-03-06 13:07:13,2026-03-06 13:43:19,36.1,EXTORTION,18849.22,IMPS,BANK_HDFC_SYNTH,STANDARD,ZONE_SOUTH,13,4,REGISTERED
CMP-2026-03198,2026-05-21 09:07:27,2026-05-21 09:29:39,22.2,TASK_FRAUD,66222.54,UPI,BANK_AXIS_SYNTH,STANDARD,ZONE_NORTH,9,3,REGISTERED
CMP-2026-03199,2026-06-28 12:00:44,2026-06-28 12:28:44,28.0,EXTORTION,22679.77,IMPS,BANK_ICIC_SYNTH,STANDARD,ZONE_NORTH,12,6,REGISTERED
CMP-2026-03200,2026-04-07 15:27:39,2026-04-07 15:44:51,17.2,TASK_FRAUD,36313.8,UPI,BANK_ICIC_SYNTH,NEW_DIGITAL,ZONE_SOUTH,15,1,REGISTERED
CMP-2026-03201,2026-06-23 05:37:02,2026-06-23 06:00:14,23.2,PHISHING_UPI,37143.61,NEFT,BANK_HDFC_SYNTH,STANDARD,ZONE_SOUTH,5,1,REGISTERED
CMP-2026-03202,2026-05-03 11:16:44,2026-05-03 12:00:20,43.6,LOAN_SCAM,20839.76,IMPS,BANK_ICIC_SYNTH,NEW_DIGITAL,ZONE_EAST,11,6,REGISTERED
CMP-2026-03203,2026-07-14 13:49:06,2026-07-14 14:20:36,31.5,PHISHING_UPI,16737.21,UPI,BANK_ICIC_SYNTH,STANDARD,ZONE_CENTRAL,13,1,REGISTERED
CMP-2026-03204,2026-08-18 04:43:31,2026-08-18 05:59:01,75.5,LOAN_SCAM,22651.02,IMPS,BANK_ICIC_SYNTH,STANDARD,ZONE_CENTRAL,4,1,REGISTERED
CMP-2026-03205,2026-05-08 13:31:48,2026-05-08 13:46:54,15.1,PHISHING_UPI,51404.33,IMPS,BANK_ICIC_SYNTH,NEW_DIGITAL,ZONE_CENTRAL,13,4,REGISTERED
CMP-2026-03206,2026-05-25 15:34:05,2026-05-25 16:05:59,31.9,PHISHING_UPI,11770.3,UPI,BANK_ICIC_SYNTH,NEW_DIGITAL,ZONE_NORTH,15,0,REGISTERED
CMP-2026-03207,2026-05-21 14:47:21,2026-05-21 15:20:51,33.5,PHISHING_UPI,51484.32,NEFT,BANK_SBI_SYNTH,NEW_DIGITAL,ZONE_NORTH,14,3,REGISTERED
CMP-2026-03208,2026-04-25 14:49:45,2026-04-25 15:28:57,39.2,INVESTMENT_FRAUD,141838.72,IMPS,BANK_AXIS_SYNTH,NEW_DIGITAL,ZONE_EAST,14,5,REGISTERED
CMP-2026-03209,2026-04-08 22:26:06,2026-04-08 22:44:24,18.3,PHISHING_UPI,42971.87,NEFT,BANK_SBI_SYNTH,NEW_DIGITAL,ZONE_CENTRAL,22,2,REGISTERED
CMP-2026-03210,2026-06-30 09:01:59,2026-06-30 09:29:41,27.7,INVESTMENT_FRAUD,87860.38,IMPS,BANK_AXIS_SYNTH,STANDARD,ZONE_EAST,9,1,REGISTERED
CMP-2026-03211,2026-05-23 14:44:36,2026-05-23 15:21:00,36.4,INVESTMENT_FRAUD,199733.55,NEFT,BANK_HDFC_SYNTH,NEW_DIGITAL,ZONE_CENTRAL,14,5,REGISTERED
CMP-2026-03212,2026-03-22 15:33:31,2026-03-22 16:15:55,42.4,TASK_FRAUD,42038.65,UPI,BANK_SBI_SYNTH,RURAL_REGIONAL,ZONE_WEST,15,6,REGISTERED
CMP-2026-03213,2026-04-22 16:10:02,2026-04-22 18:15:26,125.4,INVESTMENT_FRAUD,138966.88,UPI,BANK_HDFC_SYNTH,NEW_DIGITAL,ZONE_NORTH,16,2,REGISTERED
CMP-2026-03214,2026-05-16 18:43:09,2026-05-16 19:34:09,51.0,TASK_FRAUD,74885.42,UPI,BANK_HDFC_SYNTH,NEW_DIGITAL,ZONE_EAST,18,5,REGISTERED
CMP-2026-03215,2026-03-14 07:30:31,2026-03-14 07:52:55,22.4,EXTORTION,19003.22,IMPS,BANK_ICIC_SYNTH,RURAL_REGIONAL,ZONE_SOUTH,7,5,REGISTERED
CMP-2026-03216,2026-07-18 09:51:41,2026-07-18 10:15:41,24.0,PHISHING_UPI,24620.85,NEFT,BANK_HDFC_SYNTH,NEW_DIGITAL,ZONE_WEST,9,5,REGISTERED
CMP-2026-03217,2026-07-18 20:02:19,2026-07-18 21:24:19,82.0,LOAN_SCAM,11348.52,UPI,BANK_SBI_SYNTH,RURAL_REGIONAL,ZONE_WEST,20,5,REGISTERED
CMP-2026-03218,2026-08-03 17:37:54,2026-08-03 18:04:54,27.0,INVESTMENT_FRAUD,166398.35,UPI,BANK_SBI_SYNTH,NEW_DIGITAL,ZONE_SOUTH,17,0,REGISTERED
CMP-2026-03219,2026-07-24 10:58:07,2026-07-24 11:20:55,22.8,TASK_FRAUD,80512.86,IMPS,BANK_AXIS_SYNTH,RURAL_REGIONAL,ZONE_CENTRAL,10,4,REGISTERED
CMP-2026-03220,2026-08-24 17:38:36,2026-08-24 17:59:54,21.3,PHISHING_UPI,9714.79,UPI,BANK_PNB_SYNTH,NEW_DIGITAL,ZONE_CENTRAL,17,0,REGISTERED
CMP-2026-03221,2026-07-04 13:01:45,2026-07-04 13:24:15,22.5,EXTORTION,23561.8,UPI,BANK_SBI_SYNTH,NEW_DIGITAL,ZONE_WEST,13,5,REGISTERED
CMP-2026-03222,2026-06-23 10:06:26,2026-06-23 10:53:44,47.3,EXTORTION,18790.58,UPI,BANK_HDFC_SYNTH,STANDARD,ZONE_SOUTH,10,1,REGISTERED
CMP-2026-03223,2026-05-18 17:44:27,2026-05-18 18:00:39,16.2,EXTORTION,42793.02,UPI,BANK_SBI_SYNTH,STANDARD,ZONE_CENTRAL,17,0,REGISTERED
CMP-2026-03224,2026-04-17 20:42:22,2026-04-17 21:37:58,55.6,INVESTMENT_FRAUD,82980.29,UPI,BANK_SBI_SYNTH,NEW_DIGITAL,ZONE_WEST,20,4,REGISTERED
CMP-2026-03225,2026-08-11 14:56:08,2026-08-11 16:33:14,97.1,INVESTMENT_FRAUD,101328.68,UPI,BANK_ICIC_SYNTH,STANDARD,ZONE_WEST,14,1,REGISTERED
CMP-2026-03226,2026-03-16 17:11:42,2026-03-16 17:33:48,22.1,TASK_FRAUD,49366.53,UPI,BANK_PNB_SYNTH,NEW_DIGITAL,ZONE_SOUTH,17,0,REGISTERED
CMP-2026-03227,2026-05-26 10:50:42,2026-05-26 11:27:42,37.0,TASK_FRAUD,28926.57,IMPS,BANK_SBI_SYNTH,NEW_DIGITAL,ZONE_WEST,10,1,REGISTERED
CMP-2026-03228,2026-03-21 16:02:14,2026-03-21 17:11:38,69.4,INVESTMENT_FRAUD,39237.36,UPI,BANK_PNB_SYNTH,STANDARD,ZONE_SOUTH,16,5,REGISTERED
CMP-2026-03229,2026-03-24 10:44:25,2026-03-24 11:05:25,21.0,PHISHING_UPI,7458.22,IMPS,BANK_ICIC_SYNTH,RURAL_REGIONAL,ZONE_NORTH,10,1,REGISTERED
CMP-2026-03230,2026-03-03 15:33:42,2026-03-03 16:26:54,53.2,EXTORTION,22953.33,NEFT,BANK_SBI_SYNTH,STANDARD,ZONE_SOUTH,15,1,REGISTERED
CMP-2026-03231,2026-07-25 13:20:58,2026-07-25 13:54:04,33.1,EXTORTION,12154.7,NEFT,BANK_PNB_SYNTH,NEW_DIGITAL,ZONE_CENTRAL,13,5,REGISTERED
CMP-2026-03232,2026-04-03 09:30:30,2026-04-03 09:42:30,12.0,PHISHING_UPI,21809.54,NEFT,BANK_HDFC_SYNTH,NEW_DIGITAL,ZONE_EAST,9,4,REGISTERED
CMP-2026-03233,2026-06-08 14:40:34,2026-06-08 15:11:52,31.3,TASK_FRAUD,25090.95,UPI,BANK_HDFC_SYNTH,NEW_DIGITAL,ZONE_NORTH,14,0,REGISTERED
CMP-2026-03234,2026-03-13 06:42:08,2026-03-13 07:26:44,44.6,PHISHING_UPI,34899.11,IMPS,BANK_SBI_SYNTH,RURAL_REGIONAL,ZONE_NORTH,6,4,REGISTERED
CMP-2026-03235,2026-03-27 19:48:04,2026-03-27 21:52:58,124.9,INVESTMENT_FRAUD,171016.8,NEFT,BANK_SBI_SYNTH,STANDARD,ZONE_CENTRAL,19,4,REGISTERED
CMP-2026-03236,2026-06-10 19:15:40,2026-06-10 19:39:10,23.5,PHISHING_UPI,34601.94,IMPS,BANK_AXIS_SYNTH,NEW_DIGITAL,ZONE_WEST,19,2,REGISTERED
CMP-2026-03237,2026-08-16 14:52:16,2026-08-16 15:07:22,15.1,TASK_FRAUD,99261.02,UPI,BANK_ICIC_SYNTH,NEW_DIGITAL,ZONE_NORTH,14,6,REGISTERED
CMP-2026-03238,2026-04-27 21:25:01,2026-04-27 21:56:01,31.0,PHISHING_UPI,44772.85,UPI,BANK_SBI_SYNTH,RURAL_REGIONAL,ZONE_SOUTH,21,0,REGISTERED
CMP-2026-03239,2026-05-10 19:38:53,2026-05-10 19:57:29,18.6,TASK_FRAUD,47759.97,UPI,BANK_HDFC_SYNTH,STANDARD,ZONE_NORTH,19,6,REGISTERED
CMP-2026-03240,2026-07-13 17:08:30,2026-07-13 19:29:42,141.2,INVESTMENT_FRAUD,51387.98,UPI,BANK_HDFC_SYNTH,RURAL_REGIONAL,ZONE_SOUTH,17,0,REGISTERED
CMP-2026-03241,2026-06-25 15:48:40,2026-06-25 16:58:52,70.2,INVESTMENT_FRAUD,189292.98,IMPS,BANK_HDFC_SYNTH,STANDARD,ZONE_WEST,15,3,REGISTERED
CMP-2026-03242,2026-05-29 17:04:27,2026-05-29 17:27:09,22.7,PHISHING_UPI,52290.84,UPI,BANK_AXIS_SYNTH,STANDARD,ZONE_SOUTH,17,4,REGISTERED
CMP-2026-03243,2026-03-16 16:57:49,2026-03-16 18:16:49,79.0,EXTORTION,16196.48,UPI,BANK_ICIC_SYNTH,RURAL_REGIONAL,ZONE_SOUTH,16,0,REGISTERED
CMP-2026-03244,2026-05-06 12:25:17,2026-05-06 13:11:23,46.1,INVESTMENT_FRAUD,67687.76,UPI,BANK_PNB_SYNTH,NEW_DIGITAL,ZONE_SOUTH,12,2,REGISTERED
CMP-2026-03245,2026-04-24 19:34:38,2026-04-24 21:15:56,101.3,LOAN_SCAM,39942.1,UPI,BANK_HDFC_SYNTH,NEW_DIGITAL,ZONE_CENTRAL,19,4,REGISTERED
CMP-2026-03246,2026-08-01 17:30:32,2026-08-01 18:10:02,39.5,TASK_FRAUD,51538.5,NEFT,BANK_ICIC_SYNTH,NEW_DIGITAL,ZONE_CENTRAL,17,5,REGISTERED
CMP-2026-03247,2026-03-17 12:31:21,2026-03-17 13:07:03,35.7,LOAN_SCAM,7732.78,IMPS,BANK_SBI_SYNTH,NEW_DIGITAL,ZONE_NORTH,12,1,REGISTERED
CMP-2026-03248,2026-04-15 10:17:59,2026-04-15 11:14:59,57.0,LOAN_SCAM,8524.53,UPI,BANK_SBI_SYNTH,STANDARD,ZONE_EAST,10,2,REGISTERED
CMP-2026-03249,2026-06-15 16:14:20,2026-06-15 16:26:20,12.0,PHISHING_UPI,33630.84,UPI,BANK_SBI_SYNTH,NEW_DIGITAL,ZONE_EAST,16,0,REGISTERED
CMP-2026-03250,2026-04-28 10:15:36,2026-04-28 10:38:30,22.9,PHISHING_UPI,54107.97,UPI,BANK_SBI_SYNTH,RURAL_REGIONAL,ZONE_CENTRAL,10,1,REGISTERED
CMP-2026-03251,2026-04-30 16:43:26,2026-04-30 17:29:14,45.8,INVESTMENT_FRAUD,120744.74,UPI,BANK_SBI_SYNTH,STANDARD,ZONE_WEST,16,3,REGISTERED
CMP-2026-03252,2026-06-29 11:12:49,2026-06-29 11:44:31,31.7,INVESTMENT_FRAUD,73328.34,NEFT,BANK_ICIC_SYNTH,RURAL_REGIONAL,ZONE_NORTH,11,0,REGISTERED
CMP-2026-03253,2026-07-02 04:12:43,2026-07-02 04:25:37,12.9,PHISHING_UPI,38082.14,UPI,BANK_SBI_SYNTH,STANDARD,ZONE_CENTRAL,4,3,REGISTERED
CMP-2026-03254,2026-05-23 15:33:11,2026-05-23 15:45:11,12.0,TASK_FRAUD,99536.64,UPI,BANK_ICIC_SYNTH,RURAL_REGIONAL,ZONE_NORTH,15,5,REGISTERED
CMP-2026-03255,2026-06-23 23:13:38,2026-06-23 23:37:50,24.2,EXTORTION,12016.96,NEFT,BANK_HDFC_SYNTH,RURAL_REGIONAL,ZONE_WEST,23,1,REGISTERED
CMP-2026-03256,2026-06-25 14:31:23,2026-06-25 15:14:17,42.9,TASK_FRAUD,40934.21,UPI,BANK_ICIC_SYNTH,RURAL_REGIONAL,ZONE_SOUTH,14,3,REGISTERED
CMP-2026-03257,2026-07-08 18:59:36,2026-07-08 21:41:42,162.1,LOAN_SCAM,23210.6,UPI,BANK_SBI_SYNTH,STANDARD,ZONE_WEST,18,2,REGISTERED
CMP-2026-03258,2026-03-27 13:38:04,2026-03-27 14:37:34,59.5,INVESTMENT_FRAUD,82640.34,UPI,BANK_HDFC_SYNTH,STANDARD,ZONE_SOUTH,13,4,REGISTERED
CMP-2026-03259,2026-07-25 17:25:00,2026-07-25 17:59:18,34.3,TASK_FRAUD,71795.22,UPI,BANK_HDFC_SYNTH,NEW_DIGITAL,ZONE_WEST,17,5,REGISTERED
CMP-2026-03260,2026-08-15 16:29:59,2026-08-15 16:59:23,29.4,LOAN_SCAM,7821.23,IMPS,BANK_PNB_SYNTH,RURAL_REGIONAL,ZONE_NORTH,16,5,REGISTERED
CMP-2026-03261,2026-06-14 09:17:32,2026-06-14 09:36:26,18.9,EXTORTION,15601.58,UPI,BANK_SBI_SYNTH,NEW_DIGITAL,ZONE_WEST,9,6,REGISTERED
CMP-2026-03262,2026-04-17 23:27:40,2026-04-18 01:21:22,113.7,LOAN_SCAM,6974.82,IMPS,BANK_SBI_SYNTH,NEW_DIGITAL,ZONE_SOUTH,23,4,REGISTERED
CMP-2026-03263,2026-06-16 19:30:27,2026-06-16 19:42:27,12.0,PHISHING_UPI,20218.08,IMPS,BANK_ICIC_SYNTH,STANDARD,ZONE_CENTRAL,19,1,REGISTERED
CMP-2026-03264,2026-03-23 19:48:51,2026-03-23 20:23:51,35.0,PHISHING_UPI,21982.21,IMPS,BANK_HDFC_SYNTH,RURAL_REGIONAL,ZONE_EAST,19,0,REGISTERED
CMP-2026-03265,2026-03-08 21:04:17,2026-03-08 22:39:41,95.4,LOAN_SCAM,20327.5,UPI,BANK_HDFC_SYNTH,NEW_DIGITAL,ZONE_NORTH,21,6,REGISTERED
CMP-2026-03266,2026-03-23 13:06:59,2026-03-23 13:27:11,20.2,TASK_FRAUD,64379.78,UPI,BANK_HDFC_SYNTH,NEW_DIGITAL,ZONE_NORTH,13,0,REGISTERED
CMP-2026-03267,2026-04-06 18:57:42,2026-04-06 19:50:24,52.7,EXTORTION,14229.41,UPI,BANK_PNB_SYNTH,STANDARD,ZONE_WEST,18,0,REGISTERED
CMP-2026-03268,2026-03-21 17:39:46,2026-03-21 18:27:58,48.2,INVESTMENT_FRAUD,150198.39,UPI,BANK_PNB_SYNTH,STANDARD,ZONE_SOUTH,17,5,REGISTERED
CMP-2026-03269,2026-04-13 20:14:39,2026-04-13 20:59:09,44.5,INVESTMENT_FRAUD,120426.92,UPI,BANK_PNB_SYNTH,RURAL_REGIONAL,ZONE_EAST,20,0,REGISTERED
CMP-2026-03270,2026-08-15 18:22:53,2026-08-15 19:05:05,42.2,TASK_FRAUD,23313.49,UPI,BANK_ICIC_SYNTH,NEW_DIGITAL,ZONE_EAST,18,5,REGISTERED
CMP-2026-03271,2026-06-08 14:20:48,2026-06-08 15:29:30,68.7,LOAN_SCAM,5000.19,UPI,BANK_ICIC_SYNTH,NEW_DIGITAL,ZONE_SOUTH,14,0,REGISTERED
CMP-2026-03272,2026-04-06 09:39:01,2026-04-06 12:03:07,144.1,INVESTMENT_FRAUD,67294.86,IMPS,BANK_HDFC_SYNTH,STANDARD,ZONE_EAST,9,0,REGISTERED
CMP-2026-03273,2026-03-17 13:47:39,2026-03-17 14:17:27,29.8,LOAN_SCAM,17210.46,UPI,BANK_HDFC_SYNTH,STANDARD,ZONE_SOUTH,13,1,REGISTERED
CMP-2026-03274,2026-04-18 10:31:07,2026-04-18 11:06:01,34.9,INVESTMENT_FRAUD,170454.26,UPI,BANK_SBI_SYNTH,RURAL_REGIONAL,ZONE_CENTRAL,10,5,REGISTERED
CMP-2026-03275,2026-04-09 13:29:39,2026-04-09 13:43:51,14.2,PHISHING_UPI,55376.26,UPI,BANK_HDFC_SYNTH,STANDARD,ZONE_CENTRAL,13,3,REGISTERED
CMP-2026-03276,2026-08-13 19:17:06,2026-08-13 20:04:30,47.4,PHISHING_UPI,32738.53,UPI,BANK_SBI_SYNTH,NEW_DIGITAL,ZONE_EAST,19,3,REGISTERED
CMP-2026-03277,2026-05-18 09:55:38,2026-05-18 10:29:32,33.9,TASK_FRAUD,65796.53,NEFT,BANK_SBI_SYNTH,STANDARD,ZONE_EAST,9,0,REGISTERED
CMP-2026-03278,2026-05-20 13:14:06,2026-05-20 14:42:48,88.7,INVESTMENT_FRAUD,116376.88,UPI,BANK_HDFC_SYNTH,NEW_DIGITAL,ZONE_CENTRAL,13,2,REGISTERED
CMP-2026-03279,2026-05-13 01:28:28,2026-05-13 01:54:46,26.3,INVESTMENT_FRAUD,94608.42,UPI,BANK_ICIC_SYNTH,NEW_DIGITAL,ZONE_WEST,1,2,REGISTERED
CMP-2026-03280,2026-07-14 16:01:34,2026-07-14 16:35:28,33.9,PHISHING_UPI,9832.13,IMPS,BANK_AXIS_SYNTH,NEW_DIGITAL,ZONE_SOUTH,16,1,REGISTERED
CMP-2026-03281,2026-08-06 11:31:27,2026-08-06 11:52:09,20.7,PHISHING_UPI,24539.13,UPI,BANK_ICIC_SYNTH,STANDARD,ZONE_NORTH,11,3,REGISTERED
CMP-2026-03282,2026-04-27 14:31:32,2026-04-27 14:43:32,12.0,PHISHING_UPI,27449.48,IMPS,BANK_SBI_SYNTH,NEW_DIGITAL,ZONE_SOUTH,14,0,REGISTERED
CMP-2026-03283,2026-06-18 22:23:09,2026-06-18 22:35:09,12.0,PHISHING_UPI,40475.21,IMPS,BANK_PNB_SYNTH,STANDARD,ZONE_NORTH,22,3,REGISTERED
CMP-2026-03284,2026-03-31 13:25:13,2026-03-31 13:47:55,22.7,INVESTMENT_FRAUD,141947.81,NEFT,BANK_ICIC_SYNTH,RURAL_REGIONAL,ZONE_NORTH,13,1,REGISTERED
CMP-2026-03285,2026-04-14 09:18:57,2026-04-14 09:46:15,27.3,INVESTMENT_FRAUD,102742.04,UPI,BANK_SBI_SYNTH,STANDARD,ZONE_CENTRAL,9,1,REGISTERED
CMP-2026-03286,2026-08-20 17:43:59,2026-08-20 19:52:47,128.8,INVESTMENT_FRAUD,78311.33,IMPS,BANK_HDFC_SYNTH,NEW_DIGITAL,ZONE_WEST,17,3,REGISTERED
CMP-2026-03287,2026-05-21 15:51:01,2026-05-21 16:05:19,14.3,PHISHING_UPI,13785.82,UPI,BANK_SBI_SYNTH,STANDARD,ZONE_SOUTH,15,3,REGISTERED
CMP-2026-03288,2026-03-04 17:27:46,2026-03-04 17:48:28,20.7,PHISHING_UPI,21474.03,IMPS,BANK_ICIC_SYNTH,STANDARD,ZONE_NORTH,17,2,REGISTERED
CMP-2026-03289,2026-04-15 17:14:17,2026-04-15 17:39:59,25.7,PHISHING_UPI,21752.24,IMPS,BANK_ICIC_SYNTH,STANDARD,ZONE_EAST,17,2,REGISTERED
CMP-2026-03290,2026-03-31 17:54:37,2026-03-31 19:32:25,97.8,INVESTMENT_FRAUD,47968.47,UPI,BANK_AXIS_SYNTH,STANDARD,ZONE_EAST,17,1,REGISTERED
CMP-2026-03291,2026-07-31 17:24:23,2026-07-31 17:46:53,22.5,PHISHING_UPI,57871.28,UPI,BANK_HDFC_SYNTH,NEW_DIGITAL,ZONE_SOUTH,17,4,REGISTERED
CMP-2026-03292,2026-08-12 09:05:39,2026-08-12 09:19:27,13.8,INVESTMENT_FRAUD,196936.84,UPI,BANK_SBI_SYNTH,RURAL_REGIONAL,ZONE_CENTRAL,9,2,REGISTERED
CMP-2026-03293,2026-04-15 07:33:59,2026-04-15 07:59:47,25.8,TASK_FRAUD,34916.31,UPI,BANK_ICIC_SYNTH,NEW_DIGITAL,ZONE_SOUTH,7,2,REGISTERED
CMP-2026-03294,2026-04-22 04:54:27,2026-04-22 05:52:51,58.4,INVESTMENT_FRAUD,99715.52,IMPS,BANK_SBI_SYNTH,NEW_DIGITAL,ZONE_SOUTH,4,2,REGISTERED
CMP-2026-03295,2026-04-11 14:19:10,2026-04-11 14:34:52,15.7,PHISHING_UPI,33356.38,UPI,BANK_SBI_SYNTH,NEW_DIGITAL,ZONE_CENTRAL,14,5,REGISTERED
CMP-2026-03296,2026-08-04 18:39:03,2026-08-04 19:24:51,45.8,INVESTMENT_FRAUD,71406.52,IMPS,BANK_SBI_SYNTH,STANDARD,ZONE_WEST,18,1,REGISTERED
CMP-2026-03297,2026-04-21 17:30:27,2026-04-21 18:15:21,44.9,INVESTMENT_FRAUD,166769.91,UPI,BANK_HDFC_SYNTH,STANDARD,ZONE_EAST,17,1,REGISTERED
CMP-2026-03298,2026-04-12 19:51:12,2026-04-12 20:20:12,29.0,PHISHING_UPI,22653.82,IMPS,BANK_ICIC_SYNTH,STANDARD,ZONE_EAST,19,6,REGISTERED
CMP-2026-03299,2026-03-13 19:06:17,2026-03-13 20:51:11,104.9,EXTORTION,42568.36,UPI,BANK_ICIC_SYNTH,NEW_DIGITAL,ZONE_CENTRAL,19,4,REGISTERED
CMP-2026-03300,2026-06-05 16:49:29,2026-06-05 17:35:11,45.7,INVESTMENT_FRAUD,63529.16,NEFT,BANK_SBI_SYNTH,NEW_DIGITAL,ZONE_WEST,16,4,REGISTERED
CMP-2026-03301,2026-03-28 11:59:11,2026-03-28 12:14:29,15.3,PHISHING_UPI,13450.37,UPI,BANK_PNB_SYNTH,STANDARD,ZONE_SOUTH,11,5,REGISTERED
CMP-2026-03302,2026-04-28 10:10:49,2026-04-28 11:03:37,52.8,TASK_FRAUD,73385.8,UPI,BANK_AXIS_SYNTH,NEW_DIGITAL,ZONE_EAST,10,1,REGISTERED
CMP-2026-03303,2026-05-30 17:57:03,2026-05-30 18:40:15,43.2,TASK_FRAUD,97492.7,NEFT,BANK_HDFC_SYNTH,NEW_DIGITAL,ZONE_WEST,17,5,REGISTERED
CMP-2026-03304,2026-03-29 10:08:15,2026-03-29 10:30:21,22.1,EXTORTION,41447.88,UPI,BANK_ICIC_SYNTH,STANDARD,ZONE_SOUTH,10,6,REGISTERED
CMP-2026-03305,2026-07-29 14:36:50,2026-07-29 15:15:26,38.6,LOAN_SCAM,7734.04,UPI,BANK_ICIC_SYNTH,NEW_DIGITAL,ZONE_SOUTH,14,2,REGISTERED
CMP-2026-03306,2026-05-21 08:45:07,2026-05-21 10:09:31,84.4,LOAN_SCAM,11186.94,UPI,BANK_SBI_SYNTH,NEW_DIGITAL,ZONE_EAST,8,3,REGISTERED
CMP-2026-03307,2026-06-24 15:48:02,2026-06-24 16:39:44,51.7,INVESTMENT_FRAUD,150424.3,UPI,BANK_SBI_SYNTH,STANDARD,ZONE_NORTH,15,2,REGISTERED
CMP-2026-03308,2026-03-25 15:18:29,2026-03-25 16:58:23,99.9,INVESTMENT_FRAUD,190008.06,IMPS,BANK_PNB_SYNTH,NEW_DIGITAL,ZONE_WEST,15,2,REGISTERED
CMP-2026-03309,2026-06-30 15:25:35,2026-06-30 16:31:47,66.2,INVESTMENT_FRAUD,170038.45,UPI,BANK_PNB_SYNTH,STANDARD,ZONE_EAST,15,1,REGISTERED
CMP-2026-03310,2026-08-07 18:29:41,2026-08-07 18:50:11,20.5,INVESTMENT_FRAUD,139536.42,IMPS,BANK_AXIS_SYNTH,STANDARD,ZONE_NORTH,18,4,REGISTERED
CMP-2026-03311,2026-05-03 23:38:36,2026-05-04 01:01:48,83.2,LOAN_SCAM,9614.16,UPI,BANK_HDFC_SYNTH,STANDARD,ZONE_SOUTH,23,6,REGISTERED
CMP-2026-03312,2026-07-14 05:33:59,2026-07-14 06:23:41,49.7,EXTORTION,45827.48,UPI,BANK_ICIC_SYNTH,STANDARD,ZONE_CENTRAL,5,1,REGISTERED
CMP-2026-03313,2026-03-07 19:04:38,2026-03-07 19:46:32,41.9,INVESTMENT_FRAUD,131670.15,UPI,BANK_HDFC_SYNTH,NEW_DIGITAL,ZONE_EAST,19,5,REGISTERED
CMP-2026-03314,2026-07-30 05:07:38,2026-07-30 05:21:38,14.0,PHISHING_UPI,35779.82,UPI,BANK_HDFC_SYNTH,RURAL_REGIONAL,ZONE_CENTRAL,5,3,REGISTERED
CMP-2026-03315,2026-05-08 18:19:23,2026-05-08 18:42:59,23.6,INVESTMENT_FRAUD,82714.39,IMPS,BANK_SBI_SYNTH,STANDARD,ZONE_EAST,18,4,REGISTERED
CMP-2026-03316,2026-04-05 17:01:13,2026-04-05 17:31:13,30.0,INVESTMENT_FRAUD,114618.11,IMPS,BANK_SBI_SYNTH,NEW_DIGITAL,ZONE_SOUTH,17,6,REGISTERED
CMP-2026-03317,2026-06-15 17:48:47,2026-06-15 18:33:41,44.9,INVESTMENT_FRAUD,60897.26,IMPS,BANK_HDFC_SYNTH,RURAL_REGIONAL,ZONE_EAST,17,0,REGISTERED
CMP-2026-03318,2026-03-26 08:57:14,2026-03-26 09:32:44,35.5,LOAN_SCAM,9134.06,NEFT,BANK_HDFC_SYNTH,NEW_DIGITAL,ZONE_EAST,8,3,REGISTERED
CMP-2026-03319,2026-04-15 13:25:29,2026-04-15 13:48:53,23.4,EXTORTION,16189.28,UPI,BANK_HDFC_SYNTH,STANDARD,ZONE_WEST,13,2,REGISTERED
CMP-2026-03320,2026-08-06 11:29:08,2026-08-06 12:53:20,84.2,TASK_FRAUD,62808.25,UPI,BANK_ICIC_SYNTH,RURAL_REGIONAL,ZONE_NORTH,11,3,REGISTERED
CMP-2026-03321,2026-04-14 10:09:57,2026-04-14 10:34:39,24.7,EXTORTION,28150.63,IMPS,BANK_HDFC_SYNTH,NEW_DIGITAL,ZONE_NORTH,10,1,REGISTERED
CMP-2026-03322,2026-04-23 14:03:22,2026-04-23 14:53:58,50.6,INVESTMENT_FRAUD,38885.46,IMPS,BANK_SBI_SYNTH,NEW_DIGITAL,ZONE_NORTH,14,3,REGISTERED
CMP-2026-03323,2026-08-07 20:55:27,2026-08-07 21:31:21,35.9,INVESTMENT_FRAUD,58111.3,UPI,BANK_SBI_SYNTH,NEW_DIGITAL,ZONE_SOUTH,20,4,REGISTERED
CMP-2026-03324,2026-05-03 18:32:35,2026-05-03 19:21:53,49.3,INVESTMENT_FRAUD,115797.29,UPI,BANK_SBI_SYNTH,NEW_DIGITAL,ZONE_SOUTH,18,6,REGISTERED
CMP-2026-03325,2026-03-13 12:21:12,2026-03-13 12:47:48,26.6,TASK_FRAUD,86579.9,UPI,BANK_ICIC_SYNTH,STANDARD,ZONE_SOUTH,12,4,REGISTERED
CMP-2026-03326,2026-03-02 14:06:09,2026-03-02 14:18:39,12.5,PHISHING_UPI,37200.53,IMPS,BANK_SBI_SYNTH,STANDARD,ZONE_SOUTH,14,0,REGISTERED
CMP-2026-03327,2026-05-31 20:40:33,2026-05-31 21:41:27,60.9,INVESTMENT_FRAUD,151383.47,IMPS,BANK_HDFC_SYNTH,STANDARD,ZONE_CENTRAL,20,6,REGISTERED
CMP-2026-03328,2026-07-22 23:29:22,2026-07-23 00:09:52,40.5,INVESTMENT_FRAUD,116184.34,IMPS,BANK_HDFC_SYNTH,STANDARD,ZONE_WEST,23,2,REGISTERED
CMP-2026-03329,2026-05-06 23:51:33,2026-05-07 00:57:27,65.9,INVESTMENT_FRAUD,47460.01,UPI,BANK_HDFC_SYNTH,NEW_DIGITAL,ZONE_CENTRAL,23,2,REGISTERED
CMP-2026-03330,2026-07-15 22:27:48,2026-07-15 22:46:06,18.3,TASK_FRAUD,87384.69,IMPS,BANK_AXIS_SYNTH,NEW_DIGITAL,ZONE_SOUTH,22,2,REGISTERED
CMP-2026-03331,2026-03-28 10:52:24,2026-03-28 11:17:48,25.4,INVESTMENT_FRAUD,114685.74,UPI,BANK_HDFC_SYNTH,STANDARD,ZONE_SOUTH,10,5,REGISTERED
CMP-2026-03332,2026-07-10 07:40:17,2026-07-10 08:22:11,41.9,TASK_FRAUD,75315.55,UPI,BANK_HDFC_SYNTH,STANDARD,ZONE_SOUTH,7,4,REGISTERED
CMP-2026-03333,2026-03-17 18:24:17,2026-03-17 18:36:17,12.0,EXTORTION,12582.83,NEFT,BANK_ICIC_SYNTH,NEW_DIGITAL,ZONE_NORTH,18,1,REGISTERED
CMP-2026-03334,2026-03-03 17:08:12,2026-03-03 17:43:18,35.1,PHISHING_UPI,19225.95,UPI,BANK_SBI_SYNTH,STANDARD,ZONE_NORTH,17,1,REGISTERED
CMP-2026-03335,2026-05-15 13:52:56,2026-05-15 14:38:02,45.1,TASK_FRAUD,37438.17,UPI,BANK_SBI_SYNTH,NEW_DIGITAL,ZONE_WEST,13,4,REGISTERED
CMP-2026-03336,2026-08-26 18:13:00,2026-08-26 18:32:54,19.9,PHISHING_UPI,6685.71,UPI,BANK_AXIS_SYNTH,NEW_DIGITAL,ZONE_EAST,18,2,REGISTERED
CMP-2026-03337,2026-03-30 14:02:16,2026-03-30 14:46:04,43.8,INVESTMENT_FRAUD,41627.55,UPI,BANK_SBI_SYNTH,NEW_DIGITAL,ZONE_NORTH,14,0,REGISTERED
CMP-2026-03338,2026-08-12 16:10:59,2026-08-12 16:38:59,28.0,PHISHING_UPI,6515.54,NEFT,BANK_ICIC_SYNTH,STANDARD,ZONE_SOUTH,16,2,REGISTERED
CMP-2026-03339,2026-05-22 11:57:21,2026-05-22 13:47:03,109.7,LOAN_SCAM,15792.28,IMPS,BANK_SBI_SYNTH,NEW_DIGITAL,ZONE_EAST,11,4,REGISTERED
CMP-2026-03340,2026-08-01 15:16:36,2026-08-01 16:11:18,54.7,TASK_FRAUD,84993.93,UPI,BANK_ICIC_SYNTH,NEW_DIGITAL,ZONE_EAST,15,5,REGISTERED
CMP-2026-03341,2026-06-22 08:20:33,2026-06-22 09:15:33,55.0,INVESTMENT_FRAUD,99359.18,UPI,BANK_HDFC_SYNTH,NEW_DIGITAL,ZONE_EAST,8,0,REGISTERED
CMP-2026-03342,2026-07-24 15:49:57,2026-07-24 16:18:03,28.1,INVESTMENT_FRAUD,39454.34,IMPS,BANK_ICIC_SYNTH,STANDARD,ZONE_EAST,15,4,REGISTERED
CMP-2026-03343,2026-05-18 15:17:21,2026-05-18 15:38:45,21.4,PHISHING_UPI,54192.2,IMPS,BANK_ICIC_SYNTH,NEW_DIGITAL,ZONE_WEST,15,0,REGISTERED
CMP-2026-03344,2026-04-24 18:46:25,2026-04-24 19:42:49,56.4,TASK_FRAUD,98055.47,UPI,BANK_SBI_SYNTH,NEW_DIGITAL,ZONE_NORTH,18,4,REGISTERED
CMP-2026-03345,2026-07-23 16:16:06,2026-07-23 16:33:24,17.3,PHISHING_UPI,32440.53,UPI,BANK_SBI_SYNTH,STANDARD,ZONE_SOUTH,16,3,REGISTERED
CMP-2026-03346,2026-06-08 19:54:50,2026-06-08 20:59:44,64.9,LOAN_SCAM,37647.13,IMPS,BANK_SBI_SYNTH,STANDARD,ZONE_NORTH,19,0,REGISTERED
CMP-2026-03347,2026-05-23 20:09:59,2026-05-23 21:14:29,64.5,INVESTMENT_FRAUD,83951.98,UPI,BANK_HDFC_SYNTH,STANDARD,ZONE_WEST,20,5,REGISTERED
CMP-2026-03348,2026-05-14 15:25:26,2026-05-14 19:54:32,269.1,INVESTMENT_FRAUD,156299.66,UPI,BANK_SBI_SYNTH,STANDARD,ZONE_EAST,15,3,REGISTERED
CMP-2026-03349,2026-03-15 21:10:39,2026-03-15 21:47:03,36.4,INVESTMENT_FRAUD,143507.3,IMPS,BANK_SBI_SYNTH,RURAL_REGIONAL,ZONE_CENTRAL,21,6,REGISTERED
CMP-2026-03350,2026-08-14 14:03:27,2026-08-14 15:02:27,59.0,INVESTMENT_FRAUD,83256.29,UPI,BANK_PNB_SYNTH,STANDARD,ZONE_CENTRAL,14,4,REGISTERED
CMP-2026-03351,2026-03-28 21:30:01,2026-03-28 22:39:31,69.5,LOAN_SCAM,7318.08,IMPS,BANK_AXIS_SYNTH,STANDARD,ZONE_NORTH,21,5,REGISTERED
CMP-2026-03352,2026-03-22 11:15:31,2026-03-22 11:45:31,30.0,INVESTMENT_FRAUD,150073.05,IMPS,BANK_HDFC_SYNTH,NEW_DIGITAL,ZONE_CENTRAL,11,6,REGISTERED
CMP-2026-03353,2026-05-28 14:25:37,2026-05-28 15:43:19,77.7,TASK_FRAUD,42622.46,IMPS,BANK_AXIS_SYNTH,STANDARD,ZONE_EAST,14,3,REGISTERED
CMP-2026-03354,2026-07-31 16:18:15,2026-07-31 17:09:39,51.4,TASK_FRAUD,44864.24,UPI,BANK_ICIC_SYNTH,STANDARD,ZONE_SOUTH,16,4,REGISTERED
CMP-2026-03355,2026-04-30 21:38:20,2026-04-30 22:39:56,61.6,INVESTMENT_FRAUD,54267.0,UPI,BANK_SBI_SYNTH,NEW_DIGITAL,ZONE_EAST,21,3,REGISTERED
CMP-2026-03356,2026-03-19 17:05:50,2026-03-19 18:24:20,78.5,INVESTMENT_FRAUD,84598.65,UPI,BANK_HDFC_SYNTH,RURAL_REGIONAL,ZONE_NORTH,17,3,REGISTERED
CMP-2026-03357,2026-06-06 11:31:57,2026-06-06 11:49:09,17.2,PHISHING_UPI,12504.88,UPI,BANK_HDFC_SYNTH,STANDARD,ZONE_EAST,11,5,REGISTERED
CMP-2026-03358,2026-08-26 19:00:30,2026-08-26 19:17:48,17.3,PHISHING_UPI,29078.46,NEFT,BANK_HDFC_SYNTH,NEW_DIGITAL,ZONE_EAST,19,2,REGISTERED
CMP-2026-03359,2026-07-30 14:43:43,2026-07-30 16:03:37,79.9,INVESTMENT_FRAUD,95830.78,IMPS,BANK_HDFC_SYNTH,NEW_DIGITAL,ZONE_NORTH,14,3,REGISTERED
CMP-2026-03360,2026-07-04 14:42:36,2026-07-04 15:21:30,38.9,INVESTMENT_FRAUD,194081.74,UPI,BANK_AXIS_SYNTH,RURAL_REGIONAL,ZONE_SOUTH,14,5,REGISTERED
CMP-2026-03361,2026-08-08 20:21:06,2026-08-08 20:33:06,12.0,EXTORTION,47755.95,UPI,BANK_ICIC_SYNTH,NEW_DIGITAL,ZONE_SOUTH,20,5,REGISTERED
CMP-2026-03362,2026-06-19 01:52:59,2026-06-19 02:08:17,15.3,TASK_FRAUD,41098.49,NEFT,BANK_PNB_SYNTH,STANDARD,ZONE_WEST,1,4,REGISTERED
CMP-2026-03363,2026-07-27 15:31:06,2026-07-27 16:20:12,49.1,TASK_FRAUD,41071.59,UPI,BANK_HDFC_SYNTH,NEW_DIGITAL,ZONE_EAST,15,0,REGISTERED
CMP-2026-03364,2026-06-19 15:33:04,2026-06-19 16:02:22,29.3,INVESTMENT_FRAUD,164973.63,UPI,BANK_HDFC_SYNTH,NEW_DIGITAL,ZONE_SOUTH,15,4,REGISTERED
CMP-2026-03365,2026-04-21 20:04:29,2026-04-21 20:22:35,18.1,EXTORTION,39765.22,IMPS,BANK_HDFC_SYNTH,RURAL_REGIONAL,ZONE_CENTRAL,20,1,REGISTERED
CMP-2026-03366,2026-07-18 17:32:06,2026-07-18 19:29:54,117.8,LOAN_SCAM,5700.85,NEFT,BANK_ICIC_SYNTH,RURAL_REGIONAL,ZONE_WEST,17,5,REGISTERED
CMP-2026-03367,2026-07-03 23:02:25,2026-07-03 23:26:43,24.3,TASK_FRAUD,55702.96,UPI,BANK_HDFC_SYNTH,NEW_DIGITAL,ZONE_WEST,23,4,REGISTERED
CMP-2026-03368,2026-06-28 19:44:30,2026-06-28 20:39:48,55.3,EXTORTION,25102.75,UPI,BANK_SBI_SYNTH,NEW_DIGITAL,ZONE_EAST,19,6,REGISTERED
CMP-2026-03369,2026-08-19 13:19:18,2026-08-19 13:39:06,19.8,PHISHING_UPI,10003.65,UPI,BANK_AXIS_SYNTH,STANDARD,ZONE_EAST,13,2,REGISTERED
CMP-2026-03370,2026-05-15 15:59:15,2026-05-15 16:25:51,26.6,LOAN_SCAM,24996.7,UPI,BANK_SBI_SYNTH,NEW_DIGITAL,ZONE_WEST,15,4,REGISTERED
CMP-2026-03371,2026-06-28 14:13:15,2026-06-28 15:22:33,69.3,TASK_FRAUD,62972.06,IMPS,BANK_HDFC_SYNTH,NEW_DIGITAL,ZONE_SOUTH,14,6,REGISTERED
CMP-2026-03372,2026-03-07 23:03:37,2026-03-07 23:25:31,21.9,PHISHING_UPI,53075.47,UPI,BANK_PNB_SYNTH,NEW_DIGITAL,ZONE_EAST,23,5,REGISTERED
CMP-2026-03373,2026-03-27 20:28:08,2026-03-27 21:17:56,49.8,INVESTMENT_FRAUD,152052.0,UPI,BANK_SBI_SYNTH,STANDARD,ZONE_EAST,20,4,REGISTERED
CMP-2026-03374,2026-04-20 08:21:44,2026-04-20 08:49:38,27.9,TASK_FRAUD,30479.89,NEFT,BANK_SBI_SYNTH,STANDARD,ZONE_SOUTH,8,0,REGISTERED
CMP-2026-03375,2026-05-18 11:07:59,2026-05-18 11:34:41,26.7,INVESTMENT_FRAUD,132173.73,UPI,BANK_ICIC_SYNTH,RURAL_REGIONAL,ZONE_EAST,11,0,REGISTERED
CMP-2026-03376,2026-04-07 10:30:41,2026-04-07 10:56:23,25.7,PHISHING_UPI,7060.09,IMPS,BANK_SBI_SYNTH,NEW_DIGITAL,ZONE_WEST,10,1,REGISTERED
CMP-2026-03377,2026-05-10 19:22:04,2026-05-10 20:06:58,44.9,INVESTMENT_FRAUD,109630.14,UPI,BANK_SBI_SYNTH,RURAL_REGIONAL,ZONE_NORTH,19,6,REGISTERED
CMP-2026-03378,2026-05-10 13:52:31,2026-05-10 14:15:07,22.6,TASK_FRAUD,65675.93,IMPS,BANK_HDFC_SYNTH,STANDARD,ZONE_EAST,13,6,REGISTERED
CMP-2026-03379,2026-07-20 16:55:20,2026-07-20 17:46:56,51.6,EXTORTION,47418.51,IMPS,BANK_HDFC_SYNTH,RURAL_REGIONAL,ZONE_EAST,16,0,REGISTERED
CMP-2026-03380,2026-07-13 16:45:27,2026-07-13 17:11:57,26.5,INVESTMENT_FRAUD,65906.97,UPI,BANK_PNB_SYNTH,RURAL_REGIONAL,ZONE_SOUTH,16,0,REGISTERED
CMP-2026-03381,2026-03-02 17:50:10,2026-03-02 19:00:58,70.8,EXTORTION,20188.14,IMPS,BANK_SBI_SYNTH,STANDARD,ZONE_SOUTH,17,0,REGISTERED
CMP-2026-03382,2026-05-14 10:31:56,2026-05-14 10:54:26,22.5,INVESTMENT_FRAUD,157367.84,NEFT,BANK_SBI_SYNTH,STANDARD,ZONE_SOUTH,10,3,REGISTERED
CMP-2026-03383,2026-03-27 15:56:08,2026-03-27 16:31:50,35.7,LOAN_SCAM,38227.8,UPI,BANK_SBI_SYNTH,RURAL_REGIONAL,ZONE_CENTRAL,15,4,REGISTERED
CMP-2026-03384,2026-08-20 21:58:12,2026-08-20 22:35:18,37.1,INVESTMENT_FRAUD,181449.35,NEFT,BANK_PNB_SYNTH,NEW_DIGITAL,ZONE_NORTH,21,3,REGISTERED
CMP-2026-03385,2026-03-02 17:23:45,2026-03-02 17:53:45,30.0,PHISHING_UPI,47344.96,NEFT,BANK_ICIC_SYNTH,NEW_DIGITAL,ZONE_EAST,17,0,REGISTERED
CMP-2026-03386,2026-03-19 16:49:52,2026-03-19 17:02:58,13.1,PHISHING_UPI,26784.5,IMPS,BANK_HDFC_SYNTH,NEW_DIGITAL,ZONE_EAST,16,3,REGISTERED
CMP-2026-03387,2026-04-06 21:09:21,2026-04-06 22:46:45,97.4,LOAN_SCAM,28457.11,IMPS,BANK_PNB_SYNTH,RURAL_REGIONAL,ZONE_CENTRAL,21,0,REGISTERED
CMP-2026-03388,2026-06-04 13:56:33,2026-06-04 14:48:15,51.7,TASK_FRAUD,53516.95,UPI,BANK_PNB_SYNTH,NEW_DIGITAL,ZONE_WEST,13,3,REGISTERED
CMP-2026-03389,2026-06-19 15:39:12,2026-06-19 16:40:18,61.1,TASK_FRAUD,98965.1,UPI,BANK_HDFC_SYNTH,STANDARD,ZONE_NORTH,15,4,REGISTERED
CMP-2026-03390,2026-05-21 07:46:37,2026-05-21 08:26:43,40.1,PHISHING_UPI,41913.93,IMPS,BANK_PNB_SYNTH,NEW_DIGITAL,ZONE_CENTRAL,7,3,REGISTERED
CMP-2026-03391,2026-04-29 22:26:37,2026-04-29 23:10:25,43.8,LOAN_SCAM,6011.29,UPI,BANK_SBI_SYNTH,NEW_DIGITAL,ZONE_WEST,22,2,REGISTERED
CMP-2026-03392,2026-05-25 08:56:26,2026-05-25 09:48:08,51.7,TASK_FRAUD,78692.89,IMPS,BANK_SBI_SYNTH,NEW_DIGITAL,ZONE_SOUTH,8,0,REGISTERED
CMP-2026-03393,2026-08-12 18:38:36,2026-08-12 19:08:54,30.3,TASK_FRAUD,29354.59,UPI,BANK_SBI_SYNTH,STANDARD,ZONE_EAST,18,2,REGISTERED
CMP-2026-03394,2026-07-29 04:14:28,2026-07-29 04:38:16,23.8,INVESTMENT_FRAUD,155997.98,IMPS,BANK_HDFC_SYNTH,STANDARD,ZONE_CENTRAL,4,2,REGISTERED
CMP-2026-03395,2026-07-26 04:42:57,2026-07-26 05:18:15,35.3,PHISHING_UPI,47649.5,NEFT,BANK_HDFC_SYNTH,NEW_DIGITAL,ZONE_SOUTH,4,6,REGISTERED
CMP-2026-03396,2026-06-04 14:02:14,2026-06-04 14:50:38,48.4,LOAN_SCAM,11851.6,UPI,BANK_ICIC_SYNTH,NEW_DIGITAL,ZONE_SOUTH,14,3,REGISTERED
CMP-2026-03397,2026-05-20 11:25:00,2026-05-20 12:21:42,56.7,TASK_FRAUD,40172.32,UPI,BANK_HDFC_SYNTH,STANDARD,ZONE_EAST,11,2,REGISTERED
CMP-2026-03398,2026-07-23 14:17:34,2026-07-23 14:59:10,41.6,INVESTMENT_FRAUD,183001.84,IMPS,BANK_ICIC_SYNTH,NEW_DIGITAL,ZONE_NORTH,14,3,REGISTERED
CMP-2026-03399,2026-03-03 09:55:46,2026-03-03 11:19:52,84.1,LOAN_SCAM,20155.0,UPI,BANK_ICIC_SYNTH,NEW_DIGITAL,ZONE_SOUTH,9,1,REGISTERED
CMP-2026-03400,2026-07-17 23:42:03,2026-07-18 00:05:27,23.4,PHISHING_UPI,11353.82,UPI,BANK_HDFC_SYNTH,RURAL_REGIONAL,ZONE_EAST,23,4,REGISTERED
CMP-2026-03401,2026-06-05 05:35:18,2026-06-05 06:47:42,72.4,EXTORTION,12200.97,UPI,BANK_HDFC_SYNTH,NEW_DIGITAL,ZONE_EAST,5,4,REGISTERED
CMP-2026-03402,2026-08-14 22:24:35,2026-08-14 22:44:59,20.4,EXTORTION,15507.45,UPI,BANK_HDFC_SYNTH,NEW_DIGITAL,ZONE_CENTRAL,22,4,REGISTERED
CMP-2026-03403,2026-06-07 10:12:00,2026-06-07 10:37:54,25.9,PHISHING_UPI,5858.63,UPI,BANK_SBI_SYNTH,NEW_DIGITAL,ZONE_SOUTH,10,6,REGISTERED
CMP-2026-03404,2026-04-29 18:15:30,2026-04-29 18:27:30,12.0,PHISHING_UPI,27276.18,IMPS,BANK_HDFC_SYNTH,NEW_DIGITAL,ZONE_SOUTH,18,2,REGISTERED
CMP-2026-03405,2026-07-10 16:10:42,2026-07-10 16:34:30,23.8,INVESTMENT_FRAUD,86313.7,UPI,BANK_AXIS_SYNTH,NEW_DIGITAL,ZONE_EAST,16,4,REGISTERED
CMP-2026-03406,2026-05-14 15:57:27,2026-05-14 16:29:45,32.3,EXTORTION,28660.95,UPI,BANK_SBI_SYNTH,NEW_DIGITAL,ZONE_CENTRAL,15,3,REGISTERED
CMP-2026-03407,2026-07-16 14:18:19,2026-07-16 14:45:01,26.7,EXTORTION,14943.12,UPI,BANK_SBI_SYNTH,RURAL_REGIONAL,ZONE_CENTRAL,14,3,REGISTERED
CMP-2026-03408,2026-07-03 14:40:04,2026-07-03 15:07:58,27.9,LOAN_SCAM,17694.92,IMPS,BANK_ICIC_SYNTH,STANDARD,ZONE_WEST,14,4,REGISTERED
CMP-2026-03409,2026-08-01 10:00:15,2026-08-01 12:41:27,161.2,INVESTMENT_FRAUD,114088.64,UPI,BANK_ICIC_SYNTH,STANDARD,ZONE_WEST,10,5,REGISTERED
CMP-2026-03410,2026-08-21 09:07:48,2026-08-21 09:45:00,37.2,INVESTMENT_FRAUD,78270.18,IMPS,BANK_SBI_SYNTH,NEW_DIGITAL,ZONE_SOUTH,9,4,REGISTERED
CMP-2026-03411,2026-05-30 12:53:49,2026-05-30 13:46:25,52.6,TASK_FRAUD,36267.25,NEFT,BANK_ICIC_SYNTH,NEW_DIGITAL,ZONE_WEST,12,5,REGISTERED
CMP-2026-03412,2026-06-19 16:50:05,2026-06-19 17:15:23,25.3,PHISHING_UPI,8559.5,UPI,BANK_AXIS_SYNTH,NEW_DIGITAL,ZONE_NORTH,16,4,REGISTERED
CMP-2026-03413,2026-05-03 16:24:51,2026-05-03 16:55:45,30.9,TASK_FRAUD,69971.92,NEFT,BANK_SBI_SYNTH,NEW_DIGITAL,ZONE_SOUTH,16,6,REGISTERED
CMP-2026-03414,2026-08-11 13:39:51,2026-08-11 13:51:51,12.0,EXTORTION,48946.48,UPI,BANK_ICIC_SYNTH,STANDARD,ZONE_SOUTH,13,1,REGISTERED
CMP-2026-03415,2026-07-16 06:04:10,2026-07-16 06:32:10,28.0,PHISHING_UPI,21833.96,UPI,BANK_HDFC_SYNTH,NEW_DIGITAL,ZONE_SOUTH,6,3,REGISTERED
CMP-2026-03416,2026-06-02 12:44:34,2026-06-02 13:26:10,41.6,INVESTMENT_FRAUD,136813.46,IMPS,BANK_HDFC_SYNTH,STANDARD,ZONE_SOUTH,12,1,REGISTERED
CMP-2026-03417,2026-03-06 20:54:24,2026-03-06 22:38:12,103.8,INVESTMENT_FRAUD,187915.2,UPI,BANK_ICIC_SYNTH,NEW_DIGITAL,ZONE_EAST,20,4,REGISTERED
CMP-2026-03418,2026-03-19 02:32:49,2026-03-19 02:53:37,20.8,PHISHING_UPI,40002.86,IMPS,BANK_HDFC_SYNTH,RURAL_REGIONAL,ZONE_CENTRAL,2,3,REGISTERED
CMP-2026-03419,2026-06-20 05:30:49,2026-06-20 06:30:13,59.4,INVESTMENT_FRAUD,143348.53,UPI,BANK_AXIS_SYNTH,STANDARD,ZONE_EAST,5,5,REGISTERED
CMP-2026-03420,2026-08-23 16:47:14,2026-08-23 20:35:50,228.6,EXTORTION,36325.18,UPI,BANK_HDFC_SYNTH,NEW_DIGITAL,ZONE_CENTRAL,16,6,REGISTERED
CMP-2026-03421,2026-08-16 17:49:31,2026-08-16 18:18:37,29.1,EXTORTION,10633.22,UPI,BANK_SBI_SYNTH,NEW_DIGITAL,ZONE_CENTRAL,17,6,REGISTERED
CMP-2026-03422,2026-05-09 21:41:23,2026-05-09 22:51:59,70.6,INVESTMENT_FRAUD,78276.97,UPI,BANK_SBI_SYNTH,NEW_DIGITAL,ZONE_WEST,21,5,REGISTERED
CMP-2026-03423,2026-03-07 23:12:00,2026-03-08 00:37:00,85.0,TASK_FRAUD,40594.19,UPI,BANK_HDFC_SYNTH,NEW_DIGITAL,ZONE_CENTRAL,23,5,REGISTERED
CMP-2026-03424,2026-08-25 18:59:23,2026-08-25 19:21:53,22.5,PHISHING_UPI,21707.45,IMPS,BANK_PNB_SYNTH,NEW_DIGITAL,ZONE_WEST,18,1,REGISTERED
CMP-2026-03425,2026-07-13 08:00:20,2026-07-13 08:52:02,51.7,TASK_FRAUD,36834.64,UPI,BANK_ICIC_SYNTH,NEW_DIGITAL,ZONE_EAST,8,0,REGISTERED
CMP-2026-03426,2026-03-16 08:53:06,2026-03-16 09:15:12,22.1,TASK_FRAUD,51482.87,UPI,BANK_ICIC_SYNTH,STANDARD,ZONE_WEST,8,0,REGISTERED
CMP-2026-03427,2026-06-15 08:30:31,2026-06-15 09:12:13,41.7,INVESTMENT_FRAUD,87134.39,UPI,BANK_HDFC_SYNTH,STANDARD,ZONE_EAST,8,0,REGISTERED
CMP-2026-03428,2026-03-22 11:51:02,2026-03-22 12:52:44,61.7,INVESTMENT_FRAUD,37444.0,UPI,BANK_SBI_SYNTH,NEW_DIGITAL,ZONE_CENTRAL,11,6,REGISTERED
CMP-2026-03429,2026-04-14 13:34:52,2026-04-14 14:56:10,81.3,LOAN_SCAM,14316.42,UPI,BANK_AXIS_SYNTH,NEW_DIGITAL,ZONE_CENTRAL,13,1,REGISTERED
CMP-2026-03430,2026-08-02 15:03:19,2026-08-02 15:15:19,12.0,PHISHING_UPI,7370.53,NEFT,BANK_SBI_SYNTH,NEW_DIGITAL,ZONE_NORTH,15,6,REGISTERED
CMP-2026-03431,2026-07-25 20:09:17,2026-07-25 21:21:35,72.3,INVESTMENT_FRAUD,51848.73,UPI,BANK_SBI_SYNTH,NEW_DIGITAL,ZONE_NORTH,20,5,REGISTERED
CMP-2026-03432,2026-08-24 16:33:23,2026-08-24 17:05:53,32.5,TASK_FRAUD,93790.45,UPI,BANK_PNB_SYNTH,NEW_DIGITAL,ZONE_NORTH,16,0,REGISTERED
CMP-2026-03433,2026-07-11 14:26:01,2026-07-11 14:45:25,19.4,INVESTMENT_FRAUD,122568.63,IMPS,BANK_HDFC_SYNTH,NEW_DIGITAL,ZONE_NORTH,14,5,REGISTERED
CMP-2026-03434,2026-04-28 14:45:05,2026-04-28 16:50:17,125.2,LOAN_SCAM,19906.39,UPI,BANK_HDFC_SYNTH,STANDARD,ZONE_EAST,14,1,REGISTERED
CMP-2026-03435,2026-08-15 11:38:38,2026-08-15 12:08:26,29.8,PHISHING_UPI,47854.97,UPI,BANK_SBI_SYNTH,STANDARD,ZONE_NORTH,11,5,REGISTERED
CMP-2026-03436,2026-05-05 14:06:16,2026-05-05 15:14:52,68.6,INVESTMENT_FRAUD,167359.84,UPI,BANK_SBI_SYNTH,NEW_DIGITAL,ZONE_WEST,14,1,REGISTERED
CMP-2026-03437,2026-08-07 11:11:36,2026-08-07 11:36:54,25.3,TASK_FRAUD,56131.28,IMPS,BANK_SBI_SYNTH,STANDARD,ZONE_EAST,11,4,REGISTERED
CMP-2026-03438,2026-04-19 16:53:48,2026-04-19 17:24:48,31.0,PHISHING_UPI,36304.86,UPI,BANK_SBI_SYNTH,NEW_DIGITAL,ZONE_EAST,16,6,REGISTERED
CMP-2026-03439,2026-07-25 17:35:59,2026-07-25 18:18:29,42.5,INVESTMENT_FRAUD,133007.41,NEFT,BANK_AXIS_SYNTH,RURAL_REGIONAL,ZONE_CENTRAL,17,5,REGISTERED
CMP-2026-03440,2026-06-27 11:06:57,2026-06-27 12:13:57,67.0,INVESTMENT_FRAUD,188474.19,UPI,BANK_SBI_SYNTH,STANDARD,ZONE_WEST,11,5,REGISTERED
CMP-2026-03441,2026-04-26 08:56:26,2026-04-26 10:13:02,76.6,INVESTMENT_FRAUD,137869.23,IMPS,BANK_SBI_SYNTH,NEW_DIGITAL,ZONE_NORTH,8,6,REGISTERED
CMP-2026-03442,2026-04-18 15:03:08,2026-04-18 15:18:14,15.1,PHISHING_UPI,40095.75,UPI,BANK_PNB_SYNTH,RURAL_REGIONAL,ZONE_NORTH,15,5,REGISTERED
CMP-2026-03443,2026-05-25 16:30:51,2026-05-25 17:04:45,33.9,INVESTMENT_FRAUD,78618.48,NEFT,BANK_ICIC_SYNTH,NEW_DIGITAL,ZONE_EAST,16,0,REGISTERED
CMP-2026-03444,2026-06-15 16:35:57,2026-06-15 17:27:39,51.7,LOAN_SCAM,10709.46,IMPS,BANK_ICIC_SYNTH,STANDARD,ZONE_SOUTH,16,0,REGISTERED
CMP-2026-03445,2026-04-30 18:11:41,2026-04-30 18:45:23,33.7,TASK_FRAUD,55741.09,UPI,BANK_ICIC_SYNTH,NEW_DIGITAL,ZONE_CENTRAL,18,3,REGISTERED
CMP-2026-03446,2026-07-05 11:06:40,2026-07-05 12:10:16,63.6,INVESTMENT_FRAUD,92881.49,IMPS,BANK_SBI_SYNTH,STANDARD,ZONE_SOUTH,11,6,REGISTERED
CMP-2026-03447,2026-04-09 23:45:08,2026-04-09 23:57:08,12.0,PHISHING_UPI,13672.18,UPI,BANK_SBI_SYNTH,STANDARD,ZONE_CENTRAL,23,3,REGISTERED
CMP-2026-03448,2026-08-26 15:00:43,2026-08-26 15:13:13,12.5,PHISHING_UPI,46273.13,IMPS,BANK_HDFC_SYNTH,NEW_DIGITAL,ZONE_WEST,15,2,REGISTERED
CMP-2026-03449,2026-07-10 13:53:12,2026-07-10 14:08:30,15.3,PHISHING_UPI,32872.95,IMPS,BANK_AXIS_SYNTH,NEW_DIGITAL,ZONE_CENTRAL,13,4,REGISTERED
CMP-2026-03450,2026-03-11 17:13:39,2026-03-11 17:36:57,23.3,TASK_FRAUD,52414.34,NEFT,BANK_HDFC_SYNTH,RURAL_REGIONAL,ZONE_NORTH,17,2,REGISTERED
CMP-2026-03451,2026-04-22 10:08:25,2026-04-22 11:46:49,98.4,INVESTMENT_FRAUD,194814.49,IMPS,BANK_SBI_SYNTH,STANDARD,ZONE_WEST,10,2,REGISTERED
CMP-2026-03452,2026-05-14 16:37:18,2026-05-14 17:18:00,40.7,INVESTMENT_FRAUD,41248.72,IMPS,BANK_AXIS_SYNTH,NEW_DIGITAL,ZONE_NORTH,16,3,REGISTERED
CMP-2026-03453,2026-07-06 13:16:41,2026-07-06 13:45:29,28.8,LOAN_SCAM,19254.39,UPI,BANK_SBI_SYNTH,STANDARD,ZONE_SOUTH,13,0,REGISTERED
CMP-2026-03454,2026-05-12 08:12:47,2026-05-12 09:41:53,89.1,INVESTMENT_FRAUD,77889.98,NEFT,BANK_PNB_SYNTH,STANDARD,ZONE_CENTRAL,8,1,REGISTERED
CMP-2026-03455,2026-06-12 09:52:41,2026-06-12 10:27:17,34.6,PHISHING_UPI,41075.45,UPI,BANK_SBI_SYNTH,STANDARD,ZONE_NORTH,9,4,REGISTERED
CMP-2026-03456,2026-03-24 12:02:14,2026-03-24 12:16:56,14.7,PHISHING_UPI,57284.46,UPI,BANK_SBI_SYNTH,NEW_DIGITAL,ZONE_WEST,12,1,REGISTERED
CMP-2026-03457,2026-07-13 18:46:04,2026-07-13 19:15:40,29.6,TASK_FRAUD,21600.69,UPI,BANK_SBI_SYNTH,NEW_DIGITAL,ZONE_CENTRAL,18,0,REGISTERED
CMP-2026-03458,2026-08-21 07:17:07,2026-08-21 07:42:31,25.4,TASK_FRAUD,70686.64,IMPS,BANK_HDFC_SYNTH,RURAL_REGIONAL,ZONE_CENTRAL,7,4,REGISTERED
CMP-2026-03459,2026-07-28 12:00:26,2026-07-28 12:49:02,48.6,EXTORTION,29104.32,UPI,BANK_HDFC_SYNTH,NEW_DIGITAL,ZONE_NORTH,12,1,REGISTERED
CMP-2026-03460,2026-05-20 22:09:46,2026-05-20 22:49:52,40.1,INVESTMENT_FRAUD,64994.09,UPI,BANK_HDFC_SYNTH,RURAL_REGIONAL,ZONE_CENTRAL,22,2,REGISTERED
CMP-2026-03461,2026-08-04 15:20:26,2026-08-04 15:42:14,21.8,TASK_FRAUD,52513.52,UPI,BANK_HDFC_SYNTH,STANDARD,ZONE_NORTH,15,1,REGISTERED
CMP-2026-03462,2026-04-06 11:40:09,2026-04-06 13:17:09,97.0,LOAN_SCAM,10644.79,IMPS,BANK_HDFC_SYNTH,NEW_DIGITAL,ZONE_WEST,11,0,REGISTERED
CMP-2026-03463,2026-04-03 08:42:54,2026-04-03 09:02:54,20.0,EXTORTION,36478.56,UPI,BANK_HDFC_SYNTH,STANDARD,ZONE_SOUTH,8,4,REGISTERED
CMP-2026-03464,2026-04-13 10:31:17,2026-04-13 11:28:53,57.6,TASK_FRAUD,35003.38,UPI,BANK_SBI_SYNTH,STANDARD,ZONE_CENTRAL,10,0,REGISTERED
CMP-2026-03465,2026-03-01 12:29:10,2026-03-01 12:41:34,12.4,INVESTMENT_FRAUD,133519.94,UPI,BANK_HDFC_SYNTH,NEW_DIGITAL,ZONE_SOUTH,12,6,REGISTERED
CMP-2026-03466,2026-06-03 14:13:26,2026-06-03 14:50:14,36.8,TASK_FRAUD,44701.06,UPI,BANK_HDFC_SYNTH,RURAL_REGIONAL,ZONE_EAST,14,2,REGISTERED
CMP-2026-03467,2026-03-26 14:17:11,2026-03-26 14:43:47,26.6,TASK_FRAUD,41100.87,NEFT,BANK_SBI_SYNTH,NEW_DIGITAL,ZONE_WEST,14,3,REGISTERED
CMP-2026-03468,2026-07-16 14:04:37,2026-07-16 14:54:01,49.4,TASK_FRAUD,70398.04,NEFT,BANK_SBI_SYNTH,NEW_DIGITAL,ZONE_EAST,14,3,REGISTERED
CMP-2026-03469,2026-05-20 07:44:55,2026-05-20 07:58:13,13.3,PHISHING_UPI,5513.17,IMPS,BANK_HDFC_SYNTH,STANDARD,ZONE_EAST,7,2,REGISTERED
CMP-2026-03470,2026-04-18 19:30:14,2026-04-18 19:53:08,22.9,EXTORTION,28595.24,UPI,BANK_PNB_SYNTH,STANDARD,ZONE_CENTRAL,19,5,REGISTERED
CMP-2026-03471,2026-03-04 13:15:41,2026-03-04 14:09:53,54.2,INVESTMENT_FRAUD,50375.52,UPI,BANK_PNB_SYNTH,NEW_DIGITAL,ZONE_WEST,13,2,REGISTERED
CMP-2026-03472,2026-06-08 13:41:59,2026-06-08 14:46:17,64.3,TASK_FRAUD,33888.92,UPI,BANK_ICIC_SYNTH,NEW_DIGITAL,ZONE_SOUTH,13,0,REGISTERED
CMP-2026-03473,2026-07-08 19:33:16,2026-07-08 21:28:16,115.0,LOAN_SCAM,13879.69,UPI,BANK_PNB_SYNTH,NEW_DIGITAL,ZONE_SOUTH,19,2,REGISTERED
CMP-2026-03474,2026-08-03 16:33:51,2026-08-03 16:53:57,20.1,PHISHING_UPI,34278.87,NEFT,BANK_SBI_SYNTH,NEW_DIGITAL,ZONE_CENTRAL,16,0,REGISTERED
CMP-2026-03475,2026-06-11 14:56:06,2026-06-11 16:05:24,69.3,PHISHING_UPI,24435.64,UPI,BANK_PNB_SYNTH,NEW_DIGITAL,ZONE_CENTRAL,14,3,REGISTERED
CMP-2026-03476,2026-04-15 23:15:48,2026-04-16 00:29:00,73.2,LOAN_SCAM,18577.23,NEFT,BANK_HDFC_SYNTH,STANDARD,ZONE_WEST,23,2,REGISTERED
CMP-2026-03477,2026-08-15 10:54:39,2026-08-15 12:10:33,75.9,INVESTMENT_FRAUD,135949.99,UPI,BANK_SBI_SYNTH,STANDARD,ZONE_CENTRAL,10,5,REGISTERED
CMP-2026-03478,2026-08-23 09:00:09,2026-08-23 09:32:15,32.1,INVESTMENT_FRAUD,176264.92,NEFT,BANK_ICIC_SYNTH,RURAL_REGIONAL,ZONE_WEST,9,6,REGISTERED
CMP-2026-03479,2026-04-28 11:44:49,2026-04-28 12:06:13,21.4,INVESTMENT_FRAUD,35496.31,IMPS,BANK_HDFC_SYNTH,STANDARD,ZONE_WEST,11,1,REGISTERED
CMP-2026-03480,2026-03-01 20:12:11,2026-03-01 20:39:05,26.9,TASK_FRAUD,29630.23,UPI,BANK_HDFC_SYNTH,NEW_DIGITAL,ZONE_SOUTH,20,6,REGISTERED
CMP-2026-03481,2026-07-08 13:27:16,2026-07-08 13:57:52,30.6,TASK_FRAUD,43527.61,UPI,BANK_HDFC_SYNTH,NEW_DIGITAL,ZONE_WEST,13,2,REGISTERED
CMP-2026-03482,2026-06-14 11:40:25,2026-06-14 11:53:01,12.6,PHISHING_UPI,17339.59,IMPS,BANK_SBI_SYNTH,RURAL_REGIONAL,ZONE_WEST,11,6,REGISTERED
CMP-2026-03483,2026-05-24 12:12:56,2026-05-24 13:33:56,81.0,TASK_FRAUD,92582.25,NEFT,BANK_SBI_SYNTH,STANDARD,ZONE_NORTH,12,6,REGISTERED
CMP-2026-03484,2026-05-04 22:48:15,2026-05-04 23:00:15,12.0,PHISHING_UPI,30709.34,UPI,BANK_HDFC_SYNTH,STANDARD,ZONE_SOUTH,22,0,REGISTERED
CMP-2026-03485,2026-04-10 05:35:01,2026-04-10 05:53:37,18.6,TASK_FRAUD,37485.36,UPI,BANK_SBI_SYNTH,STANDARD,ZONE_SOUTH,5,4,REGISTERED
CMP-2026-03486,2026-06-10 12:08:14,2026-06-10 12:42:32,34.3,PHISHING_UPI,50245.08,UPI,BANK_HDFC_SYNTH,NEW_DIGITAL,ZONE_NORTH,12,2,REGISTERED
CMP-2026-03487,2026-04-06 11:26:34,2026-04-06 11:50:52,24.3,TASK_FRAUD,90236.98,UPI,BANK_SBI_SYNTH,NEW_DIGITAL,ZONE_WEST,11,0,REGISTERED
CMP-2026-03488,2026-03-14 18:43:35,2026-03-14 21:16:05,152.5,INVESTMENT_FRAUD,172216.86,IMPS,BANK_SBI_SYNTH,STANDARD,ZONE_SOUTH,18,5,REGISTERED
CMP-2026-03489,2026-04-09 15:13:13,2026-04-09 16:13:19,60.1,INVESTMENT_FRAUD,38352.64,UPI,BANK_HDFC_SYNTH,NEW_DIGITAL,ZONE_NORTH,15,3,REGISTERED
CMP-2026-03490,2026-04-16 13:58:37,2026-04-16 14:10:37,12.0,PHISHING_UPI,38013.75,UPI,BANK_ICIC_SYNTH,RURAL_REGIONAL,ZONE_CENTRAL,13,3,REGISTERED
CMP-2026-03491,2026-06-24 13:56:28,2026-06-24 15:14:16,77.8,INVESTMENT_FRAUD,94854.28,IMPS,BANK_SBI_SYNTH,RURAL_REGIONAL,ZONE_CENTRAL,13,2,REGISTERED
CMP-2026-03492,2026-03-17 13:59:15,2026-03-17 15:05:21,66.1,INVESTMENT_FRAUD,108676.75,UPI,BANK_SBI_SYNTH,RURAL_REGIONAL,ZONE_WEST,13,1,REGISTERED
CMP-2026-03493,2026-07-23 14:50:38,2026-07-23 15:29:14,38.6,PHISHING_UPI,21578.26,IMPS,BANK_SBI_SYNTH,NEW_DIGITAL,ZONE_CENTRAL,14,3,REGISTERED
CMP-2026-03494,2026-03-08 11:44:17,2026-03-08 12:05:17,21.0,INVESTMENT_FRAUD,154910.22,UPI,BANK_ICIC_SYNTH,RURAL_REGIONAL,ZONE_EAST,11,6,REGISTERED
CMP-2026-03495,2026-08-14 22:31:52,2026-08-14 23:05:04,33.2,PHISHING_UPI,19960.52,IMPS,BANK_SBI_SYNTH,NEW_DIGITAL,ZONE_WEST,22,4,REGISTERED
CMP-2026-03496,2026-07-22 09:56:21,2026-07-22 10:08:51,12.5,EXTORTION,15707.72,IMPS,BANK_ICIC_SYNTH,NEW_DIGITAL,ZONE_WEST,9,2,REGISTERED
CMP-2026-03497,2026-08-14 10:17:00,2026-08-14 11:44:00,87.0,INVESTMENT_FRAUD,178253.16,UPI,BANK_AXIS_SYNTH,STANDARD,ZONE_WEST,10,4,REGISTERED
CMP-2026-03498,2026-08-16 11:48:28,2026-08-16 12:18:58,30.5,PHISHING_UPI,33073.92,UPI,BANK_SBI_SYNTH,NEW_DIGITAL,ZONE_WEST,11,6,REGISTERED
CMP-2026-03499,2026-03-05 19:06:40,2026-03-05 20:40:52,94.2,EXTORTION,11481.14,UPI,BANK_SBI_SYNTH,RURAL_REGIONAL,ZONE_WEST,19,3,REGISTERED
CMP-2026-03500,2026-04-04 22:52:10,2026-04-04 23:37:10,45.0,TASK_FRAUD,59699.05,IMPS,BANK_ICIC_SYNTH,NEW_DIGITAL,ZONE_NORTH,22,5,REGISTERED
CMP-2026-03501,2026-04-05 20:13:12,2026-04-05 20:58:48,45.6,EXTORTION,14608.92,UPI,BANK_AXIS_SYNTH,NEW_DIGITAL,ZONE_EAST,20,6,REGISTERED
CMP-2026-03502,2026-03-12 22:28:14,2026-03-12 22:42:14,14.0,PHISHING_UPI,29513.49,UPI,BANK_HDFC_SYNTH,NEW_DIGITAL,ZONE_NORTH,22,3,REGISTERED
CMP-2026-03503,2026-03-22 17:58:46,2026-03-22 18:48:28,49.7,TASK_FRAUD,69712.87,IMPS,BANK_HDFC_SYNTH,NEW_DIGITAL,ZONE_WEST,17,6,REGISTERED
CMP-2026-03504,2026-07-29 14:27:09,2026-07-29 15:02:27,35.3,TASK_FRAUD,51561.89,IMPS,BANK_SBI_SYNTH,STANDARD,ZONE_SOUTH,14,2,REGISTERED
CMP-2026-03505,2026-05-25 15:00:10,2026-05-25 15:29:46,29.6,PHISHING_UPI,21833.68,UPI,BANK_SBI_SYNTH,NEW_DIGITAL,ZONE_SOUTH,15,0,REGISTERED
CMP-2026-03506,2026-07-02 14:57:26,2026-07-02 15:09:26,12.0,PHISHING_UPI,46987.28,UPI,BANK_SBI_SYNTH,NEW_DIGITAL,ZONE_SOUTH,14,3,REGISTERED
CMP-2026-03507,2026-04-08 12:09:26,2026-04-08 12:54:20,44.9,INVESTMENT_FRAUD,186328.02,IMPS,BANK_SBI_SYNTH,RURAL_REGIONAL,ZONE_WEST,12,2,REGISTERED
CMP-2026-03508,2026-07-04 07:10:17,2026-07-04 07:22:17,12.0,PHISHING_UPI,6270.34,IMPS,BANK_SBI_SYNTH,NEW_DIGITAL,ZONE_NORTH,7,5,REGISTERED
CMP-2026-03509,2026-03-29 17:38:34,2026-03-29 18:04:22,25.8,TASK_FRAUD,59233.8,UPI,BANK_HDFC_SYNTH,NEW_DIGITAL,ZONE_NORTH,17,6,REGISTERED
CMP-2026-03510,2026-08-19 18:27:11,2026-08-19 18:55:11,28.0,INVESTMENT_FRAUD,53390.09,UPI,BANK_HDFC_SYNTH,STANDARD,ZONE_EAST,18,2,REGISTERED
CMP-2026-03511,2026-04-20 14:16:38,2026-04-20 14:28:44,12.1,PHISHING_UPI,21474.54,IMPS,BANK_SBI_SYNTH,STANDARD,ZONE_SOUTH,14,0,REGISTERED
CMP-2026-03512,2026-04-05 16:18:24,2026-04-05 17:53:54,95.5,INVESTMENT_FRAUD,192489.88,NEFT,BANK_PNB_SYNTH,NEW_DIGITAL,ZONE_CENTRAL,16,6,REGISTERED
CMP-2026-03513,2026-08-05 13:07:50,2026-08-05 13:43:14,35.4,INVESTMENT_FRAUD,72453.07,UPI,BANK_ICIC_SYNTH,STANDARD,ZONE_WEST,13,2,REGISTERED
CMP-2026-03514,2026-04-11 11:44:34,2026-04-11 12:17:40,33.1,TASK_FRAUD,48454.08,UPI,BANK_PNB_SYNTH,NEW_DIGITAL,ZONE_CENTRAL,11,5,REGISTERED
CMP-2026-03515,2026-03-21 21:30:25,2026-03-21 22:10:01,39.6,TASK_FRAUD,46689.8,UPI,BANK_SBI_SYNTH,STANDARD,ZONE_CENTRAL,21,5,REGISTERED
CMP-2026-03516,2026-06-13 14:47:52,2026-06-13 15:08:28,20.6,EXTORTION,38563.58,NEFT,BANK_ICIC_SYNTH,NEW_DIGITAL,ZONE_WEST,14,5,REGISTERED
CMP-2026-03517,2026-04-11 08:08:15,2026-04-11 08:20:15,12.0,PHISHING_UPI,59710.08,UPI,BANK_SBI_SYNTH,STANDARD,ZONE_WEST,8,5,REGISTERED
CMP-2026-03518,2026-05-31 20:38:34,2026-05-31 21:52:52,74.3,LOAN_SCAM,39826.12,IMPS,BANK_PNB_SYNTH,STANDARD,ZONE_CENTRAL,20,6,REGISTERED
CMP-2026-03519,2026-04-13 09:35:05,2026-04-13 11:18:11,103.1,LOAN_SCAM,35740.23,UPI,BANK_SBI_SYNTH,RURAL_REGIONAL,ZONE_CENTRAL,9,0,REGISTERED
CMP-2026-03520,2026-04-16 10:21:35,2026-04-16 10:53:05,31.5,PHISHING_UPI,27540.57,IMPS,BANK_ICIC_SYNTH,NEW_DIGITAL,ZONE_NORTH,10,3,REGISTERED
CMP-2026-03521,2026-03-08 16:31:54,2026-03-08 16:59:12,27.3,TASK_FRAUD,99991.97,UPI,BANK_PNB_SYNTH,STANDARD,ZONE_EAST,16,6,REGISTERED
CMP-2026-03522,2026-03-26 18:50:14,2026-03-26 20:22:56,92.7,INVESTMENT_FRAUD,73415.84,NEFT,BANK_HDFC_SYNTH,NEW_DIGITAL,ZONE_SOUTH,18,3,REGISTERED
CMP-2026-03523,2026-06-21 15:04:27,2026-06-21 15:18:45,14.3,PHISHING_UPI,21284.65,IMPS,BANK_SBI_SYNTH,NEW_DIGITAL,ZONE_NORTH,15,6,REGISTERED
CMP-2026-03524,2026-07-11 05:20:29,2026-07-11 05:36:41,16.2,PHISHING_UPI,39324.4,UPI,BANK_SBI_SYNTH,STANDARD,ZONE_EAST,5,5,REGISTERED
CMP-2026-03525,2026-08-26 18:21:01,2026-08-26 18:49:37,28.6,PHISHING_UPI,31304.86,IMPS,BANK_SBI_SYNTH,NEW_DIGITAL,ZONE_SOUTH,18,2,REGISTERED
CMP-2026-03526,2026-07-19 11:49:42,2026-07-19 12:39:06,49.4,TASK_FRAUD,38566.57,UPI,BANK_HDFC_SYNTH,RURAL_REGIONAL,ZONE_EAST,11,6,REGISTERED
CMP-2026-03527,2026-03-16 16:10:48,2026-03-16 17:16:54,66.1,INVESTMENT_FRAUD,95838.72,UPI,BANK_ICIC_SYNTH,NEW_DIGITAL,ZONE_SOUTH,16,0,REGISTERED
CMP-2026-03528,2026-03-15 13:12:30,2026-03-15 13:32:48,20.3,TASK_FRAUD,40910.6,IMPS,BANK_HDFC_SYNTH,NEW_DIGITAL,ZONE_SOUTH,13,6,REGISTERED
CMP-2026-03529,2026-03-18 16:50:57,2026-03-18 18:01:27,70.5,INVESTMENT_FRAUD,153324.44,UPI,BANK_SBI_SYNTH,STANDARD,ZONE_CENTRAL,16,2,REGISTERED
CMP-2026-03530,2026-03-11 14:40:47,2026-03-11 15:58:35,77.8,TASK_FRAUD,83011.61,UPI,BANK_SBI_SYNTH,STANDARD,ZONE_WEST,14,2,REGISTERED
CMP-2026-03531,2026-03-05 17:09:22,2026-03-05 18:11:04,61.7,INVESTMENT_FRAUD,44831.82,IMPS,BANK_SBI_SYNTH,NEW_DIGITAL,ZONE_EAST,17,3,REGISTERED
CMP-2026-03532,2026-07-22 16:32:41,2026-07-22 16:51:05,18.4,PHISHING_UPI,25282.29,UPI,BANK_ICIC_SYNTH,NEW_DIGITAL,ZONE_NORTH,16,2,REGISTERED
CMP-2026-03533,2026-04-16 16:05:34,2026-04-16 16:23:46,18.2,INVESTMENT_FRAUD,118027.66,UPI,BANK_HDFC_SYNTH,NEW_DIGITAL,ZONE_WEST,16,3,REGISTERED
CMP-2026-03534,2026-04-21 12:33:58,2026-04-21 12:57:28,23.5,TASK_FRAUD,78934.72,UPI,BANK_PNB_SYNTH,NEW_DIGITAL,ZONE_WEST,12,1,REGISTERED
CMP-2026-03535,2026-04-01 11:48:18,2026-04-01 12:17:48,29.5,EXTORTION,32773.77,UPI,BANK_HDFC_SYNTH,NEW_DIGITAL,ZONE_SOUTH,11,2,REGISTERED
CMP-2026-03536,2026-04-26 13:30:02,2026-04-26 14:57:44,87.7,LOAN_SCAM,6041.48,UPI,BANK_AXIS_SYNTH,STANDARD,ZONE_WEST,13,6,REGISTERED
CMP-2026-03537,2026-03-05 18:38:03,2026-03-05 19:20:33,42.5,PHISHING_UPI,48334.41,IMPS,BANK_AXIS_SYNTH,RURAL_REGIONAL,ZONE_CENTRAL,18,3,REGISTERED
CMP-2026-03538,2026-05-08 16:40:21,2026-05-08 16:52:51,12.5,PHISHING_UPI,7106.01,UPI,BANK_SBI_SYNTH,NEW_DIGITAL,ZONE_SOUTH,16,4,REGISTERED
CMP-2026-03539,2026-06-04 15:25:24,2026-06-04 15:54:42,29.3,PHISHING_UPI,34348.36,UPI,BANK_HDFC_SYNTH,RURAL_REGIONAL,ZONE_SOUTH,15,3,REGISTERED
CMP-2026-03540,2026-05-14 08:51:17,2026-05-14 09:12:35,21.3,TASK_FRAUD,58056.81,UPI,BANK_SBI_SYNTH,NEW_DIGITAL,ZONE_WEST,8,3,REGISTERED
CMP-2026-03541,2026-05-06 18:03:23,2026-05-06 18:47:29,44.1,TASK_FRAUD,44410.31,IMPS,BANK_ICIC_SYNTH,NEW_DIGITAL,ZONE_NORTH,18,2,REGISTERED
CMP-2026-03542,2026-07-20 12:24:46,2026-07-20 13:03:46,39.0,PHISHING_UPI,33765.38,NEFT,BANK_SBI_SYNTH,NEW_DIGITAL,ZONE_WEST,12,0,REGISTERED
CMP-2026-03543,2026-03-10 13:13:15,2026-03-10 13:29:33,16.3,PHISHING_UPI,54249.06,UPI,BANK_HDFC_SYNTH,NEW_DIGITAL,ZONE_CENTRAL,13,1,REGISTERED
CMP-2026-03544,2026-07-20 19:01:49,2026-07-20 19:34:55,33.1,INVESTMENT_FRAUD,117512.52,NEFT,BANK_SBI_SYNTH,NEW_DIGITAL,ZONE_EAST,19,0,REGISTERED
CMP-2026-03545,2026-03-11 18:51:03,2026-03-11 19:35:45,44.7,INVESTMENT_FRAUD,95094.51,UPI,BANK_SBI_SYNTH,RURAL_REGIONAL,ZONE_EAST,18,2,REGISTERED
CMP-2026-03546,2026-08-03 15:16:53,2026-08-03 16:05:11,48.3,TASK_FRAUD,53942.19,NEFT,BANK_AXIS_SYNTH,NEW_DIGITAL,ZONE_CENTRAL,15,0,REGISTERED
CMP-2026-03547,2026-07-10 14:54:41,2026-07-10 15:44:05,49.4,EXTORTION,48773.33,IMPS,BANK_HDFC_SYNTH,RURAL_REGIONAL,ZONE_EAST,14,4,REGISTERED
CMP-2026-03548,2026-05-29 14:59:15,2026-05-29 15:44:27,45.2,LOAN_SCAM,28632.82,IMPS,BANK_HDFC_SYNTH,STANDARD,ZONE_WEST,14,4,REGISTERED
CMP-2026-03549,2026-07-08 17:12:33,2026-07-08 17:25:33,13.0,INVESTMENT_FRAUD,131321.7,IMPS,BANK_SBI_SYNTH,STANDARD,ZONE_WEST,17,2,REGISTERED
CMP-2026-03550,2026-03-28 09:04:09,2026-03-28 10:02:57,58.8,PHISHING_UPI,6492.38,NEFT,BANK_HDFC_SYNTH,STANDARD,ZONE_SOUTH,9,5,REGISTERED
CMP-2026-03551,2026-06-02 22:41:42,2026-06-02 23:04:18,22.6,INVESTMENT_FRAUD,157778.49,NEFT,BANK_SBI_SYNTH,NEW_DIGITAL,ZONE_WEST,22,1,REGISTERED
CMP-2026-03552,2026-03-29 14:15:56,2026-03-29 14:39:56,24.0,LOAN_SCAM,21661.99,NEFT,BANK_SBI_SYNTH,RURAL_REGIONAL,ZONE_NORTH,14,6,REGISTERED
CMP-2026-03553,2026-07-09 12:33:27,2026-07-09 13:02:21,28.9,EXTORTION,40205.06,UPI,BANK_ICIC_SYNTH,NEW_DIGITAL,ZONE_EAST,12,3,REGISTERED
CMP-2026-03554,2026-08-20 20:16:05,2026-08-20 20:29:23,13.3,PHISHING_UPI,47809.11,UPI,BANK_HDFC_SYNTH,RURAL_REGIONAL,ZONE_EAST,20,3,REGISTERED
CMP-2026-03555,2026-07-26 20:18:40,2026-07-26 20:37:16,18.6,PHISHING_UPI,34996.15,NEFT,BANK_PNB_SYNTH,STANDARD,ZONE_SOUTH,20,6,REGISTERED
CMP-2026-03556,2026-05-07 15:18:55,2026-05-07 15:52:01,33.1,PHISHING_UPI,23043.6,IMPS,BANK_ICIC_SYNTH,NEW_DIGITAL,ZONE_EAST,15,3,REGISTERED
CMP-2026-03557,2026-04-03 06:50:14,2026-04-03 07:41:08,50.9,PHISHING_UPI,22429.74,IMPS,BANK_HDFC_SYNTH,NEW_DIGITAL,ZONE_CENTRAL,6,4,REGISTERED
CMP-2026-03558,2026-05-01 17:43:11,2026-05-01 18:49:59,66.8,LOAN_SCAM,31206.55,UPI,BANK_SBI_SYNTH,NEW_DIGITAL,ZONE_EAST,17,4,REGISTERED
CMP-2026-03559,2026-06-29 19:30:24,2026-06-29 19:49:48,19.4,PHISHING_UPI,56917.58,UPI,BANK_HDFC_SYNTH,NEW_DIGITAL,ZONE_EAST,19,0,REGISTERED
CMP-2026-03560,2026-08-03 12:32:36,2026-08-03 14:11:54,99.3,TASK_FRAUD,34909.99,UPI,BANK_ICIC_SYNTH,STANDARD,ZONE_EAST,12,0,REGISTERED
CMP-2026-03561,2026-06-04 23:58:58,2026-06-05 00:53:16,54.3,LOAN_SCAM,35725.41,IMPS,BANK_HDFC_SYNTH,STANDARD,ZONE_CENTRAL,23,3,REGISTERED
CMP-2026-03562,2026-05-06 11:35:44,2026-05-06 11:51:50,16.1,PHISHING_UPI,29767.85,UPI,BANK_SBI_SYNTH,STANDARD,ZONE_CENTRAL,11,2,REGISTERED
CMP-2026-03563,2026-07-28 14:17:21,2026-07-28 14:54:15,36.9,INVESTMENT_FRAUD,94557.47,IMPS,BANK_HDFC_SYNTH,STANDARD,ZONE_NORTH,14,1,REGISTERED
CMP-2026-03564,2026-05-23 16:53:44,2026-05-23 17:10:44,17.0,INVESTMENT_FRAUD,111644.32,UPI,BANK_SBI_SYNTH,NEW_DIGITAL,ZONE_NORTH,16,5,REGISTERED
CMP-2026-03565,2026-03-07 14:43:40,2026-03-07 15:12:22,28.7,TASK_FRAUD,60428.46,NEFT,BANK_AXIS_SYNTH,STANDARD,ZONE_EAST,14,5,REGISTERED
CMP-2026-03566,2026-08-12 18:13:48,2026-08-12 18:37:12,23.4,PHISHING_UPI,16888.21,IMPS,BANK_SBI_SYNTH,NEW_DIGITAL,ZONE_WEST,18,2,REGISTERED
CMP-2026-03567,2026-04-04 21:33:16,2026-04-04 22:20:40,47.4,INVESTMENT_FRAUD,46446.43,UPI,BANK_AXIS_SYNTH,RURAL_REGIONAL,ZONE_CENTRAL,21,5,REGISTERED
CMP-2026-03568,2026-05-11 21:14:51,2026-05-11 21:31:33,16.7,TASK_FRAUD,93629.57,NEFT,BANK_ICIC_SYNTH,STANDARD,ZONE_NORTH,21,0,REGISTERED
CMP-2026-03569,2026-07-07 11:29:33,2026-07-07 11:50:15,20.7,INVESTMENT_FRAUD,162941.16,UPI,BANK_SBI_SYNTH,NEW_DIGITAL,ZONE_EAST,11,1,REGISTERED
CMP-2026-03570,2026-06-06 13:38:12,2026-06-06 14:05:42,27.5,LOAN_SCAM,16444.09,UPI,BANK_AXIS_SYNTH,NEW_DIGITAL,ZONE_NORTH,13,5,REGISTERED
CMP-2026-03571,2026-06-22 19:12:31,2026-06-22 20:01:49,49.3,EXTORTION,20735.82,IMPS,BANK_SBI_SYNTH,STANDARD,ZONE_EAST,19,0,REGISTERED
CMP-2026-03572,2026-08-27 14:02:56,2026-08-27 14:27:20,24.4,PHISHING_UPI,46167.11,UPI,BANK_SBI_SYNTH,NEW_DIGITAL,ZONE_WEST,14,3,REGISTERED
CMP-2026-03573,2026-07-09 10:05:58,2026-07-09 10:17:58,12.0,PHISHING_UPI,7113.82,NEFT,BANK_ICIC_SYNTH,NEW_DIGITAL,ZONE_NORTH,10,3,REGISTERED
CMP-2026-03574,2026-04-28 14:24:06,2026-04-28 14:39:12,15.1,PHISHING_UPI,9519.98,IMPS,BANK_SBI_SYNTH,NEW_DIGITAL,ZONE_NORTH,14,1,REGISTERED
CMP-2026-03575,2026-07-19 19:46:55,2026-07-19 21:20:31,93.6,INVESTMENT_FRAUD,143909.03,NEFT,BANK_SBI_SYNTH,NEW_DIGITAL,ZONE_EAST,19,6,REGISTERED
CMP-2026-03576,2026-03-02 09:11:13,2026-03-02 09:47:55,36.7,TASK_FRAUD,25854.46,UPI,BANK_SBI_SYNTH,NEW_DIGITAL,ZONE_CENTRAL,9,0,REGISTERED
CMP-2026-03577,2026-08-27 17:01:37,2026-08-27 17:15:25,13.8,LOAN_SCAM,10655.61,IMPS,BANK_SBI_SYNTH,NEW_DIGITAL,ZONE_WEST,17,3,REGISTERED
CMP-2026-03578,2026-03-21 13:08:53,2026-03-21 13:53:11,44.3,TASK_FRAUD,28211.61,NEFT,BANK_SBI_SYNTH,STANDARD,ZONE_SOUTH,13,5,REGISTERED
CMP-2026-03579,2026-05-07 12:30:40,2026-05-07 12:50:34,19.9,TASK_FRAUD,66220.56,UPI,BANK_PNB_SYNTH,STANDARD,ZONE_SOUTH,12,3,REGISTERED
CMP-2026-03580,2026-07-10 23:52:38,2026-07-11 00:18:38,26.0,PHISHING_UPI,35767.44,IMPS,BANK_PNB_SYNTH,NEW_DIGITAL,ZONE_SOUTH,23,4,REGISTERED
CMP-2026-03581,2026-08-13 08:56:39,2026-08-13 09:11:03,14.4,PHISHING_UPI,55374.65,NEFT,BANK_ICIC_SYNTH,NEW_DIGITAL,ZONE_WEST,8,3,REGISTERED
CMP-2026-03582,2026-07-21 15:08:56,2026-07-21 15:20:56,12.0,PHISHING_UPI,53119.41,UPI,BANK_SBI_SYNTH,NEW_DIGITAL,ZONE_CENTRAL,15,1,REGISTERED
CMP-2026-03583,2026-06-17 15:51:07,2026-06-17 16:43:43,52.6,INVESTMENT_FRAUD,171374.35,NEFT,BANK_ICIC_SYNTH,NEW_DIGITAL,ZONE_WEST,15,2,REGISTERED
CMP-2026-03584,2026-06-24 22:36:18,2026-06-24 22:50:24,14.1,PHISHING_UPI,13360.87,IMPS,BANK_HDFC_SYNTH,STANDARD,ZONE_NORTH,22,2,REGISTERED
CMP-2026-03585,2026-04-10 15:25:33,2026-04-10 15:51:15,25.7,PHISHING_UPI,19181.87,IMPS,BANK_HDFC_SYNTH,NEW_DIGITAL,ZONE_WEST,15,4,REGISTERED
CMP-2026-03586,2026-06-14 13:48:26,2026-06-14 14:19:56,31.5,INVESTMENT_FRAUD,185153.21,NEFT,BANK_PNB_SYNTH,NEW_DIGITAL,ZONE_WEST,13,6,REGISTERED
CMP-2026-03587,2026-06-18 16:32:09,2026-06-18 16:50:09,18.0,INVESTMENT_FRAUD,84298.57,IMPS,BANK_SBI_SYNTH,NEW_DIGITAL,ZONE_WEST,16,3,REGISTERED
CMP-2026-03588,2026-04-30 17:04:05,2026-04-30 17:55:23,51.3,LOAN_SCAM,26677.33,UPI,BANK_SBI_SYNTH,STANDARD,ZONE_WEST,17,3,REGISTERED
CMP-2026-03589,2026-07-04 18:54:46,2026-07-04 19:20:40,25.9,INVESTMENT_FRAUD,153892.74,UPI,BANK_SBI_SYNTH,NEW_DIGITAL,ZONE_NORTH,18,5,REGISTERED
CMP-2026-03590,2026-08-17 23:02:53,2026-08-17 23:20:47,17.9,INVESTMENT_FRAUD,180564.15,UPI,BANK_HDFC_SYNTH,RURAL_REGIONAL,ZONE_NORTH,23,0,REGISTERED
CMP-2026-03591,2026-07-19 23:21:15,2026-07-20 00:54:15,93.0,EXTORTION,33543.87,NEFT,BANK_ICIC_SYNTH,NEW_DIGITAL,ZONE_WEST,23,6,REGISTERED
CMP-2026-03592,2026-05-17 17:50:47,2026-05-17 18:36:11,45.4,TASK_FRAUD,77698.35,UPI,BANK_PNB_SYNTH,NEW_DIGITAL,ZONE_EAST,17,6,REGISTERED
CMP-2026-03593,2026-03-21 12:08:27,2026-03-21 12:34:33,26.1,PHISHING_UPI,18681.97,IMPS,BANK_HDFC_SYNTH,RURAL_REGIONAL,ZONE_EAST,12,5,REGISTERED
CMP-2026-03594,2026-08-17 21:55:03,2026-08-17 22:32:57,37.9,TASK_FRAUD,50336.68,IMPS,BANK_SBI_SYNTH,NEW_DIGITAL,ZONE_NORTH,21,0,REGISTERED
CMP-2026-03595,2026-05-11 11:38:05,2026-05-11 12:19:35,41.5,LOAN_SCAM,18972.68,UPI,BANK_HDFC_SYNTH,NEW_DIGITAL,ZONE_CENTRAL,11,0,REGISTERED
CMP-2026-03596,2026-05-09 09:43:29,2026-05-09 11:14:11,90.7,INVESTMENT_FRAUD,197967.25,UPI,BANK_SBI_SYNTH,NEW_DIGITAL,ZONE_CENTRAL,9,5,REGISTERED
CMP-2026-03597,2026-03-18 08:11:49,2026-03-18 08:23:49,12.0,PHISHING_UPI,9348.09,IMPS,BANK_AXIS_SYNTH,NEW_DIGITAL,ZONE_WEST,8,2,REGISTERED
CMP-2026-03598,2026-07-26 08:32:35,2026-07-26 09:04:41,32.1,INVESTMENT_FRAUD,172971.47,NEFT,BANK_SBI_SYNTH,NEW_DIGITAL,ZONE_EAST,8,6,REGISTERED
CMP-2026-03599,2026-07-31 13:27:48,2026-07-31 14:42:48,75.0,INVESTMENT_FRAUD,199157.53,UPI,BANK_SBI_SYNTH,NEW_DIGITAL,ZONE_CENTRAL,13,4,REGISTERED
CMP-2026-03600,2026-06-20 13:33:53,2026-06-20 17:42:47,248.9,INVESTMENT_FRAUD,57904.43,IMPS,BANK_PNB_SYNTH,NEW_DIGITAL,ZONE_WEST,13,5,REGISTERED
CMP-2026-03601,2026-03-21 18:19:57,2026-03-21 19:08:39,48.7,TASK_FRAUD,46286.25,UPI,BANK_PNB_SYNTH,STANDARD,ZONE_WEST,18,5,REGISTERED
CMP-2026-03602,2026-07-19 10:21:19,2026-07-19 10:38:43,17.4,TASK_FRAUD,55595.66,IMPS,BANK_ICIC_SYNTH,STANDARD,ZONE_NORTH,10,6,REGISTERED
CMP-2026-03603,2026-04-08 14:41:23,2026-04-08 15:03:41,22.3,INVESTMENT_FRAUD,139658.56,UPI,BANK_HDFC_SYNTH,NEW_DIGITAL,ZONE_CENTRAL,14,2,REGISTERED
CMP-2026-03604,2026-03-10 13:42:23,2026-03-10 15:08:35,86.2,INVESTMENT_FRAUD,78005.08,NEFT,BANK_SBI_SYNTH,NEW_DIGITAL,ZONE_WEST,13,1,REGISTERED
CMP-2026-03605,2026-06-18 15:03:32,2026-06-18 15:58:50,55.3,TASK_FRAUD,48706.7,IMPS,BANK_ICIC_SYNTH,RURAL_REGIONAL,ZONE_WEST,15,3,REGISTERED
CMP-2026-03606,2026-04-21 15:11:59,2026-04-21 16:07:23,55.4,INVESTMENT_FRAUD,96302.3,IMPS,BANK_AXIS_SYNTH,RURAL_REGIONAL,ZONE_EAST,15,1,REGISTERED
CMP-2026-03607,2026-06-13 07:10:25,2026-06-13 08:19:01,68.6,TASK_FRAUD,76453.91,NEFT,BANK_SBI_SYNTH,STANDARD,ZONE_SOUTH,7,5,REGISTERED
CMP-2026-03608,2026-07-16 08:36:51,2026-07-16 08:54:03,17.2,PHISHING_UPI,36934.72,UPI,BANK_ICIC_SYNTH,STANDARD,ZONE_EAST,8,3,REGISTERED
CMP-2026-03609,2026-07-28 21:41:38,2026-07-28 22:40:02,58.4,INVESTMENT_FRAUD,151333.44,IMPS,BANK_SBI_SYNTH,STANDARD,ZONE_WEST,21,1,REGISTERED
CMP-2026-03610,2026-03-17 16:33:18,2026-03-17 17:30:18,57.0,TASK_FRAUD,36846.52,UPI,BANK_HDFC_SYNTH,NEW_DIGITAL,ZONE_CENTRAL,16,1,REGISTERED
CMP-2026-03611,2026-06-13 18:40:36,2026-06-13 19:01:48,21.2,INVESTMENT_FRAUD,63148.48,UPI,BANK_HDFC_SYNTH,NEW_DIGITAL,ZONE_WEST,18,5,REGISTERED
CMP-2026-03612,2026-06-10 21:18:01,2026-06-10 21:36:49,18.8,PHISHING_UPI,41638.38,IMPS,BANK_ICIC_SYNTH,RURAL_REGIONAL,ZONE_SOUTH,21,2,REGISTERED
CMP-2026-03613,2026-06-11 16:50:54,2026-06-11 17:05:36,14.7,PHISHING_UPI,54536.64,IMPS,BANK_ICIC_SYNTH,RURAL_REGIONAL,ZONE_EAST,16,3,REGISTERED
CMP-2026-03614,2026-08-08 20:06:11,2026-08-08 20:41:47,35.6,TASK_FRAUD,86859.99,IMPS,BANK_HDFC_SYNTH,NEW_DIGITAL,ZONE_NORTH,20,5,REGISTERED
CMP-2026-03615,2026-07-24 10:14:18,2026-07-24 10:56:24,42.1,TASK_FRAUD,67240.89,UPI,BANK_HDFC_SYNTH,RURAL_REGIONAL,ZONE_WEST,10,4,REGISTERED
CMP-2026-03616,2026-05-12 16:35:03,2026-05-12 17:13:57,38.9,INVESTMENT_FRAUD,192114.03,IMPS,BANK_SBI_SYNTH,NEW_DIGITAL,ZONE_EAST,16,1,REGISTERED
CMP-2026-03617,2026-08-26 16:30:09,2026-08-26 16:45:03,14.9,PHISHING_UPI,31833.51,NEFT,BANK_ICIC_SYNTH,NEW_DIGITAL,ZONE_NORTH,16,2,REGISTERED
CMP-2026-03618,2026-05-15 09:57:01,2026-05-15 10:23:49,26.8,TASK_FRAUD,46395.86,UPI,BANK_PNB_SYNTH,RURAL_REGIONAL,ZONE_EAST,9,4,REGISTERED
CMP-2026-03619,2026-07-13 08:19:35,2026-07-13 10:32:05,132.5,INVESTMENT_FRAUD,55942.95,NEFT,BANK_PNB_SYNTH,NEW_DIGITAL,ZONE_CENTRAL,8,0,REGISTERED
CMP-2026-03620,2026-07-09 21:33:38,2026-07-09 22:11:02,37.4,EXTORTION,48070.02,UPI,BANK_HDFC_SYNTH,STANDARD,ZONE_WEST,21,3,REGISTERED
CMP-2026-03621,2026-06-26 14:57:33,2026-06-26 15:26:27,28.9,INVESTMENT_FRAUD,64282.92,IMPS,BANK_PNB_SYNTH,STANDARD,ZONE_EAST,14,4,REGISTERED
CMP-2026-03622,2026-07-29 17:18:52,2026-07-29 17:55:16,36.4,INVESTMENT_FRAUD,168766.52,IMPS,BANK_AXIS_SYNTH,STANDARD,ZONE_EAST,17,2,REGISTERED
CMP-2026-03623,2026-08-20 10:56:42,2026-08-20 11:30:12,33.5,EXTORTION,31457.49,UPI,BANK_SBI_SYNTH,RURAL_REGIONAL,ZONE_EAST,10,3,REGISTERED
CMP-2026-03624,2026-08-10 19:36:39,2026-08-10 20:42:03,65.4,EXTORTION,38906.73,IMPS,BANK_ICIC_SYNTH,STANDARD,ZONE_CENTRAL,19,0,REGISTERED
CMP-2026-03625,2026-06-07 05:54:50,2026-06-07 07:12:02,77.2,INVESTMENT_FRAUD,70793.2,IMPS,BANK_SBI_SYNTH,NEW_DIGITAL,ZONE_CENTRAL,5,6,REGISTERED
CMP-2026-03626,2026-06-07 18:09:27,2026-06-07 18:54:39,45.2,TASK_FRAUD,75618.72,IMPS,BANK_PNB_SYNTH,NEW_DIGITAL,ZONE_EAST,18,6,REGISTERED
CMP-2026-03627,2026-07-20 14:24:36,2026-07-20 14:56:36,32.0,PHISHING_UPI,34100.3,UPI,BANK_SBI_SYNTH,STANDARD,ZONE_WEST,14,0,REGISTERED
CMP-2026-03628,2026-06-22 14:59:53,2026-06-22 15:15:05,15.2,PHISHING_UPI,54272.1,UPI,BANK_ICIC_SYNTH,RURAL_REGIONAL,ZONE_NORTH,14,0,REGISTERED
CMP-2026-03629,2026-03-18 13:53:43,2026-03-18 14:09:31,15.8,INVESTMENT_FRAUD,85067.41,UPI,BANK_ICIC_SYNTH,STANDARD,ZONE_SOUTH,13,2,REGISTERED
CMP-2026-03630,2026-07-16 09:51:33,2026-07-16 10:03:33,12.0,EXTORTION,17483.63,UPI,BANK_PNB_SYNTH,STANDARD,ZONE_SOUTH,9,3,REGISTERED
CMP-2026-03631,2026-08-24 20:48:07,2026-08-24 21:03:01,14.9,TASK_FRAUD,94472.1,UPI,BANK_ICIC_SYNTH,NEW_DIGITAL,ZONE_EAST,20,0,REGISTERED
CMP-2026-03632,2026-05-11 13:09:15,2026-05-11 13:46:45,37.5,PHISHING_UPI,6819.61,IMPS,BANK_SBI_SYNTH,STANDARD,ZONE_SOUTH,13,0,REGISTERED
CMP-2026-03633,2026-07-31 15:17:40,2026-07-31 15:51:40,34.0,INVESTMENT_FRAUD,185250.58,IMPS,BANK_HDFC_SYNTH,NEW_DIGITAL,ZONE_CENTRAL,15,4,REGISTERED
CMP-2026-03634,2026-08-01 11:53:10,2026-08-01 13:00:22,67.2,INVESTMENT_FRAUD,66850.33,UPI,BANK_HDFC_SYNTH,NEW_DIGITAL,ZONE_EAST,11,5,REGISTERED
CMP-2026-03635,2026-03-01 15:42:54,2026-03-01 15:55:48,12.9,PHISHING_UPI,29892.45,UPI,BANK_HDFC_SYNTH,STANDARD,ZONE_EAST,15,6,REGISTERED
CMP-2026-03636,2026-08-11 23:24:04,2026-08-11 23:57:04,33.0,EXTORTION,46218.31,UPI,BANK_SBI_SYNTH,NEW_DIGITAL,ZONE_WEST,23,1,REGISTERED
CMP-2026-03637,2026-03-22 13:48:24,2026-03-22 14:10:06,21.7,PHISHING_UPI,49130.88,NEFT,BANK_ICIC_SYNTH,RURAL_REGIONAL,ZONE_EAST,13,6,REGISTERED
CMP-2026-03638,2026-04-04 17:39:21,2026-04-04 18:09:33,30.2,TASK_FRAUD,86868.75,UPI,BANK_ICIC_SYNTH,RURAL_REGIONAL,ZONE_SOUTH,17,5,REGISTERED
CMP-2026-03639,2026-07-27 20:01:03,2026-07-27 20:27:15,26.2,TASK_FRAUD,94505.24,NEFT,BANK_PNB_SYNTH,RURAL_REGIONAL,ZONE_WEST,20,0,REGISTERED
CMP-2026-03640,2026-05-07 16:03:39,2026-05-07 16:29:27,25.8,INVESTMENT_FRAUD,163425.5,UPI,BANK_SBI_SYNTH,NEW_DIGITAL,ZONE_NORTH,16,3,REGISTERED
CMP-2026-03641,2026-04-22 20:38:04,2026-04-22 21:13:46,35.7,TASK_FRAUD,30794.77,IMPS,BANK_SBI_SYNTH,RURAL_REGIONAL,ZONE_SOUTH,20,2,REGISTERED
CMP-2026-03642,2026-04-27 15:29:26,2026-04-27 15:41:26,12.0,PHISHING_UPI,8103.81,IMPS,BANK_SBI_SYNTH,NEW_DIGITAL,ZONE_CENTRAL,15,0,REGISTERED
CMP-2026-03643,2026-08-18 12:41:26,2026-08-18 12:55:56,14.5,PHISHING_UPI,12605.77,NEFT,BANK_SBI_SYNTH,STANDARD,ZONE_WEST,12,1,REGISTERED
CMP-2026-03644,2026-04-09 20:17:17,2026-04-09 20:47:23,30.1,PHISHING_UPI,8073.79,IMPS,BANK_SBI_SYNTH,RURAL_REGIONAL,ZONE_EAST,20,3,REGISTERED
CMP-2026-03645,2026-05-19 15:38:18,2026-05-19 15:51:00,12.7,PHISHING_UPI,38716.22,UPI,BANK_SBI_SYNTH,NEW_DIGITAL,ZONE_NORTH,15,1,REGISTERED
CMP-2026-03646,2026-05-20 13:08:46,2026-05-20 14:45:58,97.2,EXTORTION,43660.04,NEFT,BANK_PNB_SYNTH,STANDARD,ZONE_CENTRAL,13,2,REGISTERED
CMP-2026-03647,2026-06-16 07:22:01,2026-06-16 07:51:19,29.3,INVESTMENT_FRAUD,103078.83,IMPS,BANK_SBI_SYNTH,NEW_DIGITAL,ZONE_EAST,7,1,REGISTERED
CMP-2026-03648,2026-07-13 11:31:46,2026-07-13 12:36:16,64.5,INVESTMENT_FRAUD,35315.48,NEFT,BANK_HDFC_SYNTH,RURAL_REGIONAL,ZONE_WEST,11,0,REGISTERED
CMP-2026-03649,2026-08-14 14:10:36,2026-08-14 14:46:30,35.9,TASK_FRAUD,53990.8,IMPS,BANK_PNB_SYNTH,NEW_DIGITAL,ZONE_SOUTH,14,4,REGISTERED
CMP-2026-03650,2026-07-17 12:16:01,2026-07-17 12:50:25,34.4,EXTORTION,26152.32,UPI,BANK_PNB_SYNTH,NEW_DIGITAL,ZONE_EAST,12,4,REGISTERED
CMP-2026-03651,2026-03-13 17:12:12,2026-03-13 17:59:12,47.0,TASK_FRAUD,57782.99,IMPS,BANK_AXIS_SYNTH,STANDARD,ZONE_NORTH,17,4,REGISTERED
CMP-2026-03652,2026-03-17 13:08:59,2026-03-17 13:24:53,15.9,TASK_FRAUD,52102.52,NEFT,BANK_SBI_SYNTH,NEW_DIGITAL,ZONE_SOUTH,13,1,REGISTERED
CMP-2026-03653,2026-08-12 18:25:06,2026-08-12 19:11:00,45.9,PHISHING_UPI,19084.33,IMPS,BANK_HDFC_SYNTH,RURAL_REGIONAL,ZONE_EAST,18,2,REGISTERED
CMP-2026-03654,2026-05-23 09:13:54,2026-05-23 10:46:48,92.9,INVESTMENT_FRAUD,156683.86,NEFT,BANK_SBI_SYNTH,NEW_DIGITAL,ZONE_NORTH,9,5,REGISTERED
CMP-2026-03655,2026-08-11 21:43:06,2026-08-11 22:02:18,19.2,INVESTMENT_FRAUD,129918.2,UPI,BANK_SBI_SYNTH,NEW_DIGITAL,ZONE_SOUTH,21,1,REGISTERED
CMP-2026-03656,2026-03-01 18:07:14,2026-03-01 18:52:56,45.7,TASK_FRAUD,31920.22,UPI,BANK_SBI_SYNTH,STANDARD,ZONE_CENTRAL,18,6,REGISTERED
CMP-2026-03657,2026-08-24 14:20:08,2026-08-24 14:45:14,25.1,TASK_FRAUD,26721.18,UPI,BANK_PNB_SYNTH,STANDARD,ZONE_SOUTH,14,0,REGISTERED
CMP-2026-03658,2026-05-07 14:12:13,2026-05-07 14:24:13,12.0,PHISHING_UPI,6460.05,UPI,BANK_SBI_SYNTH,NEW_DIGITAL,ZONE_EAST,14,3,REGISTERED
CMP-2026-03659,2026-06-15 15:46:10,2026-06-15 18:45:16,179.1,LOAN_SCAM,12710.45,NEFT,BANK_ICIC_SYNTH,NEW_DIGITAL,ZONE_WEST,15,0,REGISTERED
CMP-2026-03660,2026-04-28 07:09:55,2026-04-28 07:25:07,15.2,PHISHING_UPI,16561.57,IMPS,BANK_PNB_SYNTH,STANDARD,ZONE_NORTH,7,1,REGISTERED
CMP-2026-03661,2026-03-18 21:17:18,2026-03-18 21:50:00,32.7,EXTORTION,39386.9,UPI,BANK_ICIC_SYNTH,STANDARD,ZONE_CENTRAL,21,2,REGISTERED
CMP-2026-03662,2026-04-12 19:13:43,2026-04-12 19:52:19,38.6,TASK_FRAUD,61856.51,UPI,BANK_ICIC_SYNTH,NEW_DIGITAL,ZONE_EAST,19,6,REGISTERED
CMP-2026-03663,2026-06-05 16:59:09,2026-06-05 17:22:33,23.4,PHISHING_UPI,30153.42,IMPS,BANK_HDFC_SYNTH,RURAL_REGIONAL,ZONE_NORTH,16,4,REGISTERED
CMP-2026-03664,2026-07-12 17:31:42,2026-07-12 19:15:30,103.8,INVESTMENT_FRAUD,112911.68,NEFT,BANK_ICIC_SYNTH,NEW_DIGITAL,ZONE_EAST,17,6,REGISTERED
CMP-2026-03665,2026-03-14 13:53:10,2026-03-14 14:18:22,25.2,TASK_FRAUD,99683.85,IMPS,BANK_PNB_SYNTH,NEW_DIGITAL,ZONE_EAST,13,5,REGISTERED
CMP-2026-03666,2026-08-08 21:37:34,2026-08-08 21:55:58,18.4,TASK_FRAUD,34834.83,NEFT,BANK_PNB_SYNTH,STANDARD,ZONE_NORTH,21,5,REGISTERED
CMP-2026-03667,2026-03-19 15:12:16,2026-03-19 15:35:04,22.8,INVESTMENT_FRAUD,111702.36,UPI,BANK_HDFC_SYNTH,NEW_DIGITAL,ZONE_EAST,15,3,REGISTERED
CMP-2026-03668,2026-03-31 17:34:21,2026-03-31 18:00:33,26.2,PHISHING_UPI,13640.21,UPI,BANK_AXIS_SYNTH,NEW_DIGITAL,ZONE_CENTRAL,17,1,REGISTERED
CMP-2026-03669,2026-07-20 15:43:38,2026-07-20 15:57:20,13.7,EXTORTION,38923.39,IMPS,BANK_ICIC_SYNTH,NEW_DIGITAL,ZONE_NORTH,15,0,REGISTERED
CMP-2026-03670,2026-04-11 14:52:34,2026-04-11 15:27:16,34.7,INVESTMENT_FRAUD,98047.06,IMPS,BANK_ICIC_SYNTH,STANDARD,ZONE_SOUTH,14,5,REGISTERED
CMP-2026-03671,2026-07-31 12:11:34,2026-07-31 12:32:04,20.5,TASK_FRAUD,86870.89,IMPS,BANK_SBI_SYNTH,RURAL_REGIONAL,ZONE_WEST,12,4,REGISTERED
CMP-2026-03672,2026-05-13 12:21:14,2026-05-13 14:18:56,117.7,INVESTMENT_FRAUD,194811.86,IMPS,BANK_ICIC_SYNTH,RURAL_REGIONAL,ZONE_EAST,12,2,REGISTERED
CMP-2026-03673,2026-08-20 14:01:31,2026-08-20 14:14:55,13.4,PHISHING_UPI,15830.32,NEFT,BANK_SBI_SYNTH,STANDARD,ZONE_NORTH,14,3,REGISTERED
CMP-2026-03674,2026-08-14 22:07:29,2026-08-14 23:35:35,88.1,INVESTMENT_FRAUD,124160.61,IMPS,BANK_SBI_SYNTH,NEW_DIGITAL,ZONE_EAST,22,4,REGISTERED
CMP-2026-03675,2026-05-12 14:31:15,2026-05-12 15:01:33,30.3,TASK_FRAUD,52501.77,UPI,BANK_SBI_SYNTH,RURAL_REGIONAL,ZONE_WEST,14,1,REGISTERED
CMP-2026-03676,2026-06-02 20:51:09,2026-06-02 21:21:09,30.0,PHISHING_UPI,11099.63,UPI,BANK_AXIS_SYNTH,STANDARD,ZONE_CENTRAL,20,1,REGISTERED
CMP-2026-03677,2026-03-03 12:48:00,2026-03-03 13:06:42,18.7,TASK_FRAUD,58806.25,UPI,BANK_HDFC_SYNTH,STANDARD,ZONE_NORTH,12,1,REGISTERED
CMP-2026-03678,2026-03-16 18:53:10,2026-03-16 21:26:22,153.2,INVESTMENT_FRAUD,159114.98,IMPS,BANK_PNB_SYNTH,STANDARD,ZONE_CENTRAL,18,0,REGISTERED
CMP-2026-03679,2026-04-29 11:10:05,2026-04-29 12:48:41,98.6,INVESTMENT_FRAUD,191929.16,UPI,BANK_SBI_SYNTH,RURAL_REGIONAL,ZONE_WEST,11,2,REGISTERED
CMP-2026-03680,2026-07-01 14:42:23,2026-07-01 15:14:53,32.5,TASK_FRAUD,42492.79,UPI,BANK_SBI_SYNTH,NEW_DIGITAL,ZONE_WEST,14,2,REGISTERED
CMP-2026-03681,2026-06-06 17:28:59,2026-06-06 18:17:41,48.7,TASK_FRAUD,51541.98,UPI,BANK_ICIC_SYNTH,STANDARD,ZONE_NORTH,17,5,REGISTERED
CMP-2026-03682,2026-05-12 22:09:46,2026-05-12 22:42:10,32.4,INVESTMENT_FRAUD,96743.12,UPI,BANK_SBI_SYNTH,NEW_DIGITAL,ZONE_SOUTH,22,1,REGISTERED
CMP-2026-03683,2026-03-14 23:36:08,2026-03-14 23:54:14,18.1,PHISHING_UPI,26899.78,IMPS,BANK_SBI_SYNTH,STANDARD,ZONE_EAST,23,5,REGISTERED
CMP-2026-03684,2026-08-22 16:48:38,2026-08-22 17:52:56,64.3,LOAN_SCAM,36097.66,UPI,BANK_SBI_SYNTH,STANDARD,ZONE_CENTRAL,16,5,REGISTERED
CMP-2026-03685,2026-06-09 18:34:49,2026-06-09 18:58:13,23.4,EXTORTION,27797.92,IMPS,BANK_SBI_SYNTH,NEW_DIGITAL,ZONE_CENTRAL,18,1,REGISTERED
CMP-2026-03686,2026-06-18 08:18:50,2026-06-18 09:01:50,43.0,EXTORTION,24664.13,IMPS,BANK_SBI_SYNTH,NEW_DIGITAL,ZONE_EAST,8,3,REGISTERED
CMP-2026-03687,2026-03-23 13:58:02,2026-03-23 14:15:50,17.8,PHISHING_UPI,53040.83,UPI,BANK_AXIS_SYNTH,STANDARD,ZONE_WEST,13,0,REGISTERED
CMP-2026-03688,2026-07-22 17:38:44,2026-07-22 18:02:14,23.5,PHISHING_UPI,32077.99,NEFT,BANK_HDFC_SYNTH,RURAL_REGIONAL,ZONE_CENTRAL,17,2,REGISTERED
CMP-2026-03689,2026-06-16 16:44:16,2026-06-16 18:05:16,81.0,PHISHING_UPI,13118.74,NEFT,BANK_HDFC_SYNTH,STANDARD,ZONE_SOUTH,16,1,REGISTERED
CMP-2026-03690,2026-06-25 13:19:56,2026-06-25 13:52:32,32.6,INVESTMENT_FRAUD,187537.93,UPI,BANK_SBI_SYNTH,NEW_DIGITAL,ZONE_WEST,13,3,REGISTERED
CMP-2026-03691,2026-06-25 10:18:22,2026-06-25 13:34:28,196.1,LOAN_SCAM,32126.64,UPI,BANK_HDFC_SYNTH,RURAL_REGIONAL,ZONE_SOUTH,10,3,REGISTERED
CMP-2026-03692,2026-08-21 21:48:58,2026-08-21 23:58:04,129.1,INVESTMENT_FRAUD,102423.79,IMPS,BANK_HDFC_SYNTH,NEW_DIGITAL,ZONE_EAST,21,4,REGISTERED
CMP-2026-03693,2026-03-17 16:59:11,2026-03-17 17:54:59,55.8,TASK_FRAUD,94012.97,UPI,BANK_HDFC_SYNTH,STANDARD,ZONE_WEST,16,1,REGISTERED
CMP-2026-03694,2026-05-20 07:30:12,2026-05-20 08:14:54,44.7,TASK_FRAUD,33990.78,UPI,BANK_HDFC_SYNTH,STANDARD,ZONE_WEST,7,2,REGISTERED
CMP-2026-03695,2026-03-05 13:39:28,2026-03-05 14:33:34,54.1,INVESTMENT_FRAUD,129962.7,NEFT,BANK_PNB_SYNTH,RURAL_REGIONAL,ZONE_CENTRAL,13,3,REGISTERED
CMP-2026-03696,2026-03-12 21:40:42,2026-03-12 23:47:36,126.9,INVESTMENT_FRAUD,174175.93,NEFT,BANK_HDFC_SYNTH,STANDARD,ZONE_SOUTH,21,3,REGISTERED
CMP-2026-03697,2026-05-29 10:34:31,2026-05-29 11:19:43,45.2,TASK_FRAUD,23355.57,IMPS,BANK_SBI_SYNTH,NEW_DIGITAL,ZONE_SOUTH,10,4,REGISTERED
CMP-2026-03698,2026-08-02 15:36:58,2026-08-02 16:04:34,27.6,INVESTMENT_FRAUD,50689.5,NEFT,BANK_SBI_SYNTH,STANDARD,ZONE_NORTH,15,6,REGISTERED
CMP-2026-03699,2026-03-28 12:53:08,2026-03-28 13:18:02,24.9,PHISHING_UPI,17561.69,IMPS,BANK_SBI_SYNTH,NEW_DIGITAL,ZONE_SOUTH,12,5,REGISTERED
CMP-2026-03700,2026-05-28 08:47:02,2026-05-28 09:31:26,44.4,INVESTMENT_FRAUD,86733.11,IMPS,BANK_HDFC_SYNTH,NEW_DIGITAL,ZONE_SOUTH,8,3,REGISTERED
CMP-2026-03701,2026-07-01 23:00:25,2026-07-01 23:44:25,44.0,INVESTMENT_FRAUD,126328.03,NEFT,BANK_ICIC_SYNTH,STANDARD,ZONE_EAST,23,2,REGISTERED
CMP-2026-03702,2026-07-04 18:56:01,2026-07-04 19:19:55,23.9,LOAN_SCAM,14490.59,UPI,BANK_ICIC_SYNTH,STANDARD,ZONE_SOUTH,18,5,REGISTERED
CMP-2026-03703,2026-07-15 06:24:24,2026-07-15 06:52:24,28.0,TASK_FRAUD,34114.44,IMPS,BANK_SBI_SYNTH,NEW_DIGITAL,ZONE_CENTRAL,6,2,REGISTERED
CMP-2026-03704,2026-06-11 14:01:43,2026-06-11 14:28:13,26.5,EXTORTION,43160.69,IMPS,BANK_SBI_SYNTH,RURAL_REGIONAL,ZONE_SOUTH,14,3,REGISTERED
CMP-2026-03705,2026-08-09 13:11:49,2026-08-09 13:28:31,16.7,PHISHING_UPI,36324.72,IMPS,BANK_SBI_SYNTH,STANDARD,ZONE_CENTRAL,13,6,REGISTERED
CMP-2026-03706,2026-04-02 15:33:25,2026-04-02 16:14:01,40.6,PHISHING_UPI,45045.96,UPI,BANK_SBI_SYNTH,STANDARD,ZONE_SOUTH,15,3,REGISTERED
CMP-2026-03707,2026-04-05 14:22:52,2026-04-05 14:45:52,23.0,TASK_FRAUD,88062.11,NEFT,BANK_SBI_SYNTH,STANDARD,ZONE_WEST,14,6,REGISTERED
CMP-2026-03708,2026-04-14 13:08:43,2026-04-14 13:20:43,12.0,PHISHING_UPI,41715.29,IMPS,BANK_HDFC_SYNTH,STANDARD,ZONE_SOUTH,13,1,REGISTERED
CMP-2026-03709,2026-07-28 20:14:55,2026-07-28 20:27:25,12.5,PHISHING_UPI,55244.82,UPI,BANK_HDFC_SYNTH,NEW_DIGITAL,ZONE_CENTRAL,20,1,REGISTERED
CMP-2026-03710,2026-06-07 13:57:59,2026-06-07 14:10:47,12.8,TASK_FRAUD,98746.28,UPI,BANK_HDFC_SYNTH,NEW_DIGITAL,ZONE_SOUTH,13,6,REGISTERED
CMP-2026-03711,2026-05-01 18:10:16,2026-05-01 20:27:40,137.4,LOAN_SCAM,11491.78,UPI,BANK_HDFC_SYNTH,RURAL_REGIONAL,ZONE_SOUTH,18,4,REGISTERED
CMP-2026-03712,2026-04-03 13:48:21,2026-04-03 14:37:09,48.8,TASK_FRAUD,88202.13,IMPS,BANK_ICIC_SYNTH,STANDARD,ZONE_NORTH,13,4,REGISTERED
CMP-2026-03713,2026-04-02 20:21:24,2026-04-02 20:33:24,12.0,PHISHING_UPI,43867.59,IMPS,BANK_SBI_SYNTH,RURAL_REGIONAL,ZONE_SOUTH,20,3,REGISTERED
CMP-2026-03714,2026-06-15 11:55:44,2026-06-15 12:20:08,24.4,PHISHING_UPI,54356.56,UPI,BANK_ICIC_SYNTH,NEW_DIGITAL,ZONE_WEST,11,0,REGISTERED
CMP-2026-03715,2026-03-19 11:55:32,2026-03-19 12:34:02,38.5,INVESTMENT_FRAUD,65384.27,IMPS,BANK_ICIC_SYNTH,STANDARD,ZONE_SOUTH,11,3,REGISTERED
CMP-2026-03716,2026-05-06 14:01:41,2026-05-06 14:15:47,14.1,LOAN_SCAM,26392.88,UPI,BANK_HDFC_SYNTH,RURAL_REGIONAL,ZONE_WEST,14,2,REGISTERED
CMP-2026-03717,2026-08-20 13:54:35,2026-08-20 14:31:29,36.9,TASK_FRAUD,30637.01,UPI,BANK_AXIS_SYNTH,STANDARD,ZONE_SOUTH,13,3,REGISTERED
CMP-2026-03718,2026-07-15 14:49:43,2026-07-15 15:40:49,51.1,LOAN_SCAM,39094.02,UPI,BANK_AXIS_SYNTH,NEW_DIGITAL,ZONE_WEST,14,2,REGISTERED
CMP-2026-03719,2026-04-10 18:12:19,2026-04-10 18:39:19,27.0,TASK_FRAUD,57617.76,UPI,BANK_SBI_SYNTH,NEW_DIGITAL,ZONE_WEST,18,4,REGISTERED
CMP-2026-03720,2026-08-05 12:57:32,2026-08-05 13:38:50,41.3,INVESTMENT_FRAUD,172343.83,UPI,BANK_ICIC_SYNTH,STANDARD,ZONE_NORTH,12,2,REGISTERED
CMP-2026-03721,2026-03-14 16:53:07,2026-03-14 17:59:13,66.1,TASK_FRAUD,41658.45,UPI,BANK_HDFC_SYNTH,STANDARD,ZONE_WEST,16,5,REGISTERED
CMP-2026-03722,2026-06-16 14:10:03,2026-06-16 14:28:57,18.9,PHISHING_UPI,53864.42,UPI,BANK_SBI_SYNTH,NEW_DIGITAL,ZONE_CENTRAL,14,1,REGISTERED
CMP-2026-03723,2026-04-18 11:02:05,2026-04-18 12:43:11,101.1,LOAN_SCAM,13486.26,NEFT,BANK_ICIC_SYNTH,STANDARD,ZONE_CENTRAL,11,5,REGISTERED
CMP-2026-03724,2026-04-07 13:19:05,2026-04-07 15:44:23,145.3,INVESTMENT_FRAUD,174773.95,UPI,BANK_HDFC_SYNTH,RURAL_REGIONAL,ZONE_NORTH,13,1,REGISTERED
CMP-2026-03725,2026-03-20 08:52:20,2026-03-20 09:09:44,17.4,EXTORTION,38587.49,UPI,BANK_AXIS_SYNTH,STANDARD,ZONE_WEST,8,4,REGISTERED
CMP-2026-03726,2026-07-10 08:23:39,2026-07-10 09:04:51,41.2,TASK_FRAUD,98452.51,IMPS,BANK_HDFC_SYNTH,NEW_DIGITAL,ZONE_EAST,8,4,REGISTERED
CMP-2026-03727,2026-07-26 13:30:46,2026-07-26 14:08:34,37.8,PHISHING_UPI,32381.67,UPI,BANK_HDFC_SYNTH,STANDARD,ZONE_NORTH,13,6,REGISTERED
CMP-2026-03728,2026-06-03 13:15:51,2026-06-03 13:55:39,39.8,INVESTMENT_FRAUD,50753.2,UPI,BANK_HDFC_SYNTH,STANDARD,ZONE_WEST,13,2,REGISTERED
CMP-2026-03729,2026-03-09 20:39:17,2026-03-09 21:41:29,62.2,INVESTMENT_FRAUD,139880.65,UPI,BANK_SBI_SYNTH,NEW_DIGITAL,ZONE_EAST,20,0,REGISTERED
CMP-2026-03730,2026-03-27 18:55:41,2026-03-27 19:12:41,17.0,LOAN_SCAM,23692.62,UPI,BANK_HDFC_SYNTH,RURAL_REGIONAL,ZONE_SOUTH,18,4,REGISTERED
CMP-2026-03731,2026-08-19 09:50:05,2026-08-19 10:04:17,14.2,PHISHING_UPI,38764.81,IMPS,BANK_SBI_SYNTH,STANDARD,ZONE_NORTH,9,2,REGISTERED
CMP-2026-03732,2026-04-01 15:24:39,2026-04-01 15:41:51,17.2,INVESTMENT_FRAUD,150914.53,UPI,BANK_SBI_SYNTH,NEW_DIGITAL,ZONE_WEST,15,2,REGISTERED
CMP-2026-03733,2026-07-04 17:33:30,2026-07-04 17:57:00,23.5,TASK_FRAUD,26551.04,NEFT,BANK_ICIC_SYNTH,NEW_DIGITAL,ZONE_WEST,17,5,REGISTERED
CMP-2026-03734,2026-03-02 14:23:08,2026-03-02 14:54:44,31.6,EXTORTION,26432.86,UPI,BANK_SBI_SYNTH,NEW_DIGITAL,ZONE_NORTH,14,0,REGISTERED
CMP-2026-03735,2026-05-12 13:56:08,2026-05-12 14:53:02,56.9,TASK_FRAUD,23499.02,UPI,BANK_PNB_SYNTH,NEW_DIGITAL,ZONE_EAST,13,1,REGISTERED
CMP-2026-03736,2026-06-09 17:58:51,2026-06-09 18:14:33,15.7,INVESTMENT_FRAUD,72120.03,UPI,BANK_AXIS_SYNTH,STANDARD,ZONE_CENTRAL,17,1,REGISTERED
CMP-2026-03737,2026-04-28 14:49:37,2026-04-28 15:05:25,15.8,INVESTMENT_FRAUD,68669.71,IMPS,BANK_SBI_SYNTH,STANDARD,ZONE_WEST,14,1,REGISTERED
CMP-2026-03738,2026-04-20 14:55:10,2026-04-20 15:27:28,32.3,PHISHING_UPI,58419.05,IMPS,BANK_ICIC_SYNTH,RURAL_REGIONAL,ZONE_WEST,14,0,REGISTERED
CMP-2026-03739,2026-05-31 21:47:57,2026-05-31 22:00:39,12.7,PHISHING_UPI,57892.63,IMPS,BANK_PNB_SYNTH,STANDARD,ZONE_WEST,21,6,REGISTERED
CMP-2026-03740,2026-07-10 15:27:23,2026-07-10 15:39:23,12.0,PHISHING_UPI,43932.07,IMPS,BANK_SBI_SYNTH,STANDARD,ZONE_WEST,15,4,REGISTERED
CMP-2026-03741,2026-07-20 14:53:39,2026-07-20 15:50:51,57.2,INVESTMENT_FRAUD,46741.7,UPI,BANK_SBI_SYNTH,NEW_DIGITAL,ZONE_CENTRAL,14,0,REGISTERED
CMP-2026-03742,2026-04-24 11:39:58,2026-04-24 12:21:58,42.0,PHISHING_UPI,49060.26,IMPS,BANK_ICIC_SYNTH,NEW_DIGITAL,ZONE_NORTH,11,4,REGISTERED
CMP-2026-03743,2026-07-25 23:27:21,2026-07-25 23:49:21,22.0,PHISHING_UPI,33211.41,NEFT,BANK_ICIC_SYNTH,NEW_DIGITAL,ZONE_EAST,23,5,REGISTERED
CMP-2026-03744,2026-03-08 12:51:19,2026-03-08 13:09:19,18.0,PHISHING_UPI,14529.75,NEFT,BANK_HDFC_SYNTH,NEW_DIGITAL,ZONE_CENTRAL,12,6,REGISTERED
CMP-2026-03745,2026-08-06 14:04:15,2026-08-06 14:27:27,23.2,PHISHING_UPI,11665.08,IMPS,BANK_HDFC_SYNTH,STANDARD,ZONE_CENTRAL,14,3,REGISTERED
CMP-2026-03746,2026-07-22 10:55:20,2026-07-22 11:57:44,62.4,INVESTMENT_FRAUD,171107.97,UPI,BANK_SBI_SYNTH,RURAL_REGIONAL,ZONE_CENTRAL,10,2,REGISTERED
CMP-2026-03747,2026-04-28 23:30:02,2026-04-28 23:59:14,29.2,EXTORTION,16469.5,IMPS,BANK_AXIS_SYNTH,STANDARD,ZONE_EAST,23,1,REGISTERED
CMP-2026-03748,2026-06-08 21:11:43,2026-06-08 21:30:55,19.2,TASK_FRAUD,47307.19,NEFT,BANK_ICIC_SYNTH,STANDARD,ZONE_EAST,21,0,REGISTERED
CMP-2026-03749,2026-06-02 18:39:24,2026-06-02 19:46:00,66.6,LOAN_SCAM,32330.92,UPI,BANK_SBI_SYNTH,RURAL_REGIONAL,ZONE_CENTRAL,18,1,REGISTERED
CMP-2026-03750,2026-03-26 15:54:44,2026-03-26 16:39:38,44.9,TASK_FRAUD,98727.77,UPI,BANK_AXIS_SYNTH,NEW_DIGITAL,ZONE_EAST,15,3,REGISTERED
CMP-2026-03751,2026-04-09 13:28:57,2026-04-09 13:53:21,24.4,INVESTMENT_FRAUD,159237.83,IMPS,BANK_HDFC_SYNTH,RURAL_REGIONAL,ZONE_SOUTH,13,3,REGISTERED
CMP-2026-03752,2026-07-08 11:18:41,2026-07-08 11:52:11,33.5,PHISHING_UPI,57011.47,UPI,BANK_PNB_SYNTH,NEW_DIGITAL,ZONE_NORTH,11,2,REGISTERED
CMP-2026-03753,2026-03-24 11:54:32,2026-03-24 12:26:56,32.4,TASK_FRAUD,26466.3,UPI,BANK_SBI_SYNTH,NEW_DIGITAL,ZONE_CENTRAL,11,1,REGISTERED
CMP-2026-03754,2026-07-05 05:58:23,2026-07-05 06:39:29,41.1,INVESTMENT_FRAUD,162986.01,UPI,BANK_SBI_SYNTH,STANDARD,ZONE_NORTH,5,6,REGISTERED
CMP-2026-03755,2026-06-03 21:51:52,2026-06-03 22:25:10,33.3,TASK_FRAUD,60300.45,NEFT,BANK_SBI_SYNTH,RURAL_REGIONAL,ZONE_EAST,21,2,REGISTERED
CMP-2026-03756,2026-04-04 18:04:08,2026-04-04 18:47:50,43.7,TASK_FRAUD,74287.51,IMPS,BANK_HDFC_SYNTH,RURAL_REGIONAL,ZONE_CENTRAL,18,5,REGISTERED
CMP-2026-03757,2026-08-06 14:41:00,2026-08-06 15:09:06,28.1,TASK_FRAUD,96777.11,IMPS,BANK_ICIC_SYNTH,NEW_DIGITAL,ZONE_WEST,14,3,REGISTERED
CMP-2026-03758,2026-07-11 14:56:05,2026-07-11 16:40:41,104.6,INVESTMENT_FRAUD,143965.8,IMPS,BANK_PNB_SYNTH,NEW_DIGITAL,ZONE_SOUTH,14,5,REGISTERED
CMP-2026-03759,2026-04-17 23:10:13,2026-04-17 23:58:01,47.8,TASK_FRAUD,38229.05,UPI,BANK_ICIC_SYNTH,NEW_DIGITAL,ZONE_WEST,23,4,REGISTERED
CMP-2026-03760,2026-05-02 10:34:10,2026-05-02 11:53:46,79.6,TASK_FRAUD,36337.23,UPI,BANK_HDFC_SYNTH,STANDARD,ZONE_SOUTH,10,5,REGISTERED
CMP-2026-03761,2026-06-02 15:05:42,2026-06-02 15:47:36,41.9,INVESTMENT_FRAUD,74085.72,NEFT,BANK_SBI_SYNTH,STANDARD,ZONE_EAST,15,1,REGISTERED
CMP-2026-03762,2026-05-26 15:20:16,2026-05-26 15:42:22,22.1,EXTORTION,16533.09,IMPS,BANK_ICIC_SYNTH,NEW_DIGITAL,ZONE_WEST,15,1,REGISTERED
CMP-2026-03763,2026-06-10 14:17:30,2026-06-10 14:37:48,20.3,PHISHING_UPI,38434.39,IMPS,BANK_AXIS_SYNTH,NEW_DIGITAL,ZONE_CENTRAL,14,2,REGISTERED
CMP-2026-03764,2026-08-17 05:20:09,2026-08-17 05:33:27,13.3,PHISHING_UPI,59344.92,UPI,BANK_HDFC_SYNTH,RURAL_REGIONAL,ZONE_CENTRAL,5,0,REGISTERED
CMP-2026-03765,2026-06-27 15:15:46,2026-06-27 15:27:46,12.0,PHISHING_UPI,29702.76,IMPS,BANK_SBI_SYNTH,NEW_DIGITAL,ZONE_EAST,15,5,REGISTERED
CMP-2026-03766,2026-06-07 21:11:45,2026-06-07 21:36:09,24.4,TASK_FRAUD,72563.63,IMPS,BANK_SBI_SYNTH,NEW_DIGITAL,ZONE_CENTRAL,21,6,REGISTERED
CMP-2026-03767,2026-04-01 12:29:43,2026-04-01 13:35:13,65.5,EXTORTION,37627.76,IMPS,BANK_HDFC_SYNTH,STANDARD,ZONE_NORTH,12,2,REGISTERED
CMP-2026-03768,2026-07-20 13:46:13,2026-07-20 15:08:43,82.5,INVESTMENT_FRAUD,187887.41,IMPS,BANK_HDFC_SYNTH,RURAL_REGIONAL,ZONE_WEST,13,0,REGISTERED
CMP-2026-03769,2026-06-26 12:11:53,2026-06-26 12:31:17,19.4,TASK_FRAUD,83546.05,UPI,BANK_HDFC_SYNTH,NEW_DIGITAL,ZONE_WEST,12,4,REGISTERED
CMP-2026-03770,2026-04-28 18:11:09,2026-04-28 18:26:09,15.0,INVESTMENT_FRAUD,106650.16,NEFT,BANK_AXIS_SYNTH,NEW_DIGITAL,ZONE_NORTH,18,1,REGISTERED
CMP-2026-03771,2026-08-06 14:06:46,2026-08-06 15:14:58,68.2,INVESTMENT_FRAUD,83441.0,IMPS,BANK_HDFC_SYNTH,RURAL_REGIONAL,ZONE_EAST,14,3,REGISTERED
CMP-2026-03772,2026-06-27 18:37:04,2026-06-27 18:59:10,22.1,PHISHING_UPI,33665.51,UPI,BANK_PNB_SYNTH,NEW_DIGITAL,ZONE_CENTRAL,18,5,REGISTERED
CMP-2026-03773,2026-03-26 11:57:10,2026-03-26 13:47:22,110.2,LOAN_SCAM,23189.11,UPI,BANK_PNB_SYNTH,STANDARD,ZONE_WEST,11,3,REGISTERED
CMP-2026-03774,2026-07-05 20:15:50,2026-07-05 20:50:02,34.2,INVESTMENT_FRAUD,133161.76,IMPS,BANK_HDFC_SYNTH,STANDARD,ZONE_NORTH,20,6,REGISTERED
CMP-2026-03775,2026-04-27 11:19:17,2026-04-27 14:00:29,161.2,LOAN_SCAM,7520.68,IMPS,BANK_HDFC_SYNTH,RURAL_REGIONAL,ZONE_NORTH,11,0,REGISTERED
CMP-2026-03776,2026-07-09 13:29:47,2026-07-09 13:57:35,27.8,TASK_FRAUD,23867.43,IMPS,BANK_SBI_SYNTH,NEW_DIGITAL,ZONE_WEST,13,3,REGISTERED
CMP-2026-03777,2026-07-24 19:18:15,2026-07-24 19:30:15,12.0,PHISHING_UPI,41799.61,UPI,BANK_SBI_SYNTH,NEW_DIGITAL,ZONE_CENTRAL,19,4,REGISTERED
CMP-2026-03778,2026-06-11 11:16:55,2026-06-11 11:37:25,20.5,PHISHING_UPI,56191.9,UPI,BANK_SBI_SYNTH,STANDARD,ZONE_CENTRAL,11,3,REGISTERED
CMP-2026-03779,2026-06-19 16:46:07,2026-06-19 16:58:07,12.0,INVESTMENT_FRAUD,172212.03,UPI,BANK_AXIS_SYNTH,NEW_DIGITAL,ZONE_NORTH,16,4,REGISTERED
CMP-2026-03780,2026-06-17 13:54:55,2026-06-17 14:33:13,38.3,LOAN_SCAM,35759.06,UPI,BANK_HDFC_SYNTH,NEW_DIGITAL,ZONE_NORTH,13,2,REGISTERED
CMP-2026-03781,2026-04-03 11:11:28,2026-04-03 11:39:46,28.3,EXTORTION,33412.45,UPI,BANK_ICIC_SYNTH,STANDARD,ZONE_NORTH,11,4,REGISTERED
CMP-2026-03782,2026-06-29 23:38:29,2026-06-29 23:52:59,14.5,INVESTMENT_FRAUD,192847.78,NEFT,BANK_SBI_SYNTH,STANDARD,ZONE_NORTH,23,0,REGISTERED
CMP-2026-03783,2026-04-08 04:45:57,2026-04-08 05:15:51,29.9,TASK_FRAUD,33830.04,UPI,BANK_HDFC_SYNTH,NEW_DIGITAL,ZONE_EAST,4,2,REGISTERED
CMP-2026-03784,2026-06-13 17:35:58,2026-06-13 17:57:34,21.6,PHISHING_UPI,18482.26,UPI,BANK_ICIC_SYNTH,NEW_DIGITAL,ZONE_NORTH,17,5,REGISTERED
CMP-2026-03785,2026-03-27 14:51:43,2026-03-27 16:54:01,122.3,INVESTMENT_FRAUD,81041.12,IMPS,BANK_ICIC_SYNTH,STANDARD,ZONE_WEST,14,4,REGISTERED
CMP-2026-03786,2026-03-25 14:23:25,2026-03-25 14:35:25,12.0,PHISHING_UPI,26427.7,NEFT,BANK_HDFC_SYNTH,NEW_DIGITAL,ZONE_EAST,14,2,REGISTERED
CMP-2026-03787,2026-04-01 19:56:02,2026-04-01 20:34:38,38.6,TASK_FRAUD,60052.08,UPI,BANK_HDFC_SYNTH,STANDARD,ZONE_NORTH,19,2,REGISTERED
CMP-2026-03788,2026-06-18 10:43:56,2026-06-18 10:55:56,12.0,EXTORTION,47814.57,IMPS,BANK_SBI_SYNTH,NEW_DIGITAL,ZONE_WEST,10,3,REGISTERED
CMP-2026-03789,2026-05-02 10:13:44,2026-05-02 11:50:32,96.8,INVESTMENT_FRAUD,120516.26,NEFT,BANK_SBI_SYNTH,STANDARD,ZONE_WEST,10,5,REGISTERED
CMP-2026-03790,2026-06-29 11:22:11,2026-06-29 11:42:29,20.3,PHISHING_UPI,45993.64,UPI,BANK_AXIS_SYNTH,NEW_DIGITAL,ZONE_EAST,11,0,REGISTERED
CMP-2026-03791,2026-08-14 13:51:53,2026-08-14 14:52:41,60.8,PHISHING_UPI,38139.76,UPI,BANK_HDFC_SYNTH,STANDARD,ZONE_CENTRAL,13,4,REGISTERED
CMP-2026-03792,2026-07-21 14:52:49,2026-07-21 15:42:37,49.8,TASK_FRAUD,63123.14,UPI,BANK_SBI_SYNTH,NEW_DIGITAL,ZONE_WEST,14,1,REGISTERED
CMP-2026-03793,2026-04-20 16:19:15,2026-04-20 16:51:27,32.2,EXTORTION,30668.24,NEFT,BANK_SBI_SYNTH,NEW_DIGITAL,ZONE_WEST,16,0,REGISTERED
CMP-2026-03794,2026-06-25 12:52:36,2026-06-25 13:18:54,26.3,PHISHING_UPI,21228.58,NEFT,BANK_SBI_SYNTH,NEW_DIGITAL,ZONE_WEST,12,3,REGISTERED
CMP-2026-03795,2026-06-12 13:07:29,2026-06-12 13:41:59,34.5,TASK_FRAUD,52811.96,IMPS,BANK_SBI_SYNTH,STANDARD,ZONE_CENTRAL,13,4,REGISTERED
CMP-2026-03796,2026-08-19 12:55:46,2026-08-19 13:10:52,15.1,EXTORTION,12314.21,IMPS,BANK_PNB_SYNTH,NEW_DIGITAL,ZONE_NORTH,12,2,REGISTERED
CMP-2026-03797,2026-03-27 05:36:10,2026-03-27 05:55:10,19.0,PHISHING_UPI,5037.98,NEFT,BANK_PNB_SYNTH,STANDARD,ZONE_SOUTH,5,4,REGISTERED
CMP-2026-03798,2026-03-17 10:12:30,2026-03-17 10:46:24,33.9,TASK_FRAUD,33106.37,IMPS,BANK_HDFC_SYNTH,NEW_DIGITAL,ZONE_EAST,10,1,REGISTERED
CMP-2026-03799,2026-07-27 22:58:00,2026-07-27 23:27:54,29.9,INVESTMENT_FRAUD,108079.28,UPI,BANK_SBI_SYNTH,RURAL_REGIONAL,ZONE_WEST,22,0,REGISTERED
CMP-2026-03800,2026-03-15 13:43:37,2026-03-15 14:11:01,27.4,PHISHING_UPI,28539.03,IMPS,BANK_AXIS_SYNTH,RURAL_REGIONAL,ZONE_SOUTH,13,6,REGISTERED
CMP-2026-03801,2026-03-27 12:03:40,2026-03-27 12:22:16,18.6,PHISHING_UPI,57261.43,UPI,BANK_ICIC_SYNTH,NEW_DIGITAL,ZONE_EAST,12,4,REGISTERED
CMP-2026-03802,2026-03-29 14:55:43,2026-03-29 17:03:07,127.4,LOAN_SCAM,11496.19,UPI,BANK_ICIC_SYNTH,NEW_DIGITAL,ZONE_EAST,14,6,REGISTERED
CMP-2026-03803,2026-08-20 11:26:29,2026-08-20 11:51:47,25.3,PHISHING_UPI,24769.73,NEFT,BANK_PNB_SYNTH,STANDARD,ZONE_WEST,11,3,REGISTERED
CMP-2026-03804,2026-06-18 12:47:43,2026-06-18 13:01:49,14.1,PHISHING_UPI,44338.62,UPI,BANK_PNB_SYNTH,NEW_DIGITAL,ZONE_EAST,12,3,REGISTERED
CMP-2026-03805,2026-03-19 19:58:11,2026-03-19 20:59:05,60.9,PHISHING_UPI,39006.8,UPI,BANK_HDFC_SYNTH,RURAL_REGIONAL,ZONE_WEST,19,3,REGISTERED
CMP-2026-03806,2026-05-20 18:46:21,2026-05-20 19:18:33,32.2,TASK_FRAUD,22592.51,UPI,BANK_HDFC_SYNTH,NEW_DIGITAL,ZONE_EAST,18,2,REGISTERED
CMP-2026-03807,2026-08-15 16:12:59,2026-08-15 16:57:35,44.6,INVESTMENT_FRAUD,46559.32,IMPS,BANK_SBI_SYNTH,NEW_DIGITAL,ZONE_CENTRAL,16,5,REGISTERED
CMP-2026-03808,2026-03-07 07:36:12,2026-03-07 08:15:24,39.2,TASK_FRAUD,28779.0,IMPS,BANK_AXIS_SYNTH,NEW_DIGITAL,ZONE_WEST,7,5,REGISTERED
CMP-2026-03809,2026-03-03 19:11:29,2026-03-03 19:37:17,25.8,TASK_FRAUD,72347.58,UPI,BANK_HDFC_SYNTH,NEW_DIGITAL,ZONE_NORTH,19,1,REGISTERED
CMP-2026-03810,2026-07-18 14:06:09,2026-07-18 14:52:21,46.2,EXTORTION,49977.14,UPI,BANK_AXIS_SYNTH,RURAL_REGIONAL,ZONE_NORTH,14,5,REGISTERED
CMP-2026-03811,2026-03-17 13:01:50,2026-03-17 13:26:02,24.2,INVESTMENT_FRAUD,136180.66,NEFT,BANK_HDFC_SYNTH,NEW_DIGITAL,ZONE_NORTH,13,1,REGISTERED
CMP-2026-03812,2026-03-26 08:21:55,2026-03-26 08:50:49,28.9,INVESTMENT_FRAUD,82031.18,UPI,BANK_ICIC_SYNTH,STANDARD,ZONE_CENTRAL,8,3,REGISTERED
CMP-2026-03813,2026-08-24 19:09:38,2026-08-24 19:22:50,13.2,PHISHING_UPI,15134.6,IMPS,BANK_ICIC_SYNTH,NEW_DIGITAL,ZONE_WEST,19,0,REGISTERED
CMP-2026-03814,2026-03-04 15:52:37,2026-03-04 16:04:37,12.0,PHISHING_UPI,31868.49,IMPS,BANK_SBI_SYNTH,NEW_DIGITAL,ZONE_SOUTH,15,2,REGISTERED
CMP-2026-03815,2026-05-02 14:24:53,2026-05-02 15:59:23,94.5,EXTORTION,38521.1,UPI,BANK_ICIC_SYNTH,STANDARD,ZONE_WEST,14,5,REGISTERED
CMP-2026-03816,2026-07-23 15:13:45,2026-07-23 15:44:39,30.9,TASK_FRAUD,84567.0,UPI,BANK_HDFC_SYNTH,NEW_DIGITAL,ZONE_SOUTH,15,3,REGISTERED
CMP-2026-03817,2026-03-24 20:44:37,2026-03-24 20:56:37,12.0,PHISHING_UPI,6935.59,UPI,BANK_ICIC_SYNTH,RURAL_REGIONAL,ZONE_WEST,20,1,REGISTERED
CMP-2026-03818,2026-07-18 17:14:29,2026-07-18 18:35:35,81.1,INVESTMENT_FRAUD,137114.47,UPI,BANK_AXIS_SYNTH,STANDARD,ZONE_SOUTH,17,5,REGISTERED
CMP-2026-03819,2026-04-04 15:59:22,2026-04-04 16:24:22,25.0,TASK_FRAUD,81040.48,NEFT,BANK_HDFC_SYNTH,NEW_DIGITAL,ZONE_SOUTH,15,5,REGISTERED
CMP-2026-03820,2026-07-16 22:08:13,2026-07-16 23:15:49,67.6,LOAN_SCAM,27760.88,UPI,BANK_SBI_SYNTH,NEW_DIGITAL,ZONE_EAST,22,3,REGISTERED
CMP-2026-03821,2026-04-16 13:04:56,2026-04-16 13:25:38,20.7,TASK_FRAUD,39923.93,IMPS,BANK_ICIC_SYNTH,NEW_DIGITAL,ZONE_SOUTH,13,3,REGISTERED
CMP-2026-03822,2026-03-05 21:30:59,2026-03-05 22:19:53,48.9,PHISHING_UPI,51450.12,NEFT,BANK_ICIC_SYNTH,NEW_DIGITAL,ZONE_CENTRAL,21,3,REGISTERED
CMP-2026-03823,2026-05-05 15:10:30,2026-05-05 15:51:00,40.5,PHISHING_UPI,53282.31,IMPS,BANK_ICIC_SYNTH,NEW_DIGITAL,ZONE_NORTH,15,1,REGISTERED
CMP-2026-03824,2026-04-20 17:10:38,2026-04-20 17:28:38,18.0,PHISHING_UPI,56092.71,NEFT,BANK_SBI_SYNTH,RURAL_REGIONAL,ZONE_CENTRAL,17,0,REGISTERED
CMP-2026-03825,2026-08-21 20:27:27,2026-08-21 20:54:45,27.3,LOAN_SCAM,24057.73,UPI,BANK_SBI_SYNTH,NEW_DIGITAL,ZONE_EAST,20,4,REGISTERED
CMP-2026-03826,2026-03-05 11:14:08,2026-03-05 11:44:26,30.3,INVESTMENT_FRAUD,71818.96,UPI,BANK_SBI_SYNTH,STANDARD,ZONE_SOUTH,11,3,REGISTERED
CMP-2026-03827,2026-06-04 21:57:06,2026-06-04 22:41:54,44.8,EXTORTION,24310.08,IMPS,BANK_PNB_SYNTH,STANDARD,ZONE_NORTH,21,3,REGISTERED
CMP-2026-03828,2026-08-19 14:10:52,2026-08-19 14:38:58,28.1,PHISHING_UPI,44965.53,UPI,BANK_SBI_SYNTH,STANDARD,ZONE_WEST,14,2,REGISTERED
CMP-2026-03829,2026-06-22 15:00:14,2026-06-22 15:43:56,43.7,TASK_FRAUD,87850.88,IMPS,BANK_AXIS_SYNTH,NEW_DIGITAL,ZONE_EAST,15,0,REGISTERED
CMP-2026-03830,2026-03-06 13:03:07,2026-03-06 13:15:49,12.7,PHISHING_UPI,6246.55,NEFT,BANK_ICIC_SYNTH,NEW_DIGITAL,ZONE_CENTRAL,13,4,REGISTERED
CMP-2026-03831,2026-05-12 23:31:36,2026-05-12 23:51:54,20.3,PHISHING_UPI,24585.41,UPI,BANK_SBI_SYNTH,STANDARD,ZONE_SOUTH,23,1,REGISTERED
CMP-2026-03832,2026-06-24 06:23:27,2026-06-24 07:22:45,59.3,INVESTMENT_FRAUD,42709.62,IMPS,BANK_SBI_SYNTH,NEW_DIGITAL,ZONE_CENTRAL,6,2,REGISTERED
CMP-2026-03833,2026-04-25 14:04:23,2026-04-25 15:29:53,85.5,INVESTMENT_FRAUD,66546.41,UPI,BANK_ICIC_SYNTH,RURAL_REGIONAL,ZONE_EAST,14,5,REGISTERED
CMP-2026-03834,2026-05-06 13:27:53,2026-05-06 14:39:53,72.0,TASK_FRAUD,85850.71,NEFT,BANK_SBI_SYNTH,STANDARD,ZONE_SOUTH,13,2,REGISTERED
CMP-2026-03835,2026-07-30 14:08:53,2026-07-30 15:44:47,95.9,INVESTMENT_FRAUD,47045.39,IMPS,BANK_SBI_SYNTH,NEW_DIGITAL,ZONE_NORTH,14,3,REGISTERED
CMP-2026-03836,2026-05-18 09:07:02,2026-05-18 12:30:20,203.3,LOAN_SCAM,32291.6,IMPS,BANK_SBI_SYNTH,STANDARD,ZONE_SOUTH,9,0,REGISTERED
CMP-2026-03837,2026-07-22 11:32:07,2026-07-22 12:08:55,36.8,TASK_FRAUD,84808.46,UPI,BANK_HDFC_SYNTH,NEW_DIGITAL,ZONE_SOUTH,11,2,REGISTERED
CMP-2026-03838,2026-07-24 14:47:50,2026-07-24 18:33:32,225.7,INVESTMENT_FRAUD,52501.0,UPI,BANK_HDFC_SYNTH,RURAL_REGIONAL,ZONE_WEST,14,4,REGISTERED
CMP-2026-03839,2026-03-19 11:25:17,2026-03-19 11:38:29,13.2,PHISHING_UPI,5703.39,NEFT,BANK_SBI_SYNTH,STANDARD,ZONE_WEST,11,3,REGISTERED
CMP-2026-03840,2026-05-16 20:02:34,2026-05-16 21:08:34,66.0,INVESTMENT_FRAUD,43233.28,UPI,BANK_SBI_SYNTH,STANDARD,ZONE_EAST,20,5,REGISTERED
CMP-2026-03841,2026-07-25 17:42:23,2026-07-25 18:05:05,22.7,PHISHING_UPI,21493.93,UPI,BANK_SBI_SYNTH,RURAL_REGIONAL,ZONE_CENTRAL,17,5,REGISTERED
CMP-2026-03842,2026-06-15 10:55:46,2026-06-15 11:44:22,48.6,INVESTMENT_FRAUD,175606.28,UPI,BANK_AXIS_SYNTH,NEW_DIGITAL,ZONE_SOUTH,10,0,REGISTERED
CMP-2026-03843,2026-07-05 22:29:05,2026-07-05 22:41:05,12.0,EXTORTION,16330.05,UPI,BANK_SBI_SYNTH,NEW_DIGITAL,ZONE_NORTH,22,6,REGISTERED
CMP-2026-03844,2026-05-13 06:06:15,2026-05-13 07:02:27,56.2,TASK_FRAUD,65051.05,UPI,BANK_SBI_SYNTH,STANDARD,ZONE_EAST,6,2,REGISTERED
CMP-2026-03845,2026-04-29 17:03:52,2026-04-29 17:34:58,31.1,TASK_FRAUD,97362.68,IMPS,BANK_ICIC_SYNTH,NEW_DIGITAL,ZONE_NORTH,17,2,REGISTERED
CMP-2026-03846,2026-05-05 10:33:17,2026-05-05 11:01:11,27.9,PHISHING_UPI,57873.06,UPI,BANK_ICIC_SYNTH,STANDARD,ZONE_EAST,10,1,REGISTERED
CMP-2026-03847,2026-04-01 12:45:12,2026-04-01 12:57:12,12.0,PHISHING_UPI,11864.19,IMPS,BANK_SBI_SYNTH,NEW_DIGITAL,ZONE_NORTH,12,2,REGISTERED
CMP-2026-03848,2026-06-04 15:33:43,2026-06-04 16:05:25,31.7,PHISHING_UPI,49636.84,IMPS,BANK_SBI_SYNTH,NEW_DIGITAL,ZONE_NORTH,15,3,REGISTERED
CMP-2026-03849,2026-07-05 20:38:16,2026-07-05 21:10:22,32.1,INVESTMENT_FRAUD,85461.16,IMPS,BANK_HDFC_SYNTH,RURAL_REGIONAL,ZONE_CENTRAL,20,6,REGISTERED
CMP-2026-03850,2026-03-01 16:12:42,2026-03-01 16:59:48,47.1,TASK_FRAUD,35207.88,IMPS,BANK_ICIC_SYNTH,NEW_DIGITAL,ZONE_EAST,16,6,REGISTERED
CMP-2026-03851,2026-06-18 18:10:52,2026-06-18 19:01:16,50.4,LOAN_SCAM,13990.89,NEFT,BANK_SBI_SYNTH,NEW_DIGITAL,ZONE_EAST,18,3,REGISTERED
CMP-2026-03852,2026-08-13 13:53:27,2026-08-13 14:20:57,27.5,PHISHING_UPI,19412.49,UPI,BANK_ICIC_SYNTH,NEW_DIGITAL,ZONE_WEST,13,3,REGISTERED
CMP-2026-03853,2026-05-18 11:09:05,2026-05-18 11:40:17,31.2,INVESTMENT_FRAUD,83235.25,UPI,BANK_HDFC_SYNTH,STANDARD,ZONE_EAST,11,0,REGISTERED
CMP-2026-03854,2026-06-03 11:53:08,2026-06-03 12:48:32,55.4,TASK_FRAUD,75836.04,UPI,BANK_PNB_SYNTH,NEW_DIGITAL,ZONE_CENTRAL,11,2,REGISTERED
CMP-2026-03855,2026-03-04 10:03:17,2026-03-04 11:30:29,87.2,LOAN_SCAM,13676.02,NEFT,BANK_HDFC_SYNTH,RURAL_REGIONAL,ZONE_CENTRAL,10,2,REGISTERED
CMP-2026-03856,2026-03-19 14:21:40,2026-03-19 15:04:28,42.8,INVESTMENT_FRAUD,139316.13,UPI,BANK_ICIC_SYNTH,NEW_DIGITAL,ZONE_WEST,14,3,REGISTERED
CMP-2026-03857,2026-07-22 14:03:28,2026-07-22 14:15:28,12.0,TASK_FRAUD,72216.85,UPI,BANK_ICIC_SYNTH,RURAL_REGIONAL,ZONE_CENTRAL,14,2,REGISTERED
CMP-2026-03858,2026-04-15 22:01:47,2026-04-15 22:28:17,26.5,PHISHING_UPI,19478.91,IMPS,BANK_SBI_SYNTH,NEW_DIGITAL,ZONE_CENTRAL,22,2,REGISTERED
CMP-2026-03859,2026-06-06 16:35:04,2026-06-06 17:36:28,61.4,LOAN_SCAM,9658.91,NEFT,BANK_HDFC_SYNTH,NEW_DIGITAL,ZONE_CENTRAL,16,5,REGISTERED
CMP-2026-03860,2026-06-10 16:44:54,2026-06-10 17:04:00,19.1,PHISHING_UPI,54044.65,IMPS,BANK_HDFC_SYNTH,RURAL_REGIONAL,ZONE_EAST,16,2,REGISTERED
CMP-2026-03861,2026-04-26 12:42:45,2026-04-26 13:32:09,49.4,TASK_FRAUD,28047.18,NEFT,BANK_SBI_SYNTH,NEW_DIGITAL,ZONE_EAST,12,6,REGISTERED
CMP-2026-03862,2026-06-18 08:32:02,2026-06-18 10:05:26,93.4,EXTORTION,35044.61,UPI,BANK_SBI_SYNTH,NEW_DIGITAL,ZONE_CENTRAL,8,3,REGISTERED
CMP-2026-03863,2026-06-25 20:38:52,2026-06-25 21:02:46,23.9,INVESTMENT_FRAUD,175634.26,UPI,BANK_HDFC_SYNTH,NEW_DIGITAL,ZONE_CENTRAL,20,3,REGISTERED
CMP-2026-03864,2026-06-04 07:31:40,2026-06-04 07:46:22,14.7,PHISHING_UPI,41114.5,IMPS,BANK_SBI_SYNTH,NEW_DIGITAL,ZONE_NORTH,7,3,REGISTERED
CMP-2026-03865,2026-06-15 14:43:07,2026-06-15 15:01:43,18.6,EXTORTION,21415.95,IMPS,BANK_ICIC_SYNTH,NEW_DIGITAL,ZONE_NORTH,14,0,REGISTERED
CMP-2026-03866,2026-07-13 06:06:26,2026-07-13 07:23:38,77.2,INVESTMENT_FRAUD,60295.88,UPI,BANK_HDFC_SYNTH,RURAL_REGIONAL,ZONE_SOUTH,6,0,REGISTERED
CMP-2026-03867,2026-08-19 03:09:13,2026-08-19 03:46:13,37.0,TASK_FRAUD,82081.11,UPI,BANK_ICIC_SYNTH,STANDARD,ZONE_EAST,3,2,REGISTERED
CMP-2026-03868,2026-05-27 13:36:17,2026-05-27 13:56:47,20.5,INVESTMENT_FRAUD,130286.03,IMPS,BANK_PNB_SYNTH,STANDARD,ZONE_WEST,13,2,REGISTERED
CMP-2026-03869,2026-07-16 13:27:11,2026-07-16 13:55:11,28.0,TASK_FRAUD,27692.94,UPI,BANK_HDFC_SYNTH,RURAL_REGIONAL,ZONE_WEST,13,3,REGISTERED
CMP-2026-03870,2026-06-13 23:58:07,2026-06-14 00:26:13,28.1,TASK_FRAUD,86762.91,IMPS,BANK_HDFC_SYNTH,STANDARD,ZONE_CENTRAL,23,5,REGISTERED
CMP-2026-03871,2026-05-20 14:00:04,2026-05-20 14:14:28,14.4,INVESTMENT_FRAUD,184640.52,UPI,BANK_SBI_SYNTH,RURAL_REGIONAL,ZONE_SOUTH,14,2,REGISTERED
CMP-2026-03872,2026-03-30 15:27:54,2026-03-30 17:05:00,97.1,EXTORTION,36551.12,IMPS,BANK_ICIC_SYNTH,NEW_DIGITAL,ZONE_EAST,15,0,REGISTERED
CMP-2026-03873,2026-06-27 19:01:13,2026-06-27 19:45:19,44.1,INVESTMENT_FRAUD,37926.89,NEFT,BANK_SBI_SYNTH,NEW_DIGITAL,ZONE_CENTRAL,19,5,REGISTERED
CMP-2026-03874,2026-06-06 20:10:06,2026-06-06 20:46:54,36.8,TASK_FRAUD,39448.67,UPI,BANK_SBI_SYNTH,RURAL_REGIONAL,ZONE_WEST,20,5,REGISTERED
CMP-2026-03875,2026-07-30 17:42:42,2026-07-30 18:40:48,58.1,LOAN_SCAM,10261.06,IMPS,BANK_HDFC_SYNTH,NEW_DIGITAL,ZONE_EAST,17,3,REGISTERED
CMP-2026-03876,2026-03-18 10:59:57,2026-03-18 11:13:03,13.1,PHISHING_UPI,52314.46,UPI,BANK_HDFC_SYNTH,STANDARD,ZONE_NORTH,10,2,REGISTERED
CMP-2026-03877,2026-08-17 16:51:05,2026-08-17 17:18:53,27.8,INVESTMENT_FRAUD,93180.9,IMPS,BANK_SBI_SYNTH,NEW_DIGITAL,ZONE_CENTRAL,16,0,REGISTERED
CMP-2026-03878,2026-08-09 09:05:28,2026-08-09 09:28:10,22.7,EXTORTION,42854.28,NEFT,BANK_ICIC_SYNTH,NEW_DIGITAL,ZONE_SOUTH,9,6,REGISTERED
CMP-2026-03879,2026-07-10 16:34:32,2026-07-10 19:03:50,149.3,INVESTMENT_FRAUD,39654.42,NEFT,BANK_ICIC_SYNTH,NEW_DIGITAL,ZONE_EAST,16,4,REGISTERED
CMP-2026-03880,2026-08-15 11:32:01,2026-08-15 11:59:55,27.9,PHISHING_UPI,11268.53,UPI,BANK_SBI_SYNTH,RURAL_REGIONAL,ZONE_NORTH,11,5,REGISTERED
CMP-2026-03881,2026-08-22 22:59:25,2026-08-22 23:17:31,18.1,TASK_FRAUD,43307.05,UPI,BANK_SBI_SYNTH,NEW_DIGITAL,ZONE_NORTH,22,5,REGISTERED
CMP-2026-03882,2026-04-24 18:08:10,2026-04-24 18:49:28,41.3,TASK_FRAUD,48274.42,UPI,BANK_AXIS_SYNTH,RURAL_REGIONAL,ZONE_NORTH,18,4,REGISTERED
CMP-2026-03883,2026-08-18 23:56:22,2026-08-19 00:41:16,44.9,INVESTMENT_FRAUD,194903.53,UPI,BANK_AXIS_SYNTH,STANDARD,ZONE_SOUTH,23,1,REGISTERED
CMP-2026-03884,2026-06-11 13:28:32,2026-06-11 13:43:56,15.4,PHISHING_UPI,59188.79,UPI,BANK_ICIC_SYNTH,STANDARD,ZONE_EAST,13,3,REGISTERED
CMP-2026-03885,2026-06-06 19:03:51,2026-06-06 20:51:15,107.4,LOAN_SCAM,23565.55,UPI,BANK_AXIS_SYNTH,RURAL_REGIONAL,ZONE_CENTRAL,19,5,REGISTERED
CMP-2026-03886,2026-05-15 09:20:30,2026-05-15 11:22:54,122.4,TASK_FRAUD,25665.92,UPI,BANK_PNB_SYNTH,RURAL_REGIONAL,ZONE_WEST,9,4,REGISTERED
CMP-2026-03887,2026-07-30 19:24:36,2026-07-30 19:41:30,16.9,TASK_FRAUD,38603.68,NEFT,BANK_AXIS_SYNTH,NEW_DIGITAL,ZONE_NORTH,19,3,REGISTERED
CMP-2026-03888,2026-06-25 23:05:59,2026-06-25 23:36:53,30.9,TASK_FRAUD,93976.01,IMPS,BANK_ICIC_SYNTH,NEW_DIGITAL,ZONE_CENTRAL,23,3,REGISTERED
CMP-2026-03889,2026-06-30 11:37:17,2026-06-30 12:06:35,29.3,TASK_FRAUD,87047.02,IMPS,BANK_ICIC_SYNTH,STANDARD,ZONE_SOUTH,11,1,REGISTERED
CMP-2026-03890,2026-06-09 18:32:09,2026-06-09 20:14:45,102.6,EXTORTION,46969.51,UPI,BANK_HDFC_SYNTH,NEW_DIGITAL,ZONE_WEST,18,1,REGISTERED
CMP-2026-03891,2026-06-13 20:42:59,2026-06-13 21:45:35,62.6,INVESTMENT_FRAUD,141849.15,NEFT,BANK_AXIS_SYNTH,NEW_DIGITAL,ZONE_EAST,20,5,REGISTERED
CMP-2026-03892,2026-06-28 20:03:17,2026-06-28 20:43:35,40.3,INVESTMENT_FRAUD,133111.95,IMPS,BANK_HDFC_SYNTH,RURAL_REGIONAL,ZONE_CENTRAL,20,6,REGISTERED
CMP-2026-03893,2026-04-11 13:07:16,2026-04-11 13:39:40,32.4,PHISHING_UPI,33532.45,IMPS,BANK_SBI_SYNTH,NEW_DIGITAL,ZONE_NORTH,13,5,REGISTERED
CMP-2026-03894,2026-03-16 08:37:27,2026-03-16 10:16:15,98.8,INVESTMENT_FRAUD,195038.69,UPI,BANK_HDFC_SYNTH,STANDARD,ZONE_EAST,8,0,REGISTERED
CMP-2026-03895,2026-03-08 21:57:35,2026-03-08 22:09:47,12.2,PHISHING_UPI,28214.42,UPI,BANK_HDFC_SYNTH,NEW_DIGITAL,ZONE_WEST,21,6,REGISTERED
CMP-2026-03896,2026-05-27 19:43:57,2026-05-27 20:27:57,44.0,LOAN_SCAM,33803.42,NEFT,BANK_ICIC_SYNTH,RURAL_REGIONAL,ZONE_CENTRAL,19,2,REGISTERED
CMP-2026-03897,2026-04-29 18:24:22,2026-04-29 19:02:58,38.6,TASK_FRAUD,49863.05,UPI,BANK_HDFC_SYNTH,STANDARD,ZONE_WEST,18,2,REGISTERED
CMP-2026-03898,2026-06-13 11:54:51,2026-06-13 12:21:51,27.0,INVESTMENT_FRAUD,151388.2,UPI,BANK_SBI_SYNTH,RURAL_REGIONAL,ZONE_EAST,11,5,REGISTERED
CMP-2026-03899,2026-04-02 15:40:02,2026-04-02 16:02:14,22.2,EXTORTION,45204.19,NEFT,BANK_PNB_SYNTH,NEW_DIGITAL,ZONE_CENTRAL,15,3,REGISTERED
CMP-2026-03900,2026-08-14 11:44:40,2026-08-14 12:21:58,37.3,INVESTMENT_FRAUD,145660.11,UPI,BANK_ICIC_SYNTH,RURAL_REGIONAL,ZONE_SOUTH,11,4,REGISTERED
CMP-2026-03901,2026-05-09 11:15:46,2026-05-09 11:46:46,31.0,PHISHING_UPI,57617.7,UPI,BANK_SBI_SYNTH,NEW_DIGITAL,ZONE_NORTH,11,5,REGISTERED
CMP-2026-03902,2026-05-21 16:19:09,2026-05-21 17:00:15,41.1,INVESTMENT_FRAUD,63855.91,NEFT,BANK_SBI_SYNTH,NEW_DIGITAL,ZONE_WEST,16,3,REGISTERED
CMP-2026-03903,2026-04-30 09:24:09,2026-04-30 09:36:09,12.0,EXTORTION,42577.81,NEFT,BANK_ICIC_SYNTH,NEW_DIGITAL,ZONE_NORTH,9,3,REGISTERED
CMP-2026-03904,2026-04-13 22:40:26,2026-04-13 23:12:44,32.3,PHISHING_UPI,14640.25,UPI,BANK_SBI_SYNTH,STANDARD,ZONE_WEST,22,0,REGISTERED
CMP-2026-03905,2026-03-01 11:36:50,2026-03-01 12:39:20,62.5,INVESTMENT_FRAUD,47753.35,NEFT,BANK_SBI_SYNTH,NEW_DIGITAL,ZONE_NORTH,11,6,REGISTERED
CMP-2026-03906,2026-06-04 15:32:14,2026-06-04 16:24:26,52.2,TASK_FRAUD,66849.92,UPI,BANK_SBI_SYNTH,RURAL_REGIONAL,ZONE_EAST,15,3,REGISTERED
CMP-2026-03907,2026-03-25 12:16:25,2026-03-25 12:59:13,42.8,TASK_FRAUD,34215.58,IMPS,BANK_ICIC_SYNTH,RURAL_REGIONAL,ZONE_NORTH,12,2,REGISTERED
CMP-2026-03908,2026-06-17 12:04:27,2026-06-17 12:42:39,38.2,TASK_FRAUD,40012.1,NEFT,BANK_ICIC_SYNTH,NEW_DIGITAL,ZONE_EAST,12,2,REGISTERED
CMP-2026-03909,2026-03-14 08:53:07,2026-03-14 09:12:43,19.6,PHISHING_UPI,45125.12,IMPS,BANK_HDFC_SYNTH,RURAL_REGIONAL,ZONE_EAST,8,5,REGISTERED
CMP-2026-03910,2026-05-04 15:48:38,2026-05-04 16:22:44,34.1,TASK_FRAUD,54089.4,UPI,BANK_SBI_SYNTH,RURAL_REGIONAL,ZONE_SOUTH,15,0,REGISTERED
CMP-2026-03911,2026-08-27 16:55:13,2026-08-27 17:16:55,21.7,LOAN_SCAM,37306.28,NEFT,BANK_HDFC_SYNTH,NEW_DIGITAL,ZONE_SOUTH,16,3,REGISTERED
CMP-2026-03912,2026-05-25 17:26:57,2026-05-25 17:57:09,30.2,PHISHING_UPI,17733.11,UPI,BANK_ICIC_SYNTH,STANDARD,ZONE_CENTRAL,17,0,REGISTERED
CMP-2026-03913,2026-08-24 08:02:58,2026-08-24 08:38:34,35.6,LOAN_SCAM,34530.32,UPI,BANK_PNB_SYNTH,STANDARD,ZONE_WEST,8,0,REGISTERED
CMP-2026-03914,2026-05-12 12:49:53,2026-05-12 14:02:59,73.1,INVESTMENT_FRAUD,46565.14,IMPS,BANK_SBI_SYNTH,STANDARD,ZONE_CENTRAL,12,1,REGISTERED
CMP-2026-03915,2026-05-04 10:17:48,2026-05-04 11:25:06,67.3,INVESTMENT_FRAUD,156264.24,UPI,BANK_HDFC_SYNTH,NEW_DIGITAL,ZONE_SOUTH,10,0,REGISTERED
CMP-2026-03916,2026-04-17 17:39:06,2026-04-17 18:00:24,21.3,PHISHING_UPI,29105.03,UPI,BANK_ICIC_SYNTH,NEW_DIGITAL,ZONE_EAST,17,4,REGISTERED
CMP-2026-03917,2026-08-05 13:44:18,2026-08-05 14:12:18,28.0,PHISHING_UPI,48130.12,UPI,BANK_ICIC_SYNTH,NEW_DIGITAL,ZONE_CENTRAL,13,2,REGISTERED
CMP-2026-03918,2026-05-12 17:04:30,2026-05-12 18:12:00,67.5,LOAN_SCAM,28154.0,NEFT,BANK_HDFC_SYNTH,NEW_DIGITAL,ZONE_WEST,17,1,REGISTERED
CMP-2026-03919,2026-08-09 23:59:47,2026-08-10 01:05:41,65.9,EXTORTION,27067.84,UPI,BANK_SBI_SYNTH,RURAL_REGIONAL,ZONE_CENTRAL,23,6,REGISTERED
CMP-2026-03920,2026-07-05 14:38:34,2026-07-05 15:06:22,27.8,PHISHING_UPI,10424.54,NEFT,BANK_AXIS_SYNTH,STANDARD,ZONE_CENTRAL,14,6,REGISTERED
CMP-2026-03921,2026-08-20 10:46:00,2026-08-20 11:14:36,28.6,INVESTMENT_FRAUD,86262.54,IMPS,BANK_PNB_SYNTH,STANDARD,ZONE_NORTH,10,3,REGISTERED
CMP-2026-03922,2026-05-23 18:35:09,2026-05-23 19:42:57,67.8,INVESTMENT_FRAUD,149991.23,UPI,BANK_SBI_SYNTH,STANDARD,ZONE_EAST,18,5,REGISTERED
CMP-2026-03923,2026-05-19 12:26:33,2026-05-19 12:54:51,28.3,TASK_FRAUD,97742.27,NEFT,BANK_ICIC_SYNTH,STANDARD,ZONE_NORTH,12,1,REGISTERED
CMP-2026-03924,2026-03-19 12:14:53,2026-03-19 12:37:05,22.2,PHISHING_UPI,46236.8,UPI,BANK_ICIC_SYNTH,NEW_DIGITAL,ZONE_EAST,12,3,REGISTERED
CMP-2026-03925,2026-08-13 11:40:24,2026-08-13 12:34:12,53.8,TASK_FRAUD,48267.83,IMPS,BANK_HDFC_SYNTH,NEW_DIGITAL,ZONE_CENTRAL,11,3,REGISTERED
CMP-2026-03926,2026-06-07 13:39:42,2026-06-07 13:56:18,16.6,TASK_FRAUD,36640.57,IMPS,BANK_SBI_SYNTH,NEW_DIGITAL,ZONE_NORTH,13,6,REGISTERED
CMP-2026-03927,2026-06-13 11:44:39,2026-06-13 12:08:39,24.0,PHISHING_UPI,23118.11,IMPS,BANK_SBI_SYNTH,STANDARD,ZONE_NORTH,11,5,REGISTERED
CMP-2026-03928,2026-05-08 18:19:44,2026-05-08 18:52:38,32.9,EXTORTION,22309.81,NEFT,BANK_SBI_SYNTH,NEW_DIGITAL,ZONE_SOUTH,18,4,REGISTERED
CMP-2026-03929,2026-03-17 14:21:37,2026-03-17 15:44:19,82.7,LOAN_SCAM,24866.71,IMPS,BANK_PNB_SYNTH,NEW_DIGITAL,ZONE_NORTH,14,1,REGISTERED
CMP-2026-03930,2026-07-23 13:03:07,2026-07-23 14:37:19,94.2,EXTORTION,48819.72,UPI,BANK_HDFC_SYNTH,RURAL_REGIONAL,ZONE_SOUTH,13,3,REGISTERED
CMP-2026-03931,2026-07-09 10:43:11,2026-07-09 11:02:47,19.6,PHISHING_UPI,13090.17,UPI,BANK_ICIC_SYNTH,NEW_DIGITAL,ZONE_CENTRAL,10,3,REGISTERED
CMP-2026-03932,2026-04-14 12:59:24,2026-04-14 13:21:12,21.8,PHISHING_UPI,57026.8,UPI,BANK_HDFC_SYNTH,STANDARD,ZONE_EAST,12,1,REGISTERED
CMP-2026-03933,2026-03-09 06:07:04,2026-03-09 06:43:04,36.0,LOAN_SCAM,9140.03,UPI,BANK_ICIC_SYNTH,NEW_DIGITAL,ZONE_EAST,6,0,REGISTERED
CMP-2026-03934,2026-07-01 06:03:14,2026-07-01 08:12:56,129.7,INVESTMENT_FRAUD,97966.2,UPI,BANK_PNB_SYNTH,RURAL_REGIONAL,ZONE_CENTRAL,6,2,REGISTERED
CMP-2026-03935,2026-06-05 18:49:35,2026-06-05 19:23:59,34.4,EXTORTION,45542.96,NEFT,BANK_PNB_SYNTH,NEW_DIGITAL,ZONE_CENTRAL,18,4,REGISTERED
CMP-2026-03936,2026-04-14 23:45:41,2026-04-15 00:33:59,48.3,INVESTMENT_FRAUD,129509.29,UPI,BANK_AXIS_SYNTH,RURAL_REGIONAL,ZONE_SOUTH,23,1,REGISTERED
CMP-2026-03937,2026-04-28 22:38:03,2026-04-28 23:24:15,46.2,TASK_FRAUD,71305.54,IMPS,BANK_SBI_SYNTH,NEW_DIGITAL,ZONE_EAST,22,1,REGISTERED
CMP-2026-03938,2026-03-09 20:38:41,2026-03-09 21:04:41,26.0,TASK_FRAUD,99260.49,IMPS,BANK_PNB_SYNTH,NEW_DIGITAL,ZONE_WEST,20,0,REGISTERED
CMP-2026-03939,2026-04-23 11:37:16,2026-04-23 13:13:22,96.1,INVESTMENT_FRAUD,122031.94,IMPS,BANK_HDFC_SYNTH,NEW_DIGITAL,ZONE_EAST,11,3,REGISTERED
CMP-2026-03940,2026-08-13 19:24:43,2026-08-13 19:36:43,12.0,PHISHING_UPI,6292.47,UPI,BANK_AXIS_SYNTH,STANDARD,ZONE_NORTH,19,3,REGISTERED
CMP-2026-03941,2026-07-20 12:47:55,2026-07-20 13:08:07,20.2,INVESTMENT_FRAUD,57305.72,UPI,BANK_ICIC_SYNTH,NEW_DIGITAL,ZONE_NORTH,12,0,REGISTERED
CMP-2026-03942,2026-05-17 13:26:03,2026-05-17 14:10:21,44.3,INVESTMENT_FRAUD,99419.76,UPI,BANK_HDFC_SYNTH,STANDARD,ZONE_SOUTH,13,6,REGISTERED
CMP-2026-03943,2026-04-17 18:00:52,2026-04-17 18:12:52,12.0,INVESTMENT_FRAUD,53963.34,IMPS,BANK_AXIS_SYNTH,NEW_DIGITAL,ZONE_SOUTH,18,4,REGISTERED
CMP-2026-03944,2026-08-03 14:31:48,2026-08-03 14:59:12,27.4,INVESTMENT_FRAUD,50122.35,UPI,BANK_SBI_SYNTH,NEW_DIGITAL,ZONE_NORTH,14,0,REGISTERED
CMP-2026-03945,2026-06-11 17:50:19,2026-06-11 18:39:07,48.8,INVESTMENT_FRAUD,103823.46,IMPS,BANK_HDFC_SYNTH,STANDARD,ZONE_NORTH,17,3,REGISTERED
CMP-2026-03946,2026-04-04 13:32:51,2026-04-04 15:08:03,95.2,INVESTMENT_FRAUD,174829.3,IMPS,BANK_SBI_SYNTH,NEW_DIGITAL,ZONE_SOUTH,13,5,REGISTERED
CMP-2026-03947,2026-03-24 11:54:50,2026-03-24 12:14:32,19.7,INVESTMENT_FRAUD,124973.2,UPI,BANK_SBI_SYNTH,STANDARD,ZONE_NORTH,11,1,REGISTERED
CMP-2026-03948,2026-08-05 17:50:08,2026-08-05 18:03:38,13.5,TASK_FRAUD,26272.92,UPI,BANK_PNB_SYNTH,RURAL_REGIONAL,ZONE_CENTRAL,17,2,REGISTERED
CMP-2026-03949,2026-04-03 11:26:21,2026-04-03 11:58:39,32.3,PHISHING_UPI,44812.68,UPI,BANK_SBI_SYNTH,NEW_DIGITAL,ZONE_WEST,11,4,REGISTERED
CMP-2026-03950,2026-03-20 10:40:21,2026-03-20 11:07:09,26.8,PHISHING_UPI,55146.91,UPI,BANK_AXIS_SYNTH,NEW_DIGITAL,ZONE_CENTRAL,10,4,REGISTERED
CMP-2026-03951,2026-03-10 11:44:59,2026-03-10 12:18:59,34.0,TASK_FRAUD,90614.92,UPI,BANK_AXIS_SYNTH,NEW_DIGITAL,ZONE_CENTRAL,11,1,REGISTERED
CMP-2026-03952,2026-08-02 20:07:11,2026-08-02 20:43:29,36.3,LOAN_SCAM,22802.71,UPI,BANK_SBI_SYNTH,NEW_DIGITAL,ZONE_NORTH,20,6,REGISTERED
CMP-2026-03953,2026-08-21 17:51:28,2026-08-21 18:21:04,29.6,TASK_FRAUD,63719.87,UPI,BANK_SBI_SYNTH,NEW_DIGITAL,ZONE_SOUTH,17,4,REGISTERED
CMP-2026-03954,2026-07-03 17:30:19,2026-07-03 17:44:19,14.0,PHISHING_UPI,29194.91,NEFT,BANK_PNB_SYNTH,STANDARD,ZONE_EAST,17,4,REGISTERED
CMP-2026-03955,2026-05-10 10:06:05,2026-05-10 10:56:47,50.7,LOAN_SCAM,14797.16,NEFT,BANK_HDFC_SYNTH,NEW_DIGITAL,ZONE_CENTRAL,10,6,REGISTERED
CMP-2026-03956,2026-08-11 14:54:32,2026-08-11 15:35:14,40.7,INVESTMENT_FRAUD,83870.75,NEFT,BANK_AXIS_SYNTH,RURAL_REGIONAL,ZONE_WEST,14,1,REGISTERED
CMP-2026-03957,2026-06-02 07:24:03,2026-06-02 07:56:21,32.3,EXTORTION,32114.77,NEFT,BANK_AXIS_SYNTH,NEW_DIGITAL,ZONE_SOUTH,7,1,REGISTERED
CMP-2026-03958,2026-06-14 12:25:30,2026-06-14 13:34:18,68.8,INVESTMENT_FRAUD,65635.8,UPI,BANK_ICIC_SYNTH,NEW_DIGITAL,ZONE_EAST,12,6,REGISTERED
CMP-2026-03959,2026-04-05 07:05:11,2026-04-05 07:51:23,46.2,TASK_FRAUD,26039.22,UPI,BANK_ICIC_SYNTH,STANDARD,ZONE_WEST,7,6,REGISTERED
CMP-2026-03960,2026-05-19 15:50:57,2026-05-19 16:49:33,58.6,INVESTMENT_FRAUD,43884.9,UPI,BANK_AXIS_SYNTH,STANDARD,ZONE_CENTRAL,15,1,REGISTERED
CMP-2026-03961,2026-05-20 10:45:26,2026-05-20 11:29:44,44.3,LOAN_SCAM,39709.07,UPI,BANK_SBI_SYNTH,NEW_DIGITAL,ZONE_WEST,10,2,REGISTERED
CMP-2026-03962,2026-06-23 17:27:04,2026-06-23 17:45:34,18.5,EXTORTION,30006.4,IMPS,BANK_SBI_SYNTH,RURAL_REGIONAL,ZONE_EAST,17,1,REGISTERED
CMP-2026-03963,2026-03-10 05:33:16,2026-03-10 06:06:46,33.5,PHISHING_UPI,50575.2,IMPS,BANK_HDFC_SYNTH,NEW_DIGITAL,ZONE_SOUTH,5,1,REGISTERED
CMP-2026-03964,2026-05-01 17:27:22,2026-05-01 18:29:52,62.5,INVESTMENT_FRAUD,103003.71,IMPS,BANK_HDFC_SYNTH,STANDARD,ZONE_CENTRAL,17,4,REGISTERED
CMP-2026-03965,2026-08-03 14:34:03,2026-08-03 15:29:15,55.2,INVESTMENT_FRAUD,119521.92,IMPS,BANK_SBI_SYNTH,STANDARD,ZONE_SOUTH,14,0,REGISTERED
CMP-2026-03966,2026-08-23 07:40:10,2026-08-23 07:52:10,12.0,PHISHING_UPI,9606.2,UPI,BANK_AXIS_SYNTH,NEW_DIGITAL,ZONE_WEST,7,6,REGISTERED
CMP-2026-03967,2026-08-18 14:11:19,2026-08-18 14:23:19,12.0,PHISHING_UPI,22758.05,UPI,BANK_SBI_SYNTH,NEW_DIGITAL,ZONE_WEST,14,1,REGISTERED
CMP-2026-03968,2026-05-30 15:56:16,2026-05-30 16:35:34,39.3,INVESTMENT_FRAUD,90822.19,UPI,BANK_HDFC_SYNTH,NEW_DIGITAL,ZONE_SOUTH,15,5,REGISTERED
CMP-2026-03969,2026-03-09 15:43:27,2026-03-09 16:17:21,33.9,TASK_FRAUD,33309.96,UPI,BANK_ICIC_SYNTH,RURAL_REGIONAL,ZONE_CENTRAL,15,0,REGISTERED
CMP-2026-03970,2026-04-21 17:29:21,2026-04-21 17:47:39,18.3,PHISHING_UPI,15440.95,UPI,BANK_SBI_SYNTH,STANDARD,ZONE_NORTH,17,1,REGISTERED
CMP-2026-03971,2026-07-31 12:04:07,2026-07-31 12:45:19,41.2,TASK_FRAUD,44395.6,UPI,BANK_PNB_SYNTH,STANDARD,ZONE_SOUTH,12,4,REGISTERED
CMP-2026-03972,2026-03-28 13:45:28,2026-03-28 14:22:28,37.0,INVESTMENT_FRAUD,177079.1,IMPS,BANK_AXIS_SYNTH,NEW_DIGITAL,ZONE_SOUTH,13,5,REGISTERED
CMP-2026-03973,2026-06-20 10:52:05,2026-06-20 11:11:29,19.4,TASK_FRAUD,54466.3,IMPS,BANK_HDFC_SYNTH,RURAL_REGIONAL,ZONE_EAST,10,5,REGISTERED
CMP-2026-03974,2026-04-13 08:18:41,2026-04-13 08:44:17,25.6,TASK_FRAUD,82551.42,IMPS,BANK_HDFC_SYNTH,NEW_DIGITAL,ZONE_NORTH,8,0,REGISTERED
CMP-2026-03975,2026-03-06 15:55:53,2026-03-06 16:41:59,46.1,EXTORTION,16632.47,UPI,BANK_HDFC_SYNTH,RURAL_REGIONAL,ZONE_SOUTH,15,4,REGISTERED
CMP-2026-03976,2026-07-02 04:52:04,2026-07-02 05:27:34,35.5,LOAN_SCAM,21530.37,UPI,BANK_ICIC_SYNTH,NEW_DIGITAL,ZONE_WEST,4,3,REGISTERED
CMP-2026-03977,2026-05-03 19:00:41,2026-05-03 19:59:47,59.1,INVESTMENT_FRAUD,179994.2,UPI,BANK_SBI_SYNTH,STANDARD,ZONE_CENTRAL,19,6,REGISTERED
CMP-2026-03978,2026-06-18 12:24:15,2026-06-18 12:44:33,20.3,PHISHING_UPI,20512.26,NEFT,BANK_SBI_SYNTH,NEW_DIGITAL,ZONE_SOUTH,12,3,REGISTERED
CMP-2026-03979,2026-04-15 19:45:40,2026-04-15 20:05:40,20.0,PHISHING_UPI,58694.53,IMPS,BANK_SBI_SYNTH,STANDARD,ZONE_SOUTH,19,2,REGISTERED
CMP-2026-03980,2026-07-21 14:14:20,2026-07-21 14:42:32,28.2,PHISHING_UPI,15185.71,UPI,BANK_ICIC_SYNTH,NEW_DIGITAL,ZONE_NORTH,14,1,REGISTERED
CMP-2026-03981,2026-04-18 18:57:14,2026-04-18 19:36:14,39.0,INVESTMENT_FRAUD,85564.07,IMPS,BANK_PNB_SYNTH,NEW_DIGITAL,ZONE_SOUTH,18,5,REGISTERED
CMP-2026-03982,2026-08-06 18:00:02,2026-08-06 18:13:08,13.1,PHISHING_UPI,11477.74,IMPS,BANK_HDFC_SYNTH,NEW_DIGITAL,ZONE_CENTRAL,18,3,REGISTERED
CMP-2026-03983,2026-08-03 20:50:40,2026-08-03 21:17:46,27.1,TASK_FRAUD,20504.4,NEFT,BANK_SBI_SYNTH,NEW_DIGITAL,ZONE_CENTRAL,20,0,REGISTERED
CMP-2026-03984,2026-05-11 13:30:32,2026-05-11 14:06:14,35.7,LOAN_SCAM,30965.78,UPI,BANK_SBI_SYNTH,NEW_DIGITAL,ZONE_WEST,13,0,REGISTERED
CMP-2026-03985,2026-07-30 16:22:11,2026-07-30 16:40:17,18.1,TASK_FRAUD,35647.41,UPI,BANK_ICIC_SYNTH,NEW_DIGITAL,ZONE_WEST,16,3,REGISTERED
CMP-2026-03986,2026-08-13 19:23:16,2026-08-13 19:36:28,13.2,PHISHING_UPI,46923.16,IMPS,BANK_ICIC_SYNTH,STANDARD,ZONE_CENTRAL,19,3,REGISTERED
CMP-2026-03987,2026-07-27 15:13:52,2026-07-27 16:30:52,77.0,LOAN_SCAM,23934.96,UPI,BANK_SBI_SYNTH,NEW_DIGITAL,ZONE_CENTRAL,15,0,REGISTERED
CMP-2026-03988,2026-07-02 21:30:38,2026-07-02 22:08:50,38.2,INVESTMENT_FRAUD,189280.22,IMPS,BANK_ICIC_SYNTH,NEW_DIGITAL,ZONE_WEST,21,3,REGISTERED
CMP-2026-03989,2026-06-08 23:00:41,2026-06-08 23:19:41,19.0,EXTORTION,10973.15,IMPS,BANK_AXIS_SYNTH,RURAL_REGIONAL,ZONE_NORTH,23,0,REGISTERED
CMP-2026-03990,2026-04-13 10:38:07,2026-04-13 12:06:13,88.1,INVESTMENT_FRAUD,165495.78,IMPS,BANK_HDFC_SYNTH,RURAL_REGIONAL,ZONE_NORTH,10,0,REGISTERED
CMP-2026-03991,2026-08-20 12:32:42,2026-08-20 13:38:18,65.6,LOAN_SCAM,23095.57,UPI,BANK_SBI_SYNTH,NEW_DIGITAL,ZONE_NORTH,12,3,REGISTERED
CMP-2026-03992,2026-07-23 13:36:37,2026-07-23 15:21:49,105.2,INVESTMENT_FRAUD,52547.53,NEFT,BANK_SBI_SYNTH,NEW_DIGITAL,ZONE_EAST,13,3,REGISTERED
CMP-2026-03993,2026-07-16 18:38:03,2026-07-16 19:04:39,26.6,INVESTMENT_FRAUD,185310.75,IMPS,BANK_PNB_SYNTH,NEW_DIGITAL,ZONE_EAST,18,3,REGISTERED
CMP-2026-03994,2026-05-26 19:44:08,2026-05-26 20:16:56,32.8,PHISHING_UPI,34100.8,NEFT,BANK_PNB_SYNTH,NEW_DIGITAL,ZONE_EAST,19,1,REGISTERED
CMP-2026-03995,2026-03-19 07:53:28,2026-03-19 08:20:22,26.9,TASK_FRAUD,76868.03,UPI,BANK_SBI_SYNTH,NEW_DIGITAL,ZONE_EAST,7,3,REGISTERED
CMP-2026-03996,2026-05-07 14:02:51,2026-05-07 14:15:51,13.0,INVESTMENT_FRAUD,129755.23,UPI,BANK_PNB_SYNTH,NEW_DIGITAL,ZONE_SOUTH,14,3,REGISTERED
CMP-2026-03997,2026-07-06 16:11:17,2026-07-06 16:23:17,12.0,TASK_FRAUD,21014.28,UPI,BANK_SBI_SYNTH,STANDARD,ZONE_EAST,16,0,REGISTERED
CMP-2026-03998,2026-07-28 09:41:14,2026-07-28 11:34:20,113.1,INVESTMENT_FRAUD,74547.64,IMPS,BANK_SBI_SYNTH,STANDARD,ZONE_CENTRAL,9,1,REGISTERED
CMP-2026-03999,2026-06-02 22:15:36,2026-06-02 22:53:24,37.8,TASK_FRAUD,25468.04,IMPS,BANK_SBI_SYNTH,STANDARD,ZONE_CENTRAL,22,1,REGISTERED
CMP-2026-04000,2026-08-23 10:41:42,2026-08-23 11:12:36,30.9,TASK_FRAUD,67146.34,UPI,BANK_AXIS_SYNTH,NEW_DIGITAL,ZONE_SOUTH,10,6,REGISTERED
